"chr","pos","score","method"
"chr1",83832,1.526,"xpclr"
"chr1",167833,1.356,"xpclr"
"chr1",251833,1.505,"xpclr"
"chr1",335833,2.481,"xpclr"
"chr1",419834,2.577,"xpclr"
"chr1",503834,2.947,"xpclr"
"chr1",587834,3.139,"xpclr"
"chr1",671835,2.3,"xpclr"
"chr1",755835,2.624,"xpclr"
"chr1",839835,2.315,"xpclr"
"chr1",923836,1.566,"xpclr"
"chr1",1007836,1.433,"xpclr"
"chr1",1091836,1.439,"xpclr"
"chr1",1175837,1.929,"xpclr"
"chr1",1259837,2.044,"xpclr"
"chr1",1343837,2.031,"xpclr"
"chr1",1427838,1.22,"xpclr"
"chr1",1511838,1.006,"xpclr"
"chr1",1595838,0.909,"xpclr"
"chr1",1679839,0.813,"xpclr"
"chr1",1763839,0.67,"xpclr"
"chr1",1847839,0.733,"xpclr"
"chr1",1931840,1.811,"xpclr"
"chr1",2015840,1.096,"xpclr"
"chr1",2099840,1.813,"xpclr"
"chr1",2183841,1.812,"xpclr"
"chr1",2267841,2.195,"xpclr"
"chr1",2351841,1.8,"xpclr"
"chr1",2435842,1.832,"xpclr"
"chr1",2519842,1.962,"xpclr"
"chr1",2603842,2.859,"xpclr"
"chr1",2687843,3.723,"xpclr"
"chr1",2771843,3.432,"xpclr"
"chr1",2855843,4.343,"xpclr"
"chr1",2939844,3.492,"xpclr"
"chr1",3023844,2.519,"xpclr"
"chr1",3107844,1.764,"xpclr"
"chr1",3191845,1.16,"xpclr"
"chr1",3275845,1.609,"xpclr"
"chr1",3359845,1.513,"xpclr"
"chr1",3443846,1.055,"xpclr"
"chr1",3527846,1.174,"xpclr"
"chr1",3611846,1.836,"xpclr"
"chr1",3695847,2.061,"xpclr"
"chr1",3779847,1.661,"xpclr"
"chr1",3863847,2.654,"xpclr"
"chr1",3947848,2.298,"xpclr"
"chr1",4031848,3.392,"xpclr"
"chr1",4115848,4.712,"xpclr"
"chr1",4199849,3.032,"xpclr"
"chr1",4283849,2.764,"xpclr"
"chr1",4367849,2.717,"xpclr"
"chr1",4451850,2.618,"xpclr"
"chr1",4535850,2.379,"xpclr"
"chr1",4619850,3.711,"xpclr"
"chr1",4703851,2.888,"xpclr"
"chr1",4787851,1.705,"xpclr"
"chr1",4871851,1.52,"xpclr"
"chr1",4955852,2.516,"xpclr"
"chr1",5039852,1.78,"xpclr"
"chr1",5123852,2.212,"xpclr"
"chr1",5207853,3.139,"xpclr"
"chr1",5291853,1.918,"xpclr"
"chr1",5375854,2.516,"xpclr"
"chr1",5459854,4.834,"xpclr"
"chr1",5543854,4.315,"xpclr"
"chr1",5627855,3.802,"xpclr"
"chr1",5711855,3.562,"xpclr"
"chr1",5795855,6.078,"xpclr"
"chr1",5879856,3.307,"xpclr"
"chr1",5963856,2.694,"xpclr"
"chr1",6047856,1.994,"xpclr"
"chr1",6131857,2.708,"xpclr"
"chr1",6215857,4.019,"xpclr"
"chr1",6299857,4.437,"xpclr"
"chr1",6383858,3.077,"xpclr"
"chr1",6467858,4.28,"xpclr"
"chr1",6551858,2.358,"xpclr"
"chr1",6635859,2.26,"xpclr"
"chr1",6719859,2.647,"xpclr"
"chr1",6803859,1.561,"xpclr"
"chr1",6887860,2.643,"xpclr"
"chr1",6971860,2.026,"xpclr"
"chr1",7055860,1.387,"xpclr"
"chr1",7139861,1.39,"xpclr"
"chr1",7223861,1.625,"xpclr"
"chr1",7307861,1.553,"xpclr"
"chr1",7391862,1.194,"xpclr"
"chr1",7475862,1.654,"xpclr"
"chr1",7559862,1.265,"xpclr"
"chr1",7643863,1.06,"xpclr"
"chr1",7727863,1.003,"xpclr"
"chr1",7811863,1.1,"xpclr"
"chr1",7895864,1.498,"xpclr"
"chr1",7979864,1.67,"xpclr"
"chr1",8063864,1.988,"xpclr"
"chr1",8147865,2.956,"xpclr"
"chr1",8231865,4.208,"xpclr"
"chr1",8315865,5.544,"xpclr"
"chr1",8399866,5.386,"xpclr"
"chr1",8483866,3.29,"xpclr"
"chr1",8567866,3.313,"xpclr"
"chr1",8651867,4.031,"xpclr"
"chr1",8735867,3.286,"xpclr"
"chr1",8819867,3.873,"xpclr"
"chr1",8903868,3.145,"xpclr"
"chr1",8987868,3.626,"xpclr"
"chr1",9071868,3.006,"xpclr"
"chr1",9155869,2.237,"xpclr"
"chr1",9239869,2.92,"xpclr"
"chr1",9323869,4.699,"xpclr"
"chr1",9407870,1.901,"xpclr"
"chr1",9491870,2.012,"xpclr"
"chr1",9575870,3.146,"xpclr"
"chr1",9659871,2.248,"xpclr"
"chr1",9743871,2.917,"xpclr"
"chr1",9827871,3.462,"xpclr"
"chr1",9911872,4.307,"xpclr"
"chr1",9995872,6.027,"xpclr"
"chr1",10079872,5.841,"xpclr"
"chr1",10163873,6.162,"xpclr"
"chr1",10247873,7.706,"xpclr"
"chr1",10331873,11.242,"xpclr"
"chr1",10415874,12.489,"xpclr"
"chr1",10499874,6.771,"xpclr"
"chr1",10583874,5.966,"xpclr"
"chr1",10667875,5.303,"xpclr"
"chr1",10751875,4.282,"xpclr"
"chr1",10835875,4.091,"xpclr"
"chr1",10919876,4.766,"xpclr"
"chr1",11003876,7.88,"xpclr"
"chr1",11087876,8.481,"xpclr"
"chr1",11171877,5.452,"xpclr"
"chr1",11255877,8.65,"xpclr"
"chr1",11339877,11.374,"xpclr"
"chr1",11423878,14.718,"xpclr"
"chr1",11507878,9.162,"xpclr"
"chr1",11591878,12.413,"xpclr"
"chr1",11675879,13.795,"xpclr"
"chr1",11759879,11.435,"xpclr"
"chr1",11843879,17.161,"xpclr"
"chr1",11927880,9.163,"xpclr"
"chr1",12011880,4.642,"xpclr"
"chr1",12095880,4.641,"xpclr"
"chr1",12179881,5.687,"xpclr"
"chr1",12263881,6.09,"xpclr"
"chr1",12347881,7.174,"xpclr"
"chr1",12431882,5.025,"xpclr"
"chr1",12515882,3.897,"xpclr"
"chr1",12599882,3.552,"xpclr"
"chr1",12683883,3.424,"xpclr"
"chr1",12767883,4.06,"xpclr"
"chr1",12851883,5.456,"xpclr"
"chr1",12935884,4.008,"xpclr"
"chr1",13019884,3.127,"xpclr"
"chr1",13103884,2.251,"xpclr"
"chr1",13187885,2.972,"xpclr"
"chr1",13271885,4.227,"xpclr"
"chr1",13355885,4.858,"xpclr"
"chr1",13439886,3.649,"xpclr"
"chr1",13523886,2.448,"xpclr"
"chr1",13607886,3.021,"xpclr"
"chr1",13691887,2.674,"xpclr"
"chr1",13775887,3.063,"xpclr"
"chr1",13859887,4.003,"xpclr"
"chr1",13943888,5.304,"xpclr"
"chr1",14027888,8.114,"xpclr"
"chr1",14111888,14.573,"xpclr"
"chr1",14195889,12.167,"xpclr"
"chr1",14279889,13.69,"xpclr"
"chr1",14363889,11.957,"xpclr"
"chr1",14447890,11.999,"xpclr"
"chr1",14531890,13.104,"xpclr"
"chr1",14615890,15.244,"xpclr"
"chr1",14699891,15.394,"xpclr"
"chr1",14783891,16.607,"xpclr"
"chr1",14867891,20.082,"xpclr"
"chr1",14951892,23.848,"xpclr"
"chr1",15035892,28.146,"xpclr"
"chr1",15119892,30.321,"xpclr"
"chr1",15203893,31.214,"xpclr"
"chr1",15287893,34.703,"xpclr"
"chr1",15371893,37.631,"xpclr"
"chr1",15455894,41.115,"xpclr"
"chr1",15539894,41.205,"xpclr"
"chr1",15623894,41.368,"xpclr"
"chr1",15707895,42.548,"xpclr"
"chr1",15791895,44.974,"xpclr"
"chr1",15875896,45.144,"xpclr"
"chr1",15959896,46.72,"xpclr"
"chr1",16043896,44.993,"xpclr"
"chr1",16127897,43.265,"xpclr"
"chr1",16211897,41.877,"xpclr"
"chr1",16295897,40.484,"xpclr"
"chr1",16379898,38.001,"xpclr"
"chr1",16463898,35.649,"xpclr"
"chr1",16547898,32.809,"xpclr"
"chr1",16631899,29.93,"xpclr"
"chr1",16715899,27.3,"xpclr"
"chr1",16799899,24.837,"xpclr"
"chr1",16883900,22.374,"xpclr"
"chr1",16967900,19.585,"xpclr"
"chr1",17051900,17.023,"xpclr"
"chr1",17135901,14.682,"xpclr"
"chr1",17219901,12.754,"xpclr"
"chr1",17303901,11.161,"xpclr"
"chr1",17387902,10.29,"xpclr"
"chr1",17471902,8.592,"xpclr"
"chr1",17555902,7.535,"xpclr"
"chr1",17639903,6.225,"xpclr"
"chr1",17723903,5.717,"xpclr"
"chr1",17807903,4.541,"xpclr"
"chr1",17891904,4.452,"xpclr"
"chr1",17975904,3.778,"xpclr"
"chr1",18059904,3.417,"xpclr"
"chr1",18143905,2.78,"xpclr"
"chr1",18227905,3.455,"xpclr"
"chr1",18311905,4.882,"xpclr"
"chr1",18395906,5.154,"xpclr"
"chr1",18479906,4.809,"xpclr"
"chr1",18563906,5.187,"xpclr"
"chr1",18647907,6.705,"xpclr"
"chr1",18731907,6.236,"xpclr"
"chr1",18815907,4.058,"xpclr"
"chr1",18899908,4.172,"xpclr"
"chr1",18983908,4.775,"xpclr"
"chr1",19067908,4.001,"xpclr"
"chr1",19151909,3.146,"xpclr"
"chr1",19235909,2.644,"xpclr"
"chr1",19319909,4.915,"xpclr"
"chr1",19403910,5.225,"xpclr"
"chr1",19487910,3.812,"xpclr"
"chr1",19571910,2.52,"xpclr"
"chr1",19655911,1.727,"xpclr"
"chr1",19739911,2.921,"xpclr"
"chr1",19823911,3.217,"xpclr"
"chr1",19907912,5.358,"xpclr"
"chr1",19991912,8.384,"xpclr"
"chr1",20075912,4.318,"xpclr"
"chr1",20159913,4.872,"xpclr"
"chr1",20243913,3.986,"xpclr"
"chr1",20327913,2.216,"xpclr"
"chr1",20411914,3.352,"xpclr"
"chr1",20495914,3.42,"xpclr"
"chr1",20579914,5.642,"xpclr"
"chr1",20663915,6.448,"xpclr"
"chr1",20747915,3.487,"xpclr"
"chr1",20831915,2.731,"xpclr"
"chr1",20915916,3.754,"xpclr"
"chr1",20999916,4.483,"xpclr"
"chr1",21083916,2.349,"xpclr"
"chr1",21167917,3.866,"xpclr"
"chr1",21251917,4.423,"xpclr"
"chr1",21335917,4.754,"xpclr"
"chr1",21419918,2.64,"xpclr"
"chr1",21503918,2.92,"xpclr"
"chr1",21587918,2.208,"xpclr"
"chr1",21671919,1.163,"xpclr"
"chr1",21755919,1.211,"xpclr"
"chr1",21839919,1.417,"xpclr"
"chr1",21923920,1.287,"xpclr"
"chr1",22007920,3.72,"xpclr"
"chr1",22091920,2.643,"xpclr"
"chr1",22175921,4.386,"xpclr"
"chr1",22259921,4.833,"xpclr"
"chr1",22343921,3.232,"xpclr"
"chr1",22427922,2.149,"xpclr"
"chr1",22511922,1.78,"xpclr"
"chr1",22595922,2.041,"xpclr"
"chr1",22679923,3.3,"xpclr"
"chr1",22763923,2.62,"xpclr"
"chr1",22847923,3.472,"xpclr"
"chr1",22931924,4.624,"xpclr"
"chr1",23015924,3.657,"xpclr"
"chr1",23099924,2.185,"xpclr"
"chr1",23183925,1.568,"xpclr"
"chr1",23267925,1.913,"xpclr"
"chr1",23351925,3.2,"xpclr"
"chr1",23435926,1.471,"xpclr"
"chr1",23519926,2.947,"xpclr"
"chr1",23603926,2.961,"xpclr"
"chr1",23687927,2.468,"xpclr"
"chr1",23771927,2.469,"xpclr"
"chr1",23855927,3.071,"xpclr"
"chr1",23939928,4.197,"xpclr"
"chr1",24023928,5.877,"xpclr"
"chr1",24107928,4.133,"xpclr"
"chr1",24191929,2.699,"xpclr"
"chr1",24275929,1.329,"xpclr"
"chr1",24359929,1.129,"xpclr"
"chr1",24443930,2.322,"xpclr"
"chr1",24527930,2.306,"xpclr"
"chr1",24611930,1.511,"xpclr"
"chr1",24695931,1.303,"xpclr"
"chr1",24779931,1.068,"xpclr"
"chr1",24863931,0.683,"xpclr"
"chr1",24947932,0.8,"xpclr"
"chr1",25031932,0.963,"xpclr"
"chr1",25115932,1.021,"xpclr"
"chr1",25199933,0.669,"xpclr"
"chr1",25283933,0.724,"xpclr"
"chr1",25367933,0.481,"xpclr"
"chr1",25451934,0.364,"xpclr"
"chr1",25535934,0.367,"xpclr"
"chr1",25619934,0.601,"xpclr"
"chr1",25703935,1.044,"xpclr"
"chr1",25787935,1.218,"xpclr"
"chr1",25871935,1.071,"xpclr"
"chr1",25955936,0.678,"xpclr"
"chr1",26039936,0.8,"xpclr"
"chr1",26123936,0.488,"xpclr"
"chr1",26207937,0.697,"xpclr"
"chr1",26291937,1.395,"xpclr"
"chr1",26375938,1.267,"xpclr"
"chr1",26459938,2.294,"xpclr"
"chr1",26543938,2.745,"xpclr"
"chr1",26627939,4.056,"xpclr"
"chr1",26711939,4.173,"xpclr"
"chr1",26795939,3.562,"xpclr"
"chr1",26879940,4.695,"xpclr"
"chr1",26963940,5.111,"xpclr"
"chr1",27047940,7.496,"xpclr"
"chr1",27131941,6.593,"xpclr"
"chr1",27215941,8.014,"xpclr"
"chr1",27299941,10.292,"xpclr"
"chr1",27383942,9.931,"xpclr"
"chr1",27467942,12.015,"xpclr"
"chr1",27551942,13.249,"xpclr"
"chr1",27635943,15.351,"xpclr"
"chr1",27719943,17.94,"xpclr"
"chr1",27803943,18.424,"xpclr"
"chr1",27887944,19.72,"xpclr"
"chr1",27971944,21.365,"xpclr"
"chr1",28055944,19.866,"xpclr"
"chr1",28139945,19.763,"xpclr"
"chr1",28223945,20.875,"xpclr"
"chr1",28307945,23.523,"xpclr"
"chr1",28391946,22.612,"xpclr"
"chr1",28475946,19.433,"xpclr"
"chr1",28559946,18.863,"xpclr"
"chr1",28643947,18.83,"xpclr"
"chr1",28727947,17.291,"xpclr"
"chr1",28811947,14.301,"xpclr"
"chr1",28895948,12.609,"xpclr"
"chr1",28979948,9.724,"xpclr"
"chr1",29063948,8.456,"xpclr"
"chr1",29147949,7.383,"xpclr"
"chr1",29231949,7.794,"xpclr"
"chr1",29315949,6.071,"xpclr"
"chr1",29399950,6.962,"xpclr"
"chr1",29483950,4.266,"xpclr"
"chr1",29567950,4.293,"xpclr"
"chr1",29651951,2.349,"xpclr"
"chr1",29735951,1.689,"xpclr"
"chr1",29819951,1.877,"xpclr"
"chr1",29903952,2.113,"xpclr"
"chr1",29987952,1.577,"xpclr"
"chr1",30071952,1.175,"xpclr"
"chr1",30155953,1.456,"xpclr"
"chr1",30239953,1.189,"xpclr"
"chr1",30323953,1.797,"xpclr"
"chr1",30407954,2.218,"xpclr"
"chr1",30491954,1.886,"xpclr"
"chr1",30575954,1.658,"xpclr"
"chr1",30659955,1.123,"xpclr"
"chr1",30743955,1.772,"xpclr"
"chr1",30827955,1.352,"xpclr"
"chr1",30911956,1.06,"xpclr"
"chr1",30995956,2.528,"xpclr"
"chr1",31079956,1.102,"xpclr"
"chr1",31163957,0.904,"xpclr"
"chr1",31247957,1.817,"xpclr"
"chr1",31331957,1.58,"xpclr"
"chr1",31415958,1.507,"xpclr"
"chr1",31499958,1.414,"xpclr"
"chr1",31583958,0.849,"xpclr"
"chr1",31667959,0.887,"xpclr"
"chr1",31751959,1.644,"xpclr"
"chr1",31835959,1.353,"xpclr"
"chr1",31919960,1.382,"xpclr"
"chr1",32003960,1.345,"xpclr"
"chr1",32087960,1.561,"xpclr"
"chr1",32171961,1.185,"xpclr"
"chr1",32255961,1.384,"xpclr"
"chr1",32339961,1.13,"xpclr"
"chr1",32423962,1.51,"xpclr"
"chr1",32507962,2.035,"xpclr"
"chr1",32591962,2.833,"xpclr"
"chr1",32675963,2.762,"xpclr"
"chr1",32759963,1.452,"xpclr"
"chr1",32843963,1.392,"xpclr"
"chr1",32927964,0.902,"xpclr"
"chr1",33011964,0.756,"xpclr"
"chr1",33095964,1.07,"xpclr"
"chr1",33179965,0.767,"xpclr"
"chr1",33263965,0.555,"xpclr"
"chr1",33347965,0.358,"xpclr"
"chr1",33431966,0.52,"xpclr"
"chr1",33515966,0.573,"xpclr"
"chr1",33599966,0.55,"xpclr"
"chr1",33683967,1.118,"xpclr"
"chr1",33767967,1.69,"xpclr"
"chr1",33851967,3.403,"xpclr"
"chr1",33935968,1.706,"xpclr"
"chr1",34019968,1.319,"xpclr"
"chr1",34103968,2.164,"xpclr"
"chr1",34187969,2.661,"xpclr"
"chr1",34271969,2.065,"xpclr"
"chr1",34355969,2.452,"xpclr"
"chr1",34439970,3.271,"xpclr"
"chr1",34523970,1.875,"xpclr"
"chr1",34607970,1.581,"xpclr"
"chr1",34691971,1.734,"xpclr"
"chr1",34775971,2.221,"xpclr"
"chr1",34859971,1.584,"xpclr"
"chr1",34943972,2.443,"xpclr"
"chr1",35027972,1.625,"xpclr"
"chr1",35111972,2.474,"xpclr"
"chr1",35195973,1.558,"xpclr"
"chr1",35279973,1.912,"xpclr"
"chr1",35363973,1.316,"xpclr"
"chr1",35447974,1.604,"xpclr"
"chr1",35531974,2.165,"xpclr"
"chr1",35615974,1.51,"xpclr"
"chr1",35699975,2.13,"xpclr"
"chr1",35783975,1.716,"xpclr"
"chr1",35867975,1.816,"xpclr"
"chr1",35951976,1.367,"xpclr"
"chr1",36035976,1.227,"xpclr"
"chr1",36119976,1.15,"xpclr"
"chr1",36203977,0.901,"xpclr"
"chr1",36287977,1.552,"xpclr"
"chr1",36371977,1.745,"xpclr"
"chr1",36455978,1.352,"xpclr"
"chr1",36539978,1.259,"xpclr"
"chr1",36623978,1.448,"xpclr"
"chr1",36707979,1.072,"xpclr"
"chr1",36791979,0.926,"xpclr"
"chr1",36875980,1.176,"xpclr"
"chr1",36959980,1.195,"xpclr"
"chr1",37043980,1.655,"xpclr"
"chr1",37127981,3.605,"xpclr"
"chr1",37211981,3.345,"xpclr"
"chr1",37295981,2.721,"xpclr"
"chr1",37379982,5.145,"xpclr"
"chr1",37463982,4.333,"xpclr"
"chr1",37547982,5.599,"xpclr"
"chr1",37631983,2.112,"xpclr"
"chr1",37715983,1.359,"xpclr"
"chr1",37799983,0.759,"xpclr"
"chr1",37883984,1.059,"xpclr"
"chr1",37967984,0.743,"xpclr"
"chr1",38051984,0.966,"xpclr"
"chr1",38135985,0.956,"xpclr"
"chr1",38219985,1.437,"xpclr"
"chr1",38303985,1.258,"xpclr"
"chr1",38387986,1.306,"xpclr"
"chr1",38471986,0.942,"xpclr"
"chr1",38555986,0.804,"xpclr"
"chr1",38639987,1.168,"xpclr"
"chr1",38723987,1.471,"xpclr"
"chr1",38807987,1.095,"xpclr"
"chr1",38891988,1.369,"xpclr"
"chr1",38975988,0.868,"xpclr"
"chr1",39059988,1.168,"xpclr"
"chr1",39143989,1.292,"xpclr"
"chr1",39227989,2.527,"xpclr"
"chr1",39311989,3.474,"xpclr"
"chr1",39395990,3.949,"xpclr"
"chr1",39479990,6.133,"xpclr"
"chr1",39563990,3.284,"xpclr"
"chr1",39647991,4.526,"xpclr"
"chr1",39731991,4.569,"xpclr"
"chr1",39815991,5.648,"xpclr"
"chr1",39899992,6.881,"xpclr"
"chr1",39983992,10.136,"xpclr"
"chr1",40067992,9.16,"xpclr"
"chr1",40151993,9.804,"xpclr"
"chr1",40235993,13.579,"xpclr"
"chr1",40319993,8.045,"xpclr"
"chr1",40403994,7.258,"xpclr"
"chr1",40487994,7.037,"xpclr"
"chr1",40571994,6.95,"xpclr"
"chr1",40655995,11.157,"xpclr"
"chr1",40739995,12.366,"xpclr"
"chr1",40823995,9.264,"xpclr"
"chr1",40907996,5.194,"xpclr"
"chr1",40991996,6.549,"xpclr"
"chr1",41075996,7.691,"xpclr"
"chr1",41159997,7.118,"xpclr"
"chr1",41243997,7.065,"xpclr"
"chr1",41327997,14.352,"xpclr"
"chr1",41411998,11.77,"xpclr"
"chr1",41495998,20.738,"xpclr"
"chr1",41579998,12.489,"xpclr"
"chr1",41663999,19.993,"xpclr"
"chr1",41747999,9.938,"xpclr"
"chr1",41831999,8.772,"xpclr"
"chr1",41916000,9.724,"xpclr"
"chr1",4.2e+07,5.589,"xpclr"
"chr1",83832,0.214,"ihs"
"chr1",167833,0.413,"ihs"
"chr1",251833,0.542,"ihs"
"chr1",335833,0.53,"ihs"
"chr1",419834,0.205,"ihs"
"chr1",503834,0.18,"ihs"
"chr1",587834,0.357,"ihs"
"chr1",671835,0.421,"ihs"
"chr1",755835,0.244,"ihs"
"chr1",839835,0.086,"ihs"
"chr1",923836,0.457,"ihs"
"chr1",1007836,0.063,"ihs"
"chr1",1091836,0.551,"ihs"
"chr1",1175837,0.577,"ihs"
"chr1",1259837,0.514,"ihs"
"chr1",1343837,0.325,"ihs"
"chr1",1427838,0.576,"ihs"
"chr1",1511838,0.339,"ihs"
"chr1",1595838,0.777,"ihs"
"chr1",1679839,0.035,"ihs"
"chr1",1763839,1.413,"ihs"
"chr1",1847839,1.072,"ihs"
"chr1",1931840,0.113,"ihs"
"chr1",2015840,0.498,"ihs"
"chr1",2099840,0.591,"ihs"
"chr1",2183841,0.052,"ihs"
"chr1",2267841,0.138,"ihs"
"chr1",2351841,0.031,"ihs"
"chr1",2435842,0.867,"ihs"
"chr1",2519842,0.02,"ihs"
"chr1",2603842,0.02,"ihs"
"chr1",2687843,0.697,"ihs"
"chr1",2771843,0.08,"ihs"
"chr1",2855843,0.755,"ihs"
"chr1",2939844,0.132,"ihs"
"chr1",3023844,0.092,"ihs"
"chr1",3107844,0.8,"ihs"
"chr1",3191845,0.194,"ihs"
"chr1",3275845,0.628,"ihs"
"chr1",3359845,0.553,"ihs"
"chr1",3443846,0.22,"ihs"
"chr1",3527846,0.47,"ihs"
"chr1",3611846,0.084,"ihs"
"chr1",3695847,0.181,"ihs"
"chr1",3779847,0.617,"ihs"
"chr1",3863847,0.055,"ihs"
"chr1",3947848,0.501,"ihs"
"chr1",4031848,0.704,"ihs"
"chr1",4115848,0.57,"ihs"
"chr1",4199849,0.134,"ihs"
"chr1",4283849,0.024,"ihs"
"chr1",4367849,0.071,"ihs"
"chr1",4451850,0.37,"ihs"
"chr1",4535850,0.227,"ihs"
"chr1",4619850,0.412,"ihs"
"chr1",4703851,0.212,"ihs"
"chr1",4787851,0.501,"ihs"
"chr1",4871851,0.062,"ihs"
"chr1",4955852,0.473,"ihs"
"chr1",5039852,0.054,"ihs"
"chr1",5123852,0.056,"ihs"
"chr1",5207853,0.425,"ihs"
"chr1",5291853,0.072,"ihs"
"chr1",5375854,0.032,"ihs"
"chr1",5459854,0.326,"ihs"
"chr1",5543854,0.369,"ihs"
"chr1",5627855,0.546,"ihs"
"chr1",5711855,0.104,"ihs"
"chr1",5795855,0.598,"ihs"
"chr1",5879856,0.862,"ihs"
"chr1",5963856,0.308,"ihs"
"chr1",6047856,0.107,"ihs"
"chr1",6131857,0.36,"ihs"
"chr1",6215857,0.214,"ihs"
"chr1",6299857,0.899,"ihs"
"chr1",6383858,0.04,"ihs"
"chr1",6467858,0.255,"ihs"
"chr1",6551858,0.206,"ihs"
"chr1",6635859,0.198,"ihs"
"chr1",6719859,0.1,"ihs"
"chr1",6803859,0.633,"ihs"
"chr1",6887860,0.02,"ihs"
"chr1",6971860,0.094,"ihs"
"chr1",7055860,0.31,"ihs"
"chr1",7139861,0.857,"ihs"
"chr1",7223861,0.53,"ihs"
"chr1",7307861,0.163,"ihs"
"chr1",7391862,0.802,"ihs"
"chr1",7475862,0.663,"ihs"
"chr1",7559862,0.719,"ihs"
"chr1",7643863,0.577,"ihs"
"chr1",7727863,0.314,"ihs"
"chr1",7811863,0.662,"ihs"
"chr1",7895864,0.177,"ihs"
"chr1",7979864,0.789,"ihs"
"chr1",8063864,0.213,"ihs"
"chr1",8147865,0.124,"ihs"
"chr1",8231865,0.846,"ihs"
"chr1",8315865,0.515,"ihs"
"chr1",8399866,1.012,"ihs"
"chr1",8483866,0.297,"ihs"
"chr1",8567866,0.118,"ihs"
"chr1",8651867,0.768,"ihs"
"chr1",8735867,0.09,"ihs"
"chr1",8819867,0.126,"ihs"
"chr1",8903868,0.147,"ihs"
"chr1",8987868,0.361,"ihs"
"chr1",9071868,0.511,"ihs"
"chr1",9155869,0.138,"ihs"
"chr1",9239869,0.164,"ihs"
"chr1",9323869,0.606,"ihs"
"chr1",9407870,0.33,"ihs"
"chr1",9491870,0.534,"ihs"
"chr1",9575870,0.639,"ihs"
"chr1",9659871,0.314,"ihs"
"chr1",9743871,0.311,"ihs"
"chr1",9827871,0.948,"ihs"
"chr1",9911872,0.67,"ihs"
"chr1",9995872,0.566,"ihs"
"chr1",10079872,0.748,"ihs"
"chr1",10163873,0.66,"ihs"
"chr1",10247873,0.837,"ihs"
"chr1",10331873,0.987,"ihs"
"chr1",10415874,1.522,"ihs"
"chr1",10499874,1.01,"ihs"
"chr1",10583874,0.764,"ihs"
"chr1",10667875,0.711,"ihs"
"chr1",10751875,1.023,"ihs"
"chr1",10835875,0.285,"ihs"
"chr1",10919876,0.27,"ihs"
"chr1",11003876,1.121,"ihs"
"chr1",11087876,1.019,"ihs"
"chr1",11171877,0.389,"ihs"
"chr1",11255877,1.006,"ihs"
"chr1",11339877,1.366,"ihs"
"chr1",11423878,1.771,"ihs"
"chr1",11507878,1.481,"ihs"
"chr1",11591878,1.042,"ihs"
"chr1",11675879,1.211,"ihs"
"chr1",11759879,1.078,"ihs"
"chr1",11843879,2.07,"ihs"
"chr1",11927880,1.463,"ihs"
"chr1",12011880,0.327,"ihs"
"chr1",12095880,0.841,"ihs"
"chr1",12179881,0.967,"ihs"
"chr1",12263881,0.61,"ihs"
"chr1",12347881,1.048,"ihs"
"chr1",12431882,0.76,"ihs"
"chr1",12515882,0.308,"ihs"
"chr1",12599882,0.134,"ihs"
"chr1",12683883,0.179,"ihs"
"chr1",12767883,0.063,"ihs"
"chr1",12851883,0.058,"ihs"
"chr1",12935884,0.1,"ihs"
"chr1",13019884,0.387,"ihs"
"chr1",13103884,0.207,"ihs"
"chr1",13187885,0.589,"ihs"
"chr1",13271885,0.245,"ihs"
"chr1",13355885,0.758,"ihs"
"chr1",13439886,0.067,"ihs"
"chr1",13523886,0.082,"ihs"
"chr1",13607886,0.273,"ihs"
"chr1",13691887,0.408,"ihs"
"chr1",13775887,0.116,"ihs"
"chr1",13859887,0.6,"ihs"
"chr1",13943888,0.606,"ihs"
"chr1",14027888,0.64,"ihs"
"chr1",14111888,1.197,"ihs"
"chr1",14195889,0.597,"ihs"
"chr1",14279889,1.392,"ihs"
"chr1",14363889,1.334,"ihs"
"chr1",14447890,0.883,"ihs"
"chr1",14531890,0.827,"ihs"
"chr1",14615890,0.97,"ihs"
"chr1",14699891,0.982,"ihs"
"chr1",14783891,1.08,"ihs"
"chr1",14867891,1.192,"ihs"
"chr1",14951892,1.421,"ihs"
"chr1",15035892,2.016,"ihs"
"chr1",15119892,1.942,"ihs"
"chr1",15203893,1.928,"ihs"
"chr1",15287893,2.087,"ihs"
"chr1",15371893,2.198,"ihs"
"chr1",15455894,2.847,"ihs"
"chr1",15539894,2.928,"ihs"
"chr1",15623894,2.21,"ihs"
"chr1",15707895,2.488,"ihs"
"chr1",15791895,2.679,"ihs"
"chr1",15875896,2.874,"ihs"
"chr1",15959896,3.27,"ihs"
"chr1",16043896,2.836,"ihs"
"chr1",16127897,2.373,"ihs"
"chr1",16211897,2.871,"ihs"
"chr1",16295897,2.321,"ihs"
"chr1",16379898,2.591,"ihs"
"chr1",16463898,2.539,"ihs"
"chr1",16547898,2.626,"ihs"
"chr1",16631899,3.124,"ihs"
"chr1",16715899,2.877,"ihs"
"chr1",16799899,2.165,"ihs"
"chr1",16883900,2.392,"ihs"
"chr1",16967900,2.224,"ihs"
"chr1",17051900,2.282,"ihs"
"chr1",17135901,2.154,"ihs"
"chr1",17219901,1.888,"ihs"
"chr1",17303901,1.684,"ihs"
"chr1",17387902,0.818,"ihs"
"chr1",17471902,0.616,"ihs"
"chr1",17555902,0.755,"ihs"
"chr1",17639903,0.428,"ihs"
"chr1",17723903,0.833,"ihs"
"chr1",17807903,0.18,"ihs"
"chr1",17891904,0.549,"ihs"
"chr1",17975904,0.386,"ihs"
"chr1",18059904,0.103,"ihs"
"chr1",18143905,0.144,"ihs"
"chr1",18227905,0.162,"ihs"
"chr1",18311905,0.172,"ihs"
"chr1",18395906,0.973,"ihs"
"chr1",18479906,0.351,"ihs"
"chr1",18563906,0.95,"ihs"
"chr1",18647907,0.589,"ihs"
"chr1",18731907,0.287,"ihs"
"chr1",18815907,1.009,"ihs"
"chr1",18899908,0.527,"ihs"
"chr1",18983908,0.863,"ihs"
"chr1",19067908,0.344,"ihs"
"chr1",19151909,0.074,"ihs"
"chr1",19235909,0.464,"ihs"
"chr1",19319909,0.409,"ihs"
"chr1",19403910,0.624,"ihs"
"chr1",19487910,0.17,"ihs"
"chr1",19571910,0.02,"ihs"
"chr1",19655911,0.239,"ihs"
"chr1",19739911,0.097,"ihs"
"chr1",19823911,0.356,"ihs"
"chr1",19907912,0.874,"ihs"
"chr1",19991912,1.004,"ihs"
"chr1",20075912,0.606,"ihs"
"chr1",20159913,0.072,"ihs"
"chr1",20243913,0.836,"ihs"
"chr1",20327913,0.125,"ihs"
"chr1",20411914,0.915,"ihs"
"chr1",20495914,0.515,"ihs"
"chr1",20579914,1.031,"ihs"
"chr1",20663915,0.658,"ihs"
"chr1",20747915,0.058,"ihs"
"chr1",20831915,0.246,"ihs"
"chr1",20915916,0.235,"ihs"
"chr1",20999916,0.259,"ihs"
"chr1",21083916,0.199,"ihs"
"chr1",21167917,0.541,"ihs"
"chr1",21251917,0.799,"ihs"
"chr1",21335917,0.621,"ihs"
"chr1",21419918,0.124,"ihs"
"chr1",21503918,0.133,"ihs"
"chr1",21587918,0.229,"ihs"
"chr1",21671919,0.952,"ihs"
"chr1",21755919,0.287,"ihs"
"chr1",21839919,0.661,"ihs"
"chr1",21923920,0.636,"ihs"
"chr1",22007920,0.218,"ihs"
"chr1",22091920,0.551,"ihs"
"chr1",22175921,0.913,"ihs"
"chr1",22259921,0.684,"ihs"
"chr1",22343921,0.374,"ihs"
"chr1",22427922,0.309,"ihs"
"chr1",22511922,0.773,"ihs"
"chr1",22595922,0.065,"ihs"
"chr1",22679923,0.48,"ihs"
"chr1",22763923,0.911,"ihs"
"chr1",22847923,0.133,"ihs"
"chr1",22931924,0.882,"ihs"
"chr1",23015924,0.238,"ihs"
"chr1",23099924,0.487,"ihs"
"chr1",23183925,0.226,"ihs"
"chr1",23267925,0.525,"ihs"
"chr1",23351925,0.22,"ihs"
"chr1",23435926,0.431,"ihs"
"chr1",23519926,0.02,"ihs"
"chr1",23603926,0.362,"ihs"
"chr1",23687927,0.398,"ihs"
"chr1",23771927,0.26,"ihs"
"chr1",23855927,0.226,"ihs"
"chr1",23939928,0.845,"ihs"
"chr1",24023928,0.421,"ihs"
"chr1",24107928,0.498,"ihs"
"chr1",24191929,0.211,"ihs"
"chr1",24275929,0.02,"ihs"
"chr1",24359929,0.983,"ihs"
"chr1",24443930,0.228,"ihs"
"chr1",24527930,0.205,"ihs"
"chr1",24611930,0.02,"ihs"
"chr1",24695931,0.125,"ihs"
"chr1",24779931,0.46,"ihs"
"chr1",24863931,1.066,"ihs"
"chr1",24947932,0.607,"ihs"
"chr1",25031932,0.56,"ihs"
"chr1",25115932,0.651,"ihs"
"chr1",25199933,1.463,"ihs"
"chr1",25283933,0.772,"ihs"
"chr1",25367933,0.652,"ihs"
"chr1",25451934,1.784,"ihs"
"chr1",25535934,1.07,"ihs"
"chr1",25619934,1.112,"ihs"
"chr1",25703935,0.906,"ihs"
"chr1",25787935,0.548,"ihs"
"chr1",25871935,0.798,"ihs"
"chr1",25955936,1.113,"ihs"
"chr1",26039936,0.49,"ihs"
"chr1",26123936,1.129,"ihs"
"chr1",26207937,0.595,"ihs"
"chr1",26291937,0.757,"ihs"
"chr1",26375938,0.482,"ihs"
"chr1",26459938,0.073,"ihs"
"chr1",26543938,0.175,"ihs"
"chr1",26627939,0.581,"ihs"
"chr1",26711939,0.233,"ihs"
"chr1",26795939,0.382,"ihs"
"chr1",26879940,0.62,"ihs"
"chr1",26963940,0.498,"ihs"
"chr1",27047940,0.229,"ihs"
"chr1",27131941,0.549,"ihs"
"chr1",27215941,0.375,"ihs"
"chr1",27299941,1.084,"ihs"
"chr1",27383942,0.567,"ihs"
"chr1",27467942,0.607,"ihs"
"chr1",27551942,0.955,"ihs"
"chr1",27635943,1.138,"ihs"
"chr1",27719943,1.496,"ihs"
"chr1",27803943,1.247,"ihs"
"chr1",27887944,1.616,"ihs"
"chr1",27971944,1.482,"ihs"
"chr1",28055944,1.332,"ihs"
"chr1",28139945,1.35,"ihs"
"chr1",28223945,1.101,"ihs"
"chr1",28307945,1.94,"ihs"
"chr1",28391946,1.925,"ihs"
"chr1",28475946,1.807,"ihs"
"chr1",28559946,1.15,"ihs"
"chr1",28643947,1.869,"ihs"
"chr1",28727947,1.297,"ihs"
"chr1",28811947,1.304,"ihs"
"chr1",28895948,1.107,"ihs"
"chr1",28979948,0.522,"ihs"
"chr1",29063948,0.507,"ihs"
"chr1",29147949,0.854,"ihs"
"chr1",29231949,0.453,"ihs"
"chr1",29315949,0.431,"ihs"
"chr1",29399950,0.792,"ihs"
"chr1",29483950,0.943,"ihs"
"chr1",29567950,0.531,"ihs"
"chr1",29651951,0.477,"ihs"
"chr1",29735951,0.369,"ihs"
"chr1",29819951,0.286,"ihs"
"chr1",29903952,0.04,"ihs"
"chr1",29987952,0.101,"ihs"
"chr1",30071952,0.596,"ihs"
"chr1",30155953,0.166,"ihs"
"chr1",30239953,1.049,"ihs"
"chr1",30323953,0.488,"ihs"
"chr1",30407954,0.065,"ihs"
"chr1",30491954,0.141,"ihs"
"chr1",30575954,0.149,"ihs"
"chr1",30659955,0.343,"ihs"
"chr1",30743955,0.414,"ihs"
"chr1",30827955,0.379,"ihs"
"chr1",30911956,0.438,"ihs"
"chr1",30995956,0.532,"ihs"
"chr1",31079956,0.621,"ihs"
"chr1",31163957,0.864,"ihs"
"chr1",31247957,0.201,"ihs"
"chr1",31331957,0.302,"ihs"
"chr1",31415958,0.084,"ihs"
"chr1",31499958,0.814,"ihs"
"chr1",31583958,1.181,"ihs"
"chr1",31667959,0.612,"ihs"
"chr1",31751959,0.662,"ihs"
"chr1",31835959,0.855,"ihs"
"chr1",31919960,0.157,"ihs"
"chr1",32003960,0.275,"ihs"
"chr1",32087960,0.308,"ihs"
"chr1",32171961,0.969,"ihs"
"chr1",32255961,0.178,"ihs"
"chr1",32339961,0.195,"ihs"
"chr1",32423962,0.786,"ihs"
"chr1",32507962,1.196,"ihs"
"chr1",32591962,0.326,"ihs"
"chr1",32675963,0.02,"ihs"
"chr1",32759963,0.689,"ihs"
"chr1",32843963,0.367,"ihs"
"chr1",32927964,1.225,"ihs"
"chr1",33011964,0.816,"ihs"
"chr1",33095964,0.044,"ihs"
"chr1",33179965,0.864,"ihs"
"chr1",33263965,0.618,"ihs"
"chr1",33347965,1.257,"ihs"
"chr1",33431966,1.301,"ihs"
"chr1",33515966,1.301,"ihs"
"chr1",33599966,1.503,"ihs"
"chr1",33683967,0.698,"ihs"
"chr1",33767967,0.02,"ihs"
"chr1",33851967,0.07,"ihs"
"chr1",33935968,0.198,"ihs"
"chr1",34019968,0.329,"ihs"
"chr1",34103968,0.435,"ihs"
"chr1",34187969,0.02,"ihs"
"chr1",34271969,0.122,"ihs"
"chr1",34355969,0.306,"ihs"
"chr1",34439970,0.096,"ihs"
"chr1",34523970,0.409,"ihs"
"chr1",34607970,0.412,"ihs"
"chr1",34691971,0.236,"ihs"
"chr1",34775971,0.143,"ihs"
"chr1",34859971,0.464,"ihs"
"chr1",34943972,0.257,"ihs"
"chr1",35027972,0.709,"ihs"
"chr1",35111972,0.249,"ihs"
"chr1",35195973,0.864,"ihs"
"chr1",35279973,0.185,"ihs"
"chr1",35363973,0.575,"ihs"
"chr1",35447974,0.46,"ihs"
"chr1",35531974,0.214,"ihs"
"chr1",35615974,0.549,"ihs"
"chr1",35699975,0.02,"ihs"
"chr1",35783975,0.39,"ihs"
"chr1",35867975,0.46,"ihs"
"chr1",35951976,0.522,"ihs"
"chr1",36035976,0.67,"ihs"
"chr1",36119976,0.349,"ihs"
"chr1",36203977,0.746,"ihs"
"chr1",36287977,0.332,"ihs"
"chr1",36371977,0.234,"ihs"
"chr1",36455978,0.946,"ihs"
"chr1",36539978,0.13,"ihs"
"chr1",36623978,0.02,"ihs"
"chr1",36707979,0.066,"ihs"
"chr1",36791979,0.598,"ihs"
"chr1",36875980,0.213,"ihs"
"chr1",36959980,0.674,"ihs"
"chr1",37043980,0.079,"ihs"
"chr1",37127981,0.375,"ihs"
"chr1",37211981,0.203,"ihs"
"chr1",37295981,0.468,"ihs"
"chr1",37379982,0.223,"ihs"
"chr1",37463982,0.866,"ihs"
"chr1",37547982,0.762,"ihs"
"chr1",37631983,0.23,"ihs"
"chr1",37715983,0.17,"ihs"
"chr1",37799983,0.623,"ihs"
"chr1",37883984,0.94,"ihs"
"chr1",37967984,0.978,"ihs"
"chr1",38051984,0.157,"ihs"
"chr1",38135985,0.599,"ihs"
"chr1",38219985,0.551,"ihs"
"chr1",38303985,0.404,"ihs"
"chr1",38387986,0.02,"ihs"
"chr1",38471986,1.295,"ihs"
"chr1",38555986,0.649,"ihs"
"chr1",38639987,0.661,"ihs"
"chr1",38723987,0.02,"ihs"
"chr1",38807987,0.434,"ihs"
"chr1",38891988,0.21,"ihs"
"chr1",38975988,0.405,"ihs"
"chr1",39059988,0.776,"ihs"
"chr1",39143989,0.578,"ihs"
"chr1",39227989,0.332,"ihs"
"chr1",39311989,0.497,"ihs"
"chr1",39395990,0.04,"ihs"
"chr1",39479990,0.471,"ihs"
"chr1",39563990,0.683,"ihs"
"chr1",39647991,0.285,"ihs"
"chr1",39731991,0.296,"ihs"
"chr1",39815991,0.406,"ihs"
"chr1",39899992,0.739,"ihs"
"chr1",39983992,1.621,"ihs"
"chr1",40067992,0.926,"ihs"
"chr1",40151993,1.167,"ihs"
"chr1",40235993,1.297,"ihs"
"chr1",40319993,0.787,"ihs"
"chr1",40403994,1.106,"ihs"
"chr1",40487994,0.357,"ihs"
"chr1",40571994,1.011,"ihs"
"chr1",40655995,1.116,"ihs"
"chr1",40739995,1.063,"ihs"
"chr1",40823995,0.949,"ihs"
"chr1",40907996,0.519,"ihs"
"chr1",40991996,1.122,"ihs"
"chr1",41075996,0.762,"ihs"
"chr1",41159997,0.959,"ihs"
"chr1",41243997,0.829,"ihs"
"chr1",41327997,1.907,"ihs"
"chr1",41411998,1.586,"ihs"
"chr1",41495998,1.767,"ihs"
"chr1",41579998,1.262,"ihs"
"chr1",41663999,1.774,"ihs"
"chr1",41747999,1.137,"ihs"
"chr1",41831999,1.623,"ihs"
"chr1",41916000,0.843,"ihs"
"chr1",4.2e+07,0.844,"ihs"
"chr2",71856,1.821,"xpclr"
"chr2",143857,2.736,"xpclr"
"chr2",215857,3.644,"xpclr"
"chr2",287857,3.368,"xpclr"
"chr2",359857,2.467,"xpclr"
"chr2",431858,1.257,"xpclr"
"chr2",503858,0.831,"xpclr"
"chr2",575858,1.608,"xpclr"
"chr2",647859,1.468,"xpclr"
"chr2",719859,1.746,"xpclr"
"chr2",791859,1.406,"xpclr"
"chr2",863859,2.334,"xpclr"
"chr2",935860,3.06,"xpclr"
"chr2",1007860,2.822,"xpclr"
"chr2",1079860,1.219,"xpclr"
"chr2",1151861,0.899,"xpclr"
"chr2",1223861,0.905,"xpclr"
"chr2",1295861,0.826,"xpclr"
"chr2",1367861,0.674,"xpclr"
"chr2",1439862,0.641,"xpclr"
"chr2",1511862,0.819,"xpclr"
"chr2",1583862,0.633,"xpclr"
"chr2",1655863,0.632,"xpclr"
"chr2",1727863,0.638,"xpclr"
"chr2",1799863,1.481,"xpclr"
"chr2",1871863,0.934,"xpclr"
"chr2",1943864,0.799,"xpclr"
"chr2",2015864,1.64,"xpclr"
"chr2",2087864,1.15,"xpclr"
"chr2",2159865,0.939,"xpclr"
"chr2",2231865,1.125,"xpclr"
"chr2",2303865,2.08,"xpclr"
"chr2",2375866,0.863,"xpclr"
"chr2",2447866,0.654,"xpclr"
"chr2",2519866,0.827,"xpclr"
"chr2",2591866,0.868,"xpclr"
"chr2",2663867,0.961,"xpclr"
"chr2",2735867,1.124,"xpclr"
"chr2",2807867,1.044,"xpclr"
"chr2",2879868,0.586,"xpclr"
"chr2",2951868,0.403,"xpclr"
"chr2",3023868,0.223,"xpclr"
"chr2",3095868,0.22,"xpclr"
"chr2",3167869,0.329,"xpclr"
"chr2",3239869,0.719,"xpclr"
"chr2",3311869,0.942,"xpclr"
"chr2",3383870,1.616,"xpclr"
"chr2",3455870,2.091,"xpclr"
"chr2",3527870,2.562,"xpclr"
"chr2",3599870,1.612,"xpclr"
"chr2",3671871,3.892,"xpclr"
"chr2",3743871,2.303,"xpclr"
"chr2",3815871,3.222,"xpclr"
"chr2",3887872,7.823,"xpclr"
"chr2",3959872,8.038,"xpclr"
"chr2",4031872,6.158,"xpclr"
"chr2",4103872,5.278,"xpclr"
"chr2",4175873,5.853,"xpclr"
"chr2",4247873,4.342,"xpclr"
"chr2",4319873,3.884,"xpclr"
"chr2",4391874,3.769,"xpclr"
"chr2",4463874,2.043,"xpclr"
"chr2",4535874,1.845,"xpclr"
"chr2",4607874,2.301,"xpclr"
"chr2",4679875,3.328,"xpclr"
"chr2",4751875,6.317,"xpclr"
"chr2",4823875,5.566,"xpclr"
"chr2",4895876,5.728,"xpclr"
"chr2",4967876,4.679,"xpclr"
"chr2",5039876,6.255,"xpclr"
"chr2",5111876,11.826,"xpclr"
"chr2",5183877,7.046,"xpclr"
"chr2",5255877,5.046,"xpclr"
"chr2",5327877,3.985,"xpclr"
"chr2",5399878,4.439,"xpclr"
"chr2",5471878,3.104,"xpclr"
"chr2",5543878,7.225,"xpclr"
"chr2",5615878,6.084,"xpclr"
"chr2",5687879,8.047,"xpclr"
"chr2",5759879,4.005,"xpclr"
"chr2",5831879,4.144,"xpclr"
"chr2",5903880,4.718,"xpclr"
"chr2",5975880,2.899,"xpclr"
"chr2",6047880,2.749,"xpclr"
"chr2",6119880,2.127,"xpclr"
"chr2",6191881,1.17,"xpclr"
"chr2",6263881,1.418,"xpclr"
"chr2",6335881,1.924,"xpclr"
"chr2",6407882,2.094,"xpclr"
"chr2",6479882,1.117,"xpclr"
"chr2",6551882,1.291,"xpclr"
"chr2",6623882,0.731,"xpclr"
"chr2",6695883,0.729,"xpclr"
"chr2",6767883,0.652,"xpclr"
"chr2",6839883,0.642,"xpclr"
"chr2",6911884,0.874,"xpclr"
"chr2",6983884,0.637,"xpclr"
"chr2",7055884,0.53,"xpclr"
"chr2",7127885,0.416,"xpclr"
"chr2",7199885,0.841,"xpclr"
"chr2",7271885,1.319,"xpclr"
"chr2",7343885,1.727,"xpclr"
"chr2",7415886,1.953,"xpclr"
"chr2",7487886,2.001,"xpclr"
"chr2",7559886,1.307,"xpclr"
"chr2",7631887,1.679,"xpclr"
"chr2",7703887,1.256,"xpclr"
"chr2",7775887,0.54,"xpclr"
"chr2",7847887,0.357,"xpclr"
"chr2",7919888,0.292,"xpclr"
"chr2",7991888,0.491,"xpclr"
"chr2",8063888,0.81,"xpclr"
"chr2",8135889,1.269,"xpclr"
"chr2",8207889,0.941,"xpclr"
"chr2",8279889,0.951,"xpclr"
"chr2",8351889,0.898,"xpclr"
"chr2",8423890,1.79,"xpclr"
"chr2",8495890,1.731,"xpclr"
"chr2",8567890,1.18,"xpclr"
"chr2",8639891,1.384,"xpclr"
"chr2",8711891,1.449,"xpclr"
"chr2",8783891,1.355,"xpclr"
"chr2",8855891,2.08,"xpclr"
"chr2",8927892,1.761,"xpclr"
"chr2",8999892,2.201,"xpclr"
"chr2",9071892,4.535,"xpclr"
"chr2",9143893,2.851,"xpclr"
"chr2",9215893,3.66,"xpclr"
"chr2",9287893,1.999,"xpclr"
"chr2",9359893,2.119,"xpclr"
"chr2",9431894,4.328,"xpclr"
"chr2",9503894,4.009,"xpclr"
"chr2",9575894,3.928,"xpclr"
"chr2",9647895,6.089,"xpclr"
"chr2",9719895,6.193,"xpclr"
"chr2",9791895,6.992,"xpclr"
"chr2",9863895,5.368,"xpclr"
"chr2",9935896,2.985,"xpclr"
"chr2",10007896,2.756,"xpclr"
"chr2",10079896,1.464,"xpclr"
"chr2",10151897,0.855,"xpclr"
"chr2",10223897,2.041,"xpclr"
"chr2",10295897,2.5,"xpclr"
"chr2",10367897,2.24,"xpclr"
"chr2",10439898,1.944,"xpclr"
"chr2",10511898,1.41,"xpclr"
"chr2",10583898,1.949,"xpclr"
"chr2",10655899,1.95,"xpclr"
"chr2",10727899,1.6,"xpclr"
"chr2",10799899,1.719,"xpclr"
"chr2",10871899,2.067,"xpclr"
"chr2",10943900,1.474,"xpclr"
"chr2",11015900,2.902,"xpclr"
"chr2",11087900,3.948,"xpclr"
"chr2",11159901,2.354,"xpclr"
"chr2",11231901,2.604,"xpclr"
"chr2",11303901,4.476,"xpclr"
"chr2",11375902,3.974,"xpclr"
"chr2",11447902,3.149,"xpclr"
"chr2",11519902,5.448,"xpclr"
"chr2",11591902,8.863,"xpclr"
"chr2",11663903,7.478,"xpclr"
"chr2",11735903,11.712,"xpclr"
"chr2",11807903,7.246,"xpclr"
"chr2",11879904,4.625,"xpclr"
"chr2",11951904,5.096,"xpclr"
"chr2",12023904,5.467,"xpclr"
"chr2",12095904,6.423,"xpclr"
"chr2",12167905,6.456,"xpclr"
"chr2",12239905,7.98,"xpclr"
"chr2",12311905,5.406,"xpclr"
"chr2",12383906,4.972,"xpclr"
"chr2",12455906,4.456,"xpclr"
"chr2",12527906,4.365,"xpclr"
"chr2",12599906,5.081,"xpclr"
"chr2",12671907,3.942,"xpclr"
"chr2",12743907,3.905,"xpclr"
"chr2",12815907,1.797,"xpclr"
"chr2",12887908,4.583,"xpclr"
"chr2",12959908,4.174,"xpclr"
"chr2",13031908,2.357,"xpclr"
"chr2",13103908,1.336,"xpclr"
"chr2",13175909,2.526,"xpclr"
"chr2",13247909,2.878,"xpclr"
"chr2",13319909,6.644,"xpclr"
"chr2",13391910,7.306,"xpclr"
"chr2",13463910,10.073,"xpclr"
"chr2",13535910,4.068,"xpclr"
"chr2",13607910,3.467,"xpclr"
"chr2",13679911,3.882,"xpclr"
"chr2",13751911,3.132,"xpclr"
"chr2",13823911,4.228,"xpclr"
"chr2",13895912,2.639,"xpclr"
"chr2",13967912,1.871,"xpclr"
"chr2",14039912,2.041,"xpclr"
"chr2",14111912,1.624,"xpclr"
"chr2",14183913,1.809,"xpclr"
"chr2",14255913,3.656,"xpclr"
"chr2",14327913,6.61,"xpclr"
"chr2",14399914,12.033,"xpclr"
"chr2",14471914,14.123,"xpclr"
"chr2",14543914,8.314,"xpclr"
"chr2",14615914,7.416,"xpclr"
"chr2",14687915,5.201,"xpclr"
"chr2",14759915,6.467,"xpclr"
"chr2",14831915,4.782,"xpclr"
"chr2",14903916,4.062,"xpclr"
"chr2",14975916,6.006,"xpclr"
"chr2",15047916,10.474,"xpclr"
"chr2",15119916,8.416,"xpclr"
"chr2",15191917,9.335,"xpclr"
"chr2",15263917,6.365,"xpclr"
"chr2",15335917,4.05,"xpclr"
"chr2",15407918,3.728,"xpclr"
"chr2",15479918,2.964,"xpclr"
"chr2",15551918,2.347,"xpclr"
"chr2",15623918,1.34,"xpclr"
"chr2",15695919,2.386,"xpclr"
"chr2",15767919,1.25,"xpclr"
"chr2",15839919,2.03,"xpclr"
"chr2",15911920,2.026,"xpclr"
"chr2",15983920,2.665,"xpclr"
"chr2",16055920,3.57,"xpclr"
"chr2",16127921,3.683,"xpclr"
"chr2",16199921,3.449,"xpclr"
"chr2",16271921,3.364,"xpclr"
"chr2",16343921,2.949,"xpclr"
"chr2",16415922,3.302,"xpclr"
"chr2",16487922,2.5,"xpclr"
"chr2",16559922,2.252,"xpclr"
"chr2",16631923,3.111,"xpclr"
"chr2",16703923,3.28,"xpclr"
"chr2",16775923,2.857,"xpclr"
"chr2",16847923,2.42,"xpclr"
"chr2",16919924,2.774,"xpclr"
"chr2",16991924,3.979,"xpclr"
"chr2",17063924,3.39,"xpclr"
"chr2",17135925,7.633,"xpclr"
"chr2",17207925,8.638,"xpclr"
"chr2",17279925,5.193,"xpclr"
"chr2",17351925,3.015,"xpclr"
"chr2",17423926,1.497,"xpclr"
"chr2",17495926,1.323,"xpclr"
"chr2",17567926,2.078,"xpclr"
"chr2",17639927,2.956,"xpclr"
"chr2",17711927,1.319,"xpclr"
"chr2",17783927,1.861,"xpclr"
"chr2",17855927,2.008,"xpclr"
"chr2",17927928,2.331,"xpclr"
"chr2",17999928,1.781,"xpclr"
"chr2",18071928,1.59,"xpclr"
"chr2",18143929,2.335,"xpclr"
"chr2",18215929,3.399,"xpclr"
"chr2",18287929,4.571,"xpclr"
"chr2",18359929,3.845,"xpclr"
"chr2",18431930,4.556,"xpclr"
"chr2",18503930,2.836,"xpclr"
"chr2",18575930,4.888,"xpclr"
"chr2",18647931,3.615,"xpclr"
"chr2",18719931,3.599,"xpclr"
"chr2",18791931,3.449,"xpclr"
"chr2",18863931,3.518,"xpclr"
"chr2",18935932,3.541,"xpclr"
"chr2",19007932,4.103,"xpclr"
"chr2",19079932,3.513,"xpclr"
"chr2",19151933,2.468,"xpclr"
"chr2",19223933,2.198,"xpclr"
"chr2",19295933,2.789,"xpclr"
"chr2",19367933,2.482,"xpclr"
"chr2",19439934,1.836,"xpclr"
"chr2",19511934,1.485,"xpclr"
"chr2",19583934,1.964,"xpclr"
"chr2",19655935,3.464,"xpclr"
"chr2",19727935,3.082,"xpclr"
"chr2",19799935,1.516,"xpclr"
"chr2",19871935,1.052,"xpclr"
"chr2",19943936,0.58,"xpclr"
"chr2",20015936,1.265,"xpclr"
"chr2",20087936,1.634,"xpclr"
"chr2",20159937,2.921,"xpclr"
"chr2",20231937,4.521,"xpclr"
"chr2",20303937,5.293,"xpclr"
"chr2",20375938,2.479,"xpclr"
"chr2",20447938,2.924,"xpclr"
"chr2",20519938,2.542,"xpclr"
"chr2",20591938,3.975,"xpclr"
"chr2",20663939,2.863,"xpclr"
"chr2",20735939,4.154,"xpclr"
"chr2",20807939,2.125,"xpclr"
"chr2",20879940,1.208,"xpclr"
"chr2",20951940,1.145,"xpclr"
"chr2",21023940,0.73,"xpclr"
"chr2",21095940,0.968,"xpclr"
"chr2",21167941,0.636,"xpclr"
"chr2",21239941,0.569,"xpclr"
"chr2",21311941,0.449,"xpclr"
"chr2",21383942,0.315,"xpclr"
"chr2",21455942,0.32,"xpclr"
"chr2",21527942,0.242,"xpclr"
"chr2",21599942,0.456,"xpclr"
"chr2",21671943,0.318,"xpclr"
"chr2",21743943,0.483,"xpclr"
"chr2",21815943,0.583,"xpclr"
"chr2",21887944,1.175,"xpclr"
"chr2",21959944,2.028,"xpclr"
"chr2",22031944,2.004,"xpclr"
"chr2",22103944,1.879,"xpclr"
"chr2",22175945,1.07,"xpclr"
"chr2",22247945,1.388,"xpclr"
"chr2",22319945,1.367,"xpclr"
"chr2",22391946,1.793,"xpclr"
"chr2",22463946,1.195,"xpclr"
"chr2",22535946,0.874,"xpclr"
"chr2",22607946,0.97,"xpclr"
"chr2",22679947,1.01,"xpclr"
"chr2",22751947,1.73,"xpclr"
"chr2",22823947,2.041,"xpclr"
"chr2",22895948,2.204,"xpclr"
"chr2",22967948,2.556,"xpclr"
"chr2",23039948,2.564,"xpclr"
"chr2",23111948,1.368,"xpclr"
"chr2",23183949,2.176,"xpclr"
"chr2",23255949,1.846,"xpclr"
"chr2",23327949,1.363,"xpclr"
"chr2",23399950,2.019,"xpclr"
"chr2",23471950,1.857,"xpclr"
"chr2",23543950,1.624,"xpclr"
"chr2",23615950,2.842,"xpclr"
"chr2",23687951,3.726,"xpclr"
"chr2",23759951,3.726,"xpclr"
"chr2",23831951,2.297,"xpclr"
"chr2",23903952,6.685,"xpclr"
"chr2",23975952,5.275,"xpclr"
"chr2",24047952,5.848,"xpclr"
"chr2",24119952,4.188,"xpclr"
"chr2",24191953,5.063,"xpclr"
"chr2",24263953,6.77,"xpclr"
"chr2",24335953,3.416,"xpclr"
"chr2",24407954,2.809,"xpclr"
"chr2",24479954,2.613,"xpclr"
"chr2",24551954,3.332,"xpclr"
"chr2",24623954,5.774,"xpclr"
"chr2",24695955,4.761,"xpclr"
"chr2",24767955,4.684,"xpclr"
"chr2",24839955,5.307,"xpclr"
"chr2",24911956,5.856,"xpclr"
"chr2",24983956,3.436,"xpclr"
"chr2",25055956,2.695,"xpclr"
"chr2",25127957,2.142,"xpclr"
"chr2",25199957,1.237,"xpclr"
"chr2",25271957,1.344,"xpclr"
"chr2",25343957,2.844,"xpclr"
"chr2",25415958,2.652,"xpclr"
"chr2",25487958,4.175,"xpclr"
"chr2",25559958,4.907,"xpclr"
"chr2",25631959,5.036,"xpclr"
"chr2",25703959,3.228,"xpclr"
"chr2",25775959,3.105,"xpclr"
"chr2",25847959,1.409,"xpclr"
"chr2",25919960,1.689,"xpclr"
"chr2",25991960,1.497,"xpclr"
"chr2",26063960,1.679,"xpclr"
"chr2",26135961,2.245,"xpclr"
"chr2",26207961,1.113,"xpclr"
"chr2",26279961,0.851,"xpclr"
"chr2",26351961,0.942,"xpclr"
"chr2",26423962,0.981,"xpclr"
"chr2",26495962,0.97,"xpclr"
"chr2",26567962,0.877,"xpclr"
"chr2",26639963,0.902,"xpclr"
"chr2",26711963,0.643,"xpclr"
"chr2",26783963,0.481,"xpclr"
"chr2",26855963,0.481,"xpclr"
"chr2",26927964,0.419,"xpclr"
"chr2",26999964,0.814,"xpclr"
"chr2",27071964,1.201,"xpclr"
"chr2",27143965,1.482,"xpclr"
"chr2",27215965,1.16,"xpclr"
"chr2",27287965,1.656,"xpclr"
"chr2",27359965,1.13,"xpclr"
"chr2",27431966,1.864,"xpclr"
"chr2",27503966,1.398,"xpclr"
"chr2",27575966,1.445,"xpclr"
"chr2",27647967,2.369,"xpclr"
"chr2",27719967,2.103,"xpclr"
"chr2",27791967,1.452,"xpclr"
"chr2",27863967,0.938,"xpclr"
"chr2",27935968,0.776,"xpclr"
"chr2",28007968,1.746,"xpclr"
"chr2",28079968,2.276,"xpclr"
"chr2",28151969,1.674,"xpclr"
"chr2",28223969,1.783,"xpclr"
"chr2",28295969,3.904,"xpclr"
"chr2",28367969,3.183,"xpclr"
"chr2",28439970,3.934,"xpclr"
"chr2",28511970,3.596,"xpclr"
"chr2",28583970,4.153,"xpclr"
"chr2",28655971,4.467,"xpclr"
"chr2",28727971,2.68,"xpclr"
"chr2",28799971,3.023,"xpclr"
"chr2",28871971,2.05,"xpclr"
"chr2",28943972,1.575,"xpclr"
"chr2",29015972,1.921,"xpclr"
"chr2",29087972,1.797,"xpclr"
"chr2",29159973,1.902,"xpclr"
"chr2",29231973,1.826,"xpclr"
"chr2",29303973,2.221,"xpclr"
"chr2",29375974,5.656,"xpclr"
"chr2",29447974,8.597,"xpclr"
"chr2",29519974,6.075,"xpclr"
"chr2",29591974,5.861,"xpclr"
"chr2",29663975,7.952,"xpclr"
"chr2",29735975,12.901,"xpclr"
"chr2",29807975,7.081,"xpclr"
"chr2",29879976,7.996,"xpclr"
"chr2",29951976,6.975,"xpclr"
"chr2",30023976,3.492,"xpclr"
"chr2",30095976,5.668,"xpclr"
"chr2",30167977,3.855,"xpclr"
"chr2",30239977,2.831,"xpclr"
"chr2",30311977,3.156,"xpclr"
"chr2",30383978,1.972,"xpclr"
"chr2",30455978,1.867,"xpclr"
"chr2",30527978,1.305,"xpclr"
"chr2",30599978,0.625,"xpclr"
"chr2",30671979,0.611,"xpclr"
"chr2",30743979,1.222,"xpclr"
"chr2",30815979,0.88,"xpclr"
"chr2",30887980,1.421,"xpclr"
"chr2",30959980,1.605,"xpclr"
"chr2",31031980,2.759,"xpclr"
"chr2",31103980,1.883,"xpclr"
"chr2",31175981,3.66,"xpclr"
"chr2",31247981,3.315,"xpclr"
"chr2",31319981,1.494,"xpclr"
"chr2",31391982,1.071,"xpclr"
"chr2",31463982,1.96,"xpclr"
"chr2",31535982,1.104,"xpclr"
"chr2",31607982,1.451,"xpclr"
"chr2",31679983,1.246,"xpclr"
"chr2",31751983,1.143,"xpclr"
"chr2",31823983,1.608,"xpclr"
"chr2",31895984,1.88,"xpclr"
"chr2",31967984,1.586,"xpclr"
"chr2",32039984,2.319,"xpclr"
"chr2",32111984,1.877,"xpclr"
"chr2",32183985,2.257,"xpclr"
"chr2",32255985,1.245,"xpclr"
"chr2",32327985,1.266,"xpclr"
"chr2",32399986,1.289,"xpclr"
"chr2",32471986,1.449,"xpclr"
"chr2",32543986,1.805,"xpclr"
"chr2",32615986,1.534,"xpclr"
"chr2",32687987,1.472,"xpclr"
"chr2",32759987,2.899,"xpclr"
"chr2",32831987,2.806,"xpclr"
"chr2",32903988,3.106,"xpclr"
"chr2",32975988,3.732,"xpclr"
"chr2",33047988,5.03,"xpclr"
"chr2",33119988,5.02,"xpclr"
"chr2",33191989,4.539,"xpclr"
"chr2",33263989,7.05,"xpclr"
"chr2",33335989,7.967,"xpclr"
"chr2",33407990,13.557,"xpclr"
"chr2",33479990,19.547,"xpclr"
"chr2",33551990,12.019,"xpclr"
"chr2",33623990,7.806,"xpclr"
"chr2",33695991,5.537,"xpclr"
"chr2",33767991,3.774,"xpclr"
"chr2",33839991,3.36,"xpclr"
"chr2",33911992,2.614,"xpclr"
"chr2",33983992,3.202,"xpclr"
"chr2",34055992,1.671,"xpclr"
"chr2",34127993,1.673,"xpclr"
"chr2",34199993,1.411,"xpclr"
"chr2",34271993,1.108,"xpclr"
"chr2",34343993,1.31,"xpclr"
"chr2",34415994,1.712,"xpclr"
"chr2",34487994,1.416,"xpclr"
"chr2",34559994,1.374,"xpclr"
"chr2",34631995,1.066,"xpclr"
"chr2",34703995,1.387,"xpclr"
"chr2",34775995,2.62,"xpclr"
"chr2",34847995,2.623,"xpclr"
"chr2",34919996,2.127,"xpclr"
"chr2",34991996,3.219,"xpclr"
"chr2",35063996,3.923,"xpclr"
"chr2",35135997,6.52,"xpclr"
"chr2",35207997,6.251,"xpclr"
"chr2",35279997,6.769,"xpclr"
"chr2",35351997,2.287,"xpclr"
"chr2",35423998,2.097,"xpclr"
"chr2",35495998,3.439,"xpclr"
"chr2",35567998,3.845,"xpclr"
"chr2",35639999,2.879,"xpclr"
"chr2",35711999,2.768,"xpclr"
"chr2",35783999,2.543,"xpclr"
"chr2",35855999,1.942,"xpclr"
"chr2",35928000,1.702,"xpclr"
"chr2",3.6e+07,2.488,"xpclr"
"chr2",71856,0.249,"ihs"
"chr2",143857,0.073,"ihs"
"chr2",215857,0.191,"ihs"
"chr2",287857,0.628,"ihs"
"chr2",359857,0.145,"ihs"
"chr2",431858,0.343,"ihs"
"chr2",503858,0.572,"ihs"
"chr2",575858,0.407,"ihs"
"chr2",647859,0.778,"ihs"
"chr2",719859,0.027,"ihs"
"chr2",791859,0.664,"ihs"
"chr2",863859,0.536,"ihs"
"chr2",935860,0.332,"ihs"
"chr2",1007860,0.292,"ihs"
"chr2",1079860,0.591,"ihs"
"chr2",1151861,1.305,"ihs"
"chr2",1223861,0.39,"ihs"
"chr2",1295861,1.079,"ihs"
"chr2",1367861,0.666,"ihs"
"chr2",1439862,0.171,"ihs"
"chr2",1511862,0.472,"ihs"
"chr2",1583862,0.61,"ihs"
"chr2",1655863,1.34,"ihs"
"chr2",1727863,0.894,"ihs"
"chr2",1799863,0.484,"ihs"
"chr2",1871863,0.698,"ihs"
"chr2",1943864,0.455,"ihs"
"chr2",2015864,0.58,"ihs"
"chr2",2087864,0.345,"ihs"
"chr2",2159865,0.482,"ihs"
"chr2",2231865,0.56,"ihs"
"chr2",2303865,0.106,"ihs"
"chr2",2375866,0.61,"ihs"
"chr2",2447866,0.719,"ihs"
"chr2",2519866,1.187,"ihs"
"chr2",2591866,0.123,"ihs"
"chr2",2663867,1.002,"ihs"
"chr2",2735867,0.546,"ihs"
"chr2",2807867,0.124,"ihs"
"chr2",2879868,1.436,"ihs"
"chr2",2951868,1.508,"ihs"
"chr2",3023868,1.697,"ihs"
"chr2",3095868,1.601,"ihs"
"chr2",3167869,1.646,"ihs"
"chr2",3239869,0.993,"ihs"
"chr2",3311869,1.07,"ihs"
"chr2",3383870,0.506,"ihs"
"chr2",3455870,0.761,"ihs"
"chr2",3527870,0.565,"ihs"
"chr2",3599870,0.268,"ihs"
"chr2",3671871,0.09,"ihs"
"chr2",3743871,0.243,"ihs"
"chr2",3815871,0.242,"ihs"
"chr2",3887872,1.037,"ihs"
"chr2",3959872,0.452,"ihs"
"chr2",4031872,0.96,"ihs"
"chr2",4103872,0.292,"ihs"
"chr2",4175873,1.176,"ihs"
"chr2",4247873,1.025,"ihs"
"chr2",4319873,0.249,"ihs"
"chr2",4391874,0.327,"ihs"
"chr2",4463874,0.089,"ihs"
"chr2",4535874,0.311,"ihs"
"chr2",4607874,0.028,"ihs"
"chr2",4679875,0.034,"ihs"
"chr2",4751875,1.531,"ihs"
"chr2",4823875,0.448,"ihs"
"chr2",4895876,0.712,"ihs"
"chr2",4967876,0.736,"ihs"
"chr2",5039876,0.787,"ihs"
"chr2",5111876,1.338,"ihs"
"chr2",5183877,1.182,"ihs"
"chr2",5255877,0.301,"ihs"
"chr2",5327877,0.234,"ihs"
"chr2",5399878,1.098,"ihs"
"chr2",5471878,0.158,"ihs"
"chr2",5543878,0.271,"ihs"
"chr2",5615878,0.448,"ihs"
"chr2",5687879,1.017,"ihs"
"chr2",5759879,0.513,"ihs"
"chr2",5831879,0.603,"ihs"
"chr2",5903880,0.665,"ihs"
"chr2",5975880,0.17,"ihs"
"chr2",6047880,0.047,"ihs"
"chr2",6119880,0.02,"ihs"
"chr2",6191881,0.734,"ihs"
"chr2",6263881,0.302,"ihs"
"chr2",6335881,0.02,"ihs"
"chr2",6407882,0.178,"ihs"
"chr2",6479882,0.809,"ihs"
"chr2",6551882,0.846,"ihs"
"chr2",6623882,1.259,"ihs"
"chr2",6695883,0.749,"ihs"
"chr2",6767883,1.181,"ihs"
"chr2",6839883,0.871,"ihs"
"chr2",6911884,0.871,"ihs"
"chr2",6983884,1.128,"ihs"
"chr2",7055884,0.725,"ihs"
"chr2",7127885,1.538,"ihs"
"chr2",7199885,0.91,"ihs"
"chr2",7271885,0.509,"ihs"
"chr2",7343885,0.172,"ihs"
"chr2",7415886,0.337,"ihs"
"chr2",7487886,0.447,"ihs"
"chr2",7559886,0.23,"ihs"
"chr2",7631887,0.134,"ihs"
"chr2",7703887,0.808,"ihs"
"chr2",7775887,1.248,"ihs"
"chr2",7847887,1.413,"ihs"
"chr2",7919888,1.491,"ihs"
"chr2",7991888,0.989,"ihs"
"chr2",8063888,0.711,"ihs"
"chr2",8135889,0.654,"ihs"
"chr2",8207889,0.954,"ihs"
"chr2",8279889,0.893,"ihs"
"chr2",8351889,0.76,"ihs"
"chr2",8423890,0.285,"ihs"
"chr2",8495890,0.446,"ihs"
"chr2",8567890,1.208,"ihs"
"chr2",8639891,0.578,"ihs"
"chr2",8711891,0.065,"ihs"
"chr2",8783891,0.508,"ihs"
"chr2",8855891,0.312,"ihs"
"chr2",8927892,0.145,"ihs"
"chr2",8999892,0.421,"ihs"
"chr2",9071892,0.267,"ihs"
"chr2",9143893,0.414,"ihs"
"chr2",9215893,0.332,"ihs"
"chr2",9287893,0.032,"ihs"
"chr2",9359893,0.199,"ihs"
"chr2",9431894,0.069,"ihs"
"chr2",9503894,0.353,"ihs"
"chr2",9575894,0.152,"ihs"
"chr2",9647895,0.552,"ihs"
"chr2",9719895,0.681,"ihs"
"chr2",9791895,1.076,"ihs"
"chr2",9863895,0.774,"ihs"
"chr2",9935896,0.561,"ihs"
"chr2",10007896,0.092,"ihs"
"chr2",10079896,0.349,"ihs"
"chr2",10151897,1.105,"ihs"
"chr2",10223897,0.422,"ihs"
"chr2",10295897,0.307,"ihs"
"chr2",10367897,0.203,"ihs"
"chr2",10439898,0.147,"ihs"
"chr2",10511898,0.868,"ihs"
"chr2",10583898,0.02,"ihs"
"chr2",10655899,0.093,"ihs"
"chr2",10727899,0.138,"ihs"
"chr2",10799899,0.742,"ihs"
"chr2",10871899,0.02,"ihs"
"chr2",10943900,0.312,"ihs"
"chr2",11015900,0.805,"ihs"
"chr2",11087900,0.643,"ihs"
"chr2",11159901,0.32,"ihs"
"chr2",11231901,0.272,"ihs"
"chr2",11303901,0.253,"ihs"
"chr2",11375902,0.462,"ihs"
"chr2",11447902,0.084,"ihs"
"chr2",11519902,0.52,"ihs"
"chr2",11591902,1.178,"ihs"
"chr2",11663903,0.911,"ihs"
"chr2",11735903,1.155,"ihs"
"chr2",11807903,1.355,"ihs"
"chr2",11879904,0.567,"ihs"
"chr2",11951904,0.538,"ihs"
"chr2",12023904,0.701,"ihs"
"chr2",12095904,0.853,"ihs"
"chr2",12167905,0.998,"ihs"
"chr2",12239905,0.829,"ihs"
"chr2",12311905,1.146,"ihs"
"chr2",12383906,0.405,"ihs"
"chr2",12455906,0.714,"ihs"
"chr2",12527906,0.814,"ihs"
"chr2",12599906,0.653,"ihs"
"chr2",12671907,0.732,"ihs"
"chr2",12743907,0.029,"ihs"
"chr2",12815907,0.228,"ihs"
"chr2",12887908,0.869,"ihs"
"chr2",12959908,0.397,"ihs"
"chr2",13031908,0.383,"ihs"
"chr2",13103908,0.118,"ihs"
"chr2",13175909,0.295,"ihs"
"chr2",13247909,0.252,"ihs"
"chr2",13319909,0.687,"ihs"
"chr2",13391910,0.743,"ihs"
"chr2",13463910,1.273,"ihs"
"chr2",13535910,0.114,"ihs"
"chr2",13607910,0.318,"ihs"
"chr2",13679911,0.124,"ihs"
"chr2",13751911,0.26,"ihs"
"chr2",13823911,0.76,"ihs"
"chr2",13895912,0.906,"ihs"
"chr2",13967912,0.061,"ihs"
"chr2",14039912,0.514,"ihs"
"chr2",14111912,0.557,"ihs"
"chr2",14183913,0.22,"ihs"
"chr2",14255913,0.4,"ihs"
"chr2",14327913,1.293,"ihs"
"chr2",14399914,0.626,"ihs"
"chr2",14471914,1.767,"ihs"
"chr2",14543914,1.097,"ihs"
"chr2",14615914,1.113,"ihs"
"chr2",14687915,0.389,"ihs"
"chr2",14759915,0.332,"ihs"
"chr2",14831915,0.39,"ihs"
"chr2",14903916,0.221,"ihs"
"chr2",14975916,0.831,"ihs"
"chr2",15047916,1.216,"ihs"
"chr2",15119916,1.511,"ihs"
"chr2",15191917,1.196,"ihs"
"chr2",15263917,0.7,"ihs"
"chr2",15335917,0.713,"ihs"
"chr2",15407918,0.056,"ihs"
"chr2",15479918,0.228,"ihs"
"chr2",15551918,0.02,"ihs"
"chr2",15623918,0.523,"ihs"
"chr2",15695919,0.112,"ihs"
"chr2",15767919,0.567,"ihs"
"chr2",15839919,0.196,"ihs"
"chr2",15911920,0.095,"ihs"
"chr2",15983920,0.531,"ihs"
"chr2",16055920,0.119,"ihs"
"chr2",16127921,0.047,"ihs"
"chr2",16199921,0.59,"ihs"
"chr2",16271921,0.22,"ihs"
"chr2",16343921,0.538,"ihs"
"chr2",16415922,0.02,"ihs"
"chr2",16487922,0.255,"ihs"
"chr2",16559922,0.083,"ihs"
"chr2",16631923,0.141,"ihs"
"chr2",16703923,0.218,"ihs"
"chr2",16775923,0.225,"ihs"
"chr2",16847923,0.142,"ihs"
"chr2",16919924,0.481,"ihs"
"chr2",16991924,0.047,"ihs"
"chr2",17063924,0.137,"ihs"
"chr2",17135925,0.994,"ihs"
"chr2",17207925,1.384,"ihs"
"chr2",17279925,0.459,"ihs"
"chr2",17351925,0.031,"ihs"
"chr2",17423926,1.084,"ihs"
"chr2",17495926,1.151,"ihs"
"chr2",17567926,0.602,"ihs"
"chr2",17639927,0.442,"ihs"
"chr2",17711927,0.587,"ihs"
"chr2",17783927,0.02,"ihs"
"chr2",17855927,0.298,"ihs"
"chr2",17927928,0.022,"ihs"
"chr2",17999928,0.507,"ihs"
"chr2",18071928,0.443,"ihs"
"chr2",18143929,0.278,"ihs"
"chr2",18215929,0.54,"ihs"
"chr2",18287929,0.705,"ihs"
"chr2",18359929,0.194,"ihs"
"chr2",18431930,0.232,"ihs"
"chr2",18503930,0.139,"ihs"
"chr2",18575930,0.499,"ihs"
"chr2",18647931,0.432,"ihs"
"chr2",18719931,0.092,"ihs"
"chr2",18791931,0.987,"ihs"
"chr2",18863931,0.538,"ihs"
"chr2",18935932,0.099,"ihs"
"chr2",19007932,0.328,"ihs"
"chr2",19079932,0.97,"ihs"
"chr2",19151933,0.353,"ihs"
"chr2",19223933,0.363,"ihs"
"chr2",19295933,0.149,"ihs"
"chr2",19367933,0.382,"ihs"
"chr2",19439934,0.573,"ihs"
"chr2",19511934,0.588,"ihs"
"chr2",19583934,0.389,"ihs"
"chr2",19655935,0.237,"ihs"
"chr2",19727935,0.487,"ihs"
"chr2",19799935,0.603,"ihs"
"chr2",19871935,0.432,"ihs"
"chr2",19943936,1.176,"ihs"
"chr2",20015936,0.467,"ihs"
"chr2",20087936,0.232,"ihs"
"chr2",20159937,0.342,"ihs"
"chr2",20231937,0.888,"ihs"
"chr2",20303937,0.427,"ihs"
"chr2",20375938,0.45,"ihs"
"chr2",20447938,0.041,"ihs"
"chr2",20519938,0.297,"ihs"
"chr2",20591938,0.117,"ihs"
"chr2",20663939,0.771,"ihs"
"chr2",20735939,0.49,"ihs"
"chr2",20807939,0.167,"ihs"
"chr2",20879940,0.901,"ihs"
"chr2",20951940,0.669,"ihs"
"chr2",21023940,1.459,"ihs"
"chr2",21095940,1.081,"ihs"
"chr2",21167941,1.042,"ihs"
"chr2",21239941,0.883,"ihs"
"chr2",21311941,1.591,"ihs"
"chr2",21383942,1.731,"ihs"
"chr2",21455942,1.108,"ihs"
"chr2",21527942,1.422,"ihs"
"chr2",21599942,1.432,"ihs"
"chr2",21671943,2.107,"ihs"
"chr2",21743943,1.336,"ihs"
"chr2",21815943,1.027,"ihs"
"chr2",21887944,0.92,"ihs"
"chr2",21959944,0.496,"ihs"
"chr2",22031944,0.205,"ihs"
"chr2",22103944,0.466,"ihs"
"chr2",22175945,0.915,"ihs"
"chr2",22247945,0.537,"ihs"
"chr2",22319945,0.816,"ihs"
"chr2",22391946,0.143,"ihs"
"chr2",22463946,0.284,"ihs"
"chr2",22535946,0.987,"ihs"
"chr2",22607946,1.274,"ihs"
"chr2",22679947,0.913,"ihs"
"chr2",22751947,0.079,"ihs"
"chr2",22823947,0.104,"ihs"
"chr2",22895948,0.02,"ihs"
"chr2",22967948,0.384,"ihs"
"chr2",23039948,0.502,"ihs"
"chr2",23111948,0.766,"ihs"
"chr2",23183949,0.147,"ihs"
"chr2",23255949,0.57,"ihs"
"chr2",23327949,0.367,"ihs"
"chr2",23399950,0.263,"ihs"
"chr2",23471950,0.581,"ihs"
"chr2",23543950,0.233,"ihs"
"chr2",23615950,0.109,"ihs"
"chr2",23687951,0.209,"ihs"
"chr2",23759951,0.137,"ihs"
"chr2",23831951,0.076,"ihs"
"chr2",23903952,1.385,"ihs"
"chr2",23975952,0.489,"ihs"
"chr2",24047952,0.263,"ihs"
"chr2",24119952,0.306,"ihs"
"chr2",24191953,0.782,"ihs"
"chr2",24263953,0.406,"ihs"
"chr2",24335953,0.543,"ihs"
"chr2",24407954,0.395,"ihs"
"chr2",24479954,0.047,"ihs"
"chr2",24551954,0.376,"ihs"
"chr2",24623954,1.123,"ihs"
"chr2",24695955,0.695,"ihs"
"chr2",24767955,0.354,"ihs"
"chr2",24839955,0.693,"ihs"
"chr2",24911956,1.01,"ihs"
"chr2",24983956,0.03,"ihs"
"chr2",25055956,0.167,"ihs"
"chr2",25127957,0.472,"ihs"
"chr2",25199957,0.417,"ihs"
"chr2",25271957,0.228,"ihs"
"chr2",25343957,0.11,"ihs"
"chr2",25415958,0.379,"ihs"
"chr2",25487958,1.157,"ihs"
"chr2",25559958,0.921,"ihs"
"chr2",25631959,0.65,"ihs"
"chr2",25703959,0.517,"ihs"
"chr2",25775959,0.107,"ihs"
"chr2",25847959,0.437,"ihs"
"chr2",25919960,0.084,"ihs"
"chr2",25991960,0.078,"ihs"
"chr2",26063960,0.188,"ihs"
"chr2",26135961,0.144,"ihs"
"chr2",26207961,0.257,"ihs"
"chr2",26279961,0.8,"ihs"
"chr2",26351961,0.77,"ihs"
"chr2",26423962,0.973,"ihs"
"chr2",26495962,1.006,"ihs"
"chr2",26567962,0.908,"ihs"
"chr2",26639963,1.005,"ihs"
"chr2",26711963,0.978,"ihs"
"chr2",26783963,1.323,"ihs"
"chr2",26855963,1.484,"ihs"
"chr2",26927964,1.334,"ihs"
"chr2",26999964,0.524,"ihs"
"chr2",27071964,0.158,"ihs"
"chr2",27143965,0.376,"ihs"
"chr2",27215965,0.84,"ihs"
"chr2",27287965,0.028,"ihs"
"chr2",27359965,0.641,"ihs"
"chr2",27431966,0.298,"ihs"
"chr2",27503966,0.327,"ihs"
"chr2",27575966,1.448,"ihs"
"chr2",27647967,0.081,"ihs"
"chr2",27719967,0.444,"ihs"
"chr2",27791967,0.044,"ihs"
"chr2",27863967,0.86,"ihs"
"chr2",27935968,0.434,"ihs"
"chr2",28007968,0.159,"ihs"
"chr2",28079968,0.676,"ihs"
"chr2",28151969,0.616,"ihs"
"chr2",28223969,0.154,"ihs"
"chr2",28295969,0.115,"ihs"
"chr2",28367969,0.117,"ihs"
"chr2",28439970,0.796,"ihs"
"chr2",28511970,0.42,"ihs"
"chr2",28583970,0.263,"ihs"
"chr2",28655971,0.583,"ihs"
"chr2",28727971,0.247,"ihs"
"chr2",28799971,0.671,"ihs"
"chr2",28871971,0.08,"ihs"
"chr2",28943972,0.959,"ihs"
"chr2",29015972,0.02,"ihs"
"chr2",29087972,0.146,"ihs"
"chr2",29159973,1.237,"ihs"
"chr2",29231973,0.132,"ihs"
"chr2",29303973,0.086,"ihs"
"chr2",29375974,0.65,"ihs"
"chr2",29447974,0.847,"ihs"
"chr2",29519974,0.813,"ihs"
"chr2",29591974,0.676,"ihs"
"chr2",29663975,0.92,"ihs"
"chr2",29735975,2.036,"ihs"
"chr2",29807975,0.754,"ihs"
"chr2",29879976,1.123,"ihs"
"chr2",29951976,0.972,"ihs"
"chr2",30023976,0.461,"ihs"
"chr2",30095976,0.782,"ihs"
"chr2",30167977,0.02,"ihs"
"chr2",30239977,0.252,"ihs"
"chr2",30311977,0.332,"ihs"
"chr2",30383978,0.248,"ihs"
"chr2",30455978,0.428,"ihs"
"chr2",30527978,0.415,"ihs"
"chr2",30599978,1.081,"ihs"
"chr2",30671979,0.648,"ihs"
"chr2",30743979,0.83,"ihs"
"chr2",30815979,0.688,"ihs"
"chr2",30887980,0.689,"ihs"
"chr2",30959980,0.305,"ihs"
"chr2",31031980,0.246,"ihs"
"chr2",31103980,0.695,"ihs"
"chr2",31175981,0.06,"ihs"
"chr2",31247981,0.217,"ihs"
"chr2",31319981,0.215,"ihs"
"chr2",31391982,1.099,"ihs"
"chr2",31463982,0.295,"ihs"
"chr2",31535982,0.636,"ihs"
"chr2",31607982,0.981,"ihs"
"chr2",31679983,0.681,"ihs"
"chr2",31751983,0.984,"ihs"
"chr2",31823983,0.158,"ihs"
"chr2",31895984,0.461,"ihs"
"chr2",31967984,0.639,"ihs"
"chr2",32039984,0.301,"ihs"
"chr2",32111984,0.439,"ihs"
"chr2",32183985,0.099,"ihs"
"chr2",32255985,0.615,"ihs"
"chr2",32327985,0.44,"ihs"
"chr2",32399986,0.467,"ihs"
"chr2",32471986,0.47,"ihs"
"chr2",32543986,0.451,"ihs"
"chr2",32615986,0.093,"ihs"
"chr2",32687987,0.579,"ihs"
"chr2",32759987,0.427,"ihs"
"chr2",32831987,0.156,"ihs"
"chr2",32903988,0.093,"ihs"
"chr2",32975988,0.036,"ihs"
"chr2",33047988,0.824,"ihs"
"chr2",33119988,0.732,"ihs"
"chr2",33191989,0.482,"ihs"
"chr2",33263989,1.34,"ihs"
"chr2",33335989,1.1,"ihs"
"chr2",33407990,1.239,"ihs"
"chr2",33479990,1.648,"ihs"
"chr2",33551990,0.752,"ihs"
"chr2",33623990,0.791,"ihs"
"chr2",33695991,1.15,"ihs"
"chr2",33767991,0.596,"ihs"
"chr2",33839991,0.152,"ihs"
"chr2",33911992,0.51,"ihs"
"chr2",33983992,0.077,"ihs"
"chr2",34055992,0.307,"ihs"
"chr2",34127993,0.275,"ihs"
"chr2",34199993,0.44,"ihs"
"chr2",34271993,0.424,"ihs"
"chr2",34343993,0.613,"ihs"
"chr2",34415994,0.662,"ihs"
"chr2",34487994,0.561,"ihs"
"chr2",34559994,0.856,"ihs"
"chr2",34631995,0.526,"ihs"
"chr2",34703995,0.459,"ihs"
"chr2",34775995,0.023,"ihs"
"chr2",34847995,0.644,"ihs"
"chr2",34919996,0.06,"ihs"
"chr2",34991996,0.333,"ihs"
"chr2",35063996,0.888,"ihs"
"chr2",35135997,0.105,"ihs"
"chr2",35207997,0.796,"ihs"
"chr2",35279997,0.855,"ihs"
"chr2",35351997,0.473,"ihs"
"chr2",35423998,0.122,"ihs"
"chr2",35495998,0.16,"ihs"
"chr2",35567998,0.192,"ihs"
"chr2",35639999,0.218,"ihs"
"chr2",35711999,0.172,"ihs"
"chr2",35783999,0.197,"ihs"
"chr2",35855999,0.105,"ihs"
"chr2",35928000,0.202,"ihs"
"chr2",3.6e+07,0.105,"ihs"
"chr3",75848,3.019,"xpclr"
"chr3",151849,2.832,"xpclr"
"chr3",227849,5.281,"xpclr"
"chr3",303849,3.629,"xpclr"
"chr3",379850,2.419,"xpclr"
"chr3",455850,2.992,"xpclr"
"chr3",531850,4.026,"xpclr"
"chr3",607850,5.884,"xpclr"
"chr3",683851,11.448,"xpclr"
"chr3",759851,8.267,"xpclr"
"chr3",835851,5.971,"xpclr"
"chr3",911852,2.691,"xpclr"
"chr3",987852,2.997,"xpclr"
"chr3",1063852,2.75,"xpclr"
"chr3",1139853,2.241,"xpclr"
"chr3",1215853,2.569,"xpclr"
"chr3",1291853,2.352,"xpclr"
"chr3",1367853,1.607,"xpclr"
"chr3",1443854,1.336,"xpclr"
"chr3",1519854,1.603,"xpclr"
"chr3",1595854,1.702,"xpclr"
"chr3",1671855,1.486,"xpclr"
"chr3",1747855,1.756,"xpclr"
"chr3",1823855,3.734,"xpclr"
"chr3",1899856,6.386,"xpclr"
"chr3",1975856,4.912,"xpclr"
"chr3",2051856,5.841,"xpclr"
"chr3",2127857,5.119,"xpclr"
"chr3",2203857,3.66,"xpclr"
"chr3",2279857,4.231,"xpclr"
"chr3",2355857,3.729,"xpclr"
"chr3",2431858,7.49,"xpclr"
"chr3",2507858,4.376,"xpclr"
"chr3",2583858,3.289,"xpclr"
"chr3",2659859,3.055,"xpclr"
"chr3",2735859,3.569,"xpclr"
"chr3",2811859,2.316,"xpclr"
"chr3",2887860,1.594,"xpclr"
"chr3",2963860,1.423,"xpclr"
"chr3",3039860,1.692,"xpclr"
"chr3",3115860,2.16,"xpclr"
"chr3",3191861,2.325,"xpclr"
"chr3",3267861,1.737,"xpclr"
"chr3",3343861,3.136,"xpclr"
"chr3",3419862,1.94,"xpclr"
"chr3",3495862,1.63,"xpclr"
"chr3",3571862,1.621,"xpclr"
"chr3",3647863,1.243,"xpclr"
"chr3",3723863,0.858,"xpclr"
"chr3",3799863,0.568,"xpclr"
"chr3",3875864,0.706,"xpclr"
"chr3",3951864,1.662,"xpclr"
"chr3",4027864,2.078,"xpclr"
"chr3",4103864,2.729,"xpclr"
"chr3",4179865,1.871,"xpclr"
"chr3",4255865,2.53,"xpclr"
"chr3",4331865,2.68,"xpclr"
"chr3",4407866,2.375,"xpclr"
"chr3",4483866,2.163,"xpclr"
"chr3",4559866,3.091,"xpclr"
"chr3",4635867,6.018,"xpclr"
"chr3",4711867,7.681,"xpclr"
"chr3",4787867,7.25,"xpclr"
"chr3",4863867,4.7,"xpclr"
"chr3",4939868,3.802,"xpclr"
"chr3",5015868,2.503,"xpclr"
"chr3",5091868,1.676,"xpclr"
"chr3",5167869,1.57,"xpclr"
"chr3",5243869,1.997,"xpclr"
"chr3",5319869,2.356,"xpclr"
"chr3",5395870,3.234,"xpclr"
"chr3",5471870,3.768,"xpclr"
"chr3",5547870,5.184,"xpclr"
"chr3",5623870,4.355,"xpclr"
"chr3",5699871,4.31,"xpclr"
"chr3",5775871,4.639,"xpclr"
"chr3",5851871,6.706,"xpclr"
"chr3",5927872,4.135,"xpclr"
"chr3",6003872,3.694,"xpclr"
"chr3",6079872,6.324,"xpclr"
"chr3",6155873,4.833,"xpclr"
"chr3",6231873,9.532,"xpclr"
"chr3",6307873,11.689,"xpclr"
"chr3",6383874,6.469,"xpclr"
"chr3",6459874,3.734,"xpclr"
"chr3",6535874,2.304,"xpclr"
"chr3",6611874,3.521,"xpclr"
"chr3",6687875,5.23,"xpclr"
"chr3",6763875,3.905,"xpclr"
"chr3",6839875,3.759,"xpclr"
"chr3",6915876,4.145,"xpclr"
"chr3",6991876,4.044,"xpclr"
"chr3",7067876,5.63,"xpclr"
"chr3",7143877,5.549,"xpclr"
"chr3",7219877,6.04,"xpclr"
"chr3",7295877,7.459,"xpclr"
"chr3",7371877,5.762,"xpclr"
"chr3",7447878,5.331,"xpclr"
"chr3",7523878,4.836,"xpclr"
"chr3",7599878,6.074,"xpclr"
"chr3",7675879,3.105,"xpclr"
"chr3",7751879,2.044,"xpclr"
"chr3",7827879,1.166,"xpclr"
"chr3",7903880,1.063,"xpclr"
"chr3",7979880,1.588,"xpclr"
"chr3",8055880,2.007,"xpclr"
"chr3",8131881,1.925,"xpclr"
"chr3",8207881,1.281,"xpclr"
"chr3",8283881,1.408,"xpclr"
"chr3",8359881,1.319,"xpclr"
"chr3",8435882,1.965,"xpclr"
"chr3",8511882,2.324,"xpclr"
"chr3",8587882,1.763,"xpclr"
"chr3",8663883,0.952,"xpclr"
"chr3",8739883,1.116,"xpclr"
"chr3",8815883,1.15,"xpclr"
"chr3",8891884,1.512,"xpclr"
"chr3",8967884,1.255,"xpclr"
"chr3",9043884,1.41,"xpclr"
"chr3",9119884,1.289,"xpclr"
"chr3",9195885,1.302,"xpclr"
"chr3",9271885,1.461,"xpclr"
"chr3",9347885,1.955,"xpclr"
"chr3",9423886,2.468,"xpclr"
"chr3",9499886,1.42,"xpclr"
"chr3",9575886,0.853,"xpclr"
"chr3",9651887,0.56,"xpclr"
"chr3",9727887,0.651,"xpclr"
"chr3",9803887,0.698,"xpclr"
"chr3",9879888,0.675,"xpclr"
"chr3",9955888,0.642,"xpclr"
"chr3",10031888,0.776,"xpclr"
"chr3",10107888,0.916,"xpclr"
"chr3",10183889,1.053,"xpclr"
"chr3",10259889,1.405,"xpclr"
"chr3",10335889,1.374,"xpclr"
"chr3",10411890,0.779,"xpclr"
"chr3",10487890,0.815,"xpclr"
"chr3",10563890,0.535,"xpclr"
"chr3",10639891,0.98,"xpclr"
"chr3",10715891,0.7,"xpclr"
"chr3",10791891,0.746,"xpclr"
"chr3",10867891,0.703,"xpclr"
"chr3",10943892,0.638,"xpclr"
"chr3",11019892,0.568,"xpclr"
"chr3",11095892,0.645,"xpclr"
"chr3",11171893,1.212,"xpclr"
"chr3",11247893,0.965,"xpclr"
"chr3",11323893,0.83,"xpclr"
"chr3",11399894,0.818,"xpclr"
"chr3",11475894,0.569,"xpclr"
"chr3",11551894,0.646,"xpclr"
"chr3",11627895,0.654,"xpclr"
"chr3",11703895,1.293,"xpclr"
"chr3",11779895,1.788,"xpclr"
"chr3",11855895,1.869,"xpclr"
"chr3",11931896,2.805,"xpclr"
"chr3",12007896,2.122,"xpclr"
"chr3",12083896,2.706,"xpclr"
"chr3",12159897,2.659,"xpclr"
"chr3",12235897,3.424,"xpclr"
"chr3",12311897,4.069,"xpclr"
"chr3",12387898,8.584,"xpclr"
"chr3",12463898,9.015,"xpclr"
"chr3",12539898,8.302,"xpclr"
"chr3",12615898,8.979,"xpclr"
"chr3",12691899,7.252,"xpclr"
"chr3",12767899,8.032,"xpclr"
"chr3",12843899,8.981,"xpclr"
"chr3",12919900,11.648,"xpclr"
"chr3",12995900,15.029,"xpclr"
"chr3",13071900,14.19,"xpclr"
"chr3",13147901,15.537,"xpclr"
"chr3",13223901,16.298,"xpclr"
"chr3",13299901,19.722,"xpclr"
"chr3",13375902,22.782,"xpclr"
"chr3",13451902,25.297,"xpclr"
"chr3",13527902,25.233,"xpclr"
"chr3",13603902,27.475,"xpclr"
"chr3",13679903,28.086,"xpclr"
"chr3",13755903,31.873,"xpclr"
"chr3",13831903,34.058,"xpclr"
"chr3",13907904,35.337,"xpclr"
"chr3",13983904,38.397,"xpclr"
"chr3",14059904,40.244,"xpclr"
"chr3",14135905,43.543,"xpclr"
"chr3",14211905,45.185,"xpclr"
"chr3",14287905,47.115,"xpclr"
"chr3",14363905,47.716,"xpclr"
"chr3",14439906,46.442,"xpclr"
"chr3",14515906,45.41,"xpclr"
"chr3",14591906,44.281,"xpclr"
"chr3",14667907,43.166,"xpclr"
"chr3",14743907,41.355,"xpclr"
"chr3",14819907,39.018,"xpclr"
"chr3",14895908,37.553,"xpclr"
"chr3",14971908,35.734,"xpclr"
"chr3",15047908,33.97,"xpclr"
"chr3",15123908,31.622,"xpclr"
"chr3",15199909,28.744,"xpclr"
"chr3",15275909,26.361,"xpclr"
"chr3",15351909,24.737,"xpclr"
"chr3",15427910,21.576,"xpclr"
"chr3",15503910,19.242,"xpclr"
"chr3",15579910,21.529,"xpclr"
"chr3",15655911,18.548,"xpclr"
"chr3",15731911,14.119,"xpclr"
"chr3",15807911,12.666,"xpclr"
"chr3",15883912,11.07,"xpclr"
"chr3",15959912,12.407,"xpclr"
"chr3",16035912,11.692,"xpclr"
"chr3",16111912,11.669,"xpclr"
"chr3",16187913,10.56,"xpclr"
"chr3",16263913,9.468,"xpclr"
"chr3",16339913,9.811,"xpclr"
"chr3",16415914,8.261,"xpclr"
"chr3",16491914,9.289,"xpclr"
"chr3",16567914,9.026,"xpclr"
"chr3",16643915,14.146,"xpclr"
"chr3",16719915,8.599,"xpclr"
"chr3",16795915,4.957,"xpclr"
"chr3",16871915,3.949,"xpclr"
"chr3",16947916,2.96,"xpclr"
"chr3",17023916,2.282,"xpclr"
"chr3",17099916,2.555,"xpclr"
"chr3",17175917,3.452,"xpclr"
"chr3",17251917,3.88,"xpclr"
"chr3",17327917,4.637,"xpclr"
"chr3",17403918,1.708,"xpclr"
"chr3",17479918,1.63,"xpclr"
"chr3",17555918,1.638,"xpclr"
"chr3",17631919,1.708,"xpclr"
"chr3",17707919,3.035,"xpclr"
"chr3",17783919,2.202,"xpclr"
"chr3",17859919,1.472,"xpclr"
"chr3",17935920,1.755,"xpclr"
"chr3",18011920,0.819,"xpclr"
"chr3",18087920,0.846,"xpclr"
"chr3",18163921,0.836,"xpclr"
"chr3",18239921,1.814,"xpclr"
"chr3",18315921,1.986,"xpclr"
"chr3",18391922,1.387,"xpclr"
"chr3",18467922,1.424,"xpclr"
"chr3",18543922,1.704,"xpclr"
"chr3",18619922,2.429,"xpclr"
"chr3",18695923,1.125,"xpclr"
"chr3",18771923,1.756,"xpclr"
"chr3",18847923,1.919,"xpclr"
"chr3",18923924,1.911,"xpclr"
"chr3",18999924,2.39,"xpclr"
"chr3",19075924,1.375,"xpclr"
"chr3",19151925,1.073,"xpclr"
"chr3",19227925,1.159,"xpclr"
"chr3",19303925,0.742,"xpclr"
"chr3",19379926,1.065,"xpclr"
"chr3",19455926,2.174,"xpclr"
"chr3",19531926,1.95,"xpclr"
"chr3",19607926,2.421,"xpclr"
"chr3",19683927,1.081,"xpclr"
"chr3",19759927,0.737,"xpclr"
"chr3",19835927,0.848,"xpclr"
"chr3",19911928,0.989,"xpclr"
"chr3",19987928,2.475,"xpclr"
"chr3",20063928,4.178,"xpclr"
"chr3",20139929,4.674,"xpclr"
"chr3",20215929,8.186,"xpclr"
"chr3",20291929,9.962,"xpclr"
"chr3",20367929,9.248,"xpclr"
"chr3",20443930,8.671,"xpclr"
"chr3",20519930,12.06,"xpclr"
"chr3",20595930,13.701,"xpclr"
"chr3",20671931,12.118,"xpclr"
"chr3",20747931,9.943,"xpclr"
"chr3",20823931,8.418,"xpclr"
"chr3",20899932,5.44,"xpclr"
"chr3",20975932,4.803,"xpclr"
"chr3",21051932,6.598,"xpclr"
"chr3",21127933,4.564,"xpclr"
"chr3",21203933,2.685,"xpclr"
"chr3",21279933,2.795,"xpclr"
"chr3",21355933,2.085,"xpclr"
"chr3",21431934,1.868,"xpclr"
"chr3",21507934,2.124,"xpclr"
"chr3",21583934,3.237,"xpclr"
"chr3",21659935,4.618,"xpclr"
"chr3",21735935,3.964,"xpclr"
"chr3",21811935,3.133,"xpclr"
"chr3",21887936,4.268,"xpclr"
"chr3",21963936,6.773,"xpclr"
"chr3",22039936,5.072,"xpclr"
"chr3",22115936,5.42,"xpclr"
"chr3",22191937,6.393,"xpclr"
"chr3",22267937,3.978,"xpclr"
"chr3",22343937,2.985,"xpclr"
"chr3",22419938,2.999,"xpclr"
"chr3",22495938,5.292,"xpclr"
"chr3",22571938,6.661,"xpclr"
"chr3",22647939,3.646,"xpclr"
"chr3",22723939,4.591,"xpclr"
"chr3",22799939,5.222,"xpclr"
"chr3",22875940,4.481,"xpclr"
"chr3",22951940,2.238,"xpclr"
"chr3",23027940,3.335,"xpclr"
"chr3",23103940,6.49,"xpclr"
"chr3",23179941,9.849,"xpclr"
"chr3",23255941,7.378,"xpclr"
"chr3",23331941,8.376,"xpclr"
"chr3",23407942,8.155,"xpclr"
"chr3",23483942,10.686,"xpclr"
"chr3",23559942,7.041,"xpclr"
"chr3",23635943,5.806,"xpclr"
"chr3",23711943,9.123,"xpclr"
"chr3",23787943,13.029,"xpclr"
"chr3",23863943,7.265,"xpclr"
"chr3",23939944,6.382,"xpclr"
"chr3",24015944,6.441,"xpclr"
"chr3",24091944,6.051,"xpclr"
"chr3",24167945,5.105,"xpclr"
"chr3",24243945,5.575,"xpclr"
"chr3",24319945,6.961,"xpclr"
"chr3",24395946,8.65,"xpclr"
"chr3",24471946,10.728,"xpclr"
"chr3",24547946,14.451,"xpclr"
"chr3",24623946,14.155,"xpclr"
"chr3",24699947,15.053,"xpclr"
"chr3",24775947,17.123,"xpclr"
"chr3",24851947,14.405,"xpclr"
"chr3",24927948,15.089,"xpclr"
"chr3",25003948,14.759,"xpclr"
"chr3",25079948,15.803,"xpclr"
"chr3",25155949,17.808,"xpclr"
"chr3",25231949,19.307,"xpclr"
"chr3",25307949,20.312,"xpclr"
"chr3",25383950,20.129,"xpclr"
"chr3",25459950,22.143,"xpclr"
"chr3",25535950,20.576,"xpclr"
"chr3",25611950,22.164,"xpclr"
"chr3",25687951,22.193,"xpclr"
"chr3",25763951,19.283,"xpclr"
"chr3",25839951,16.83,"xpclr"
"chr3",25915952,15.717,"xpclr"
"chr3",25991952,15.725,"xpclr"
"chr3",26067952,16.259,"xpclr"
"chr3",26143953,15.363,"xpclr"
"chr3",26219953,15.022,"xpclr"
"chr3",26295953,14.171,"xpclr"
"chr3",26371953,10.186,"xpclr"
"chr3",26447954,8.585,"xpclr"
"chr3",26523954,5.41,"xpclr"
"chr3",26599954,4.977,"xpclr"
"chr3",26675955,4.561,"xpclr"
"chr3",26751955,3.627,"xpclr"
"chr3",26827955,4.508,"xpclr"
"chr3",26903956,3.285,"xpclr"
"chr3",26979956,3.448,"xpclr"
"chr3",27055956,4.069,"xpclr"
"chr3",27131957,2.463,"xpclr"
"chr3",27207957,1.647,"xpclr"
"chr3",27283957,2.216,"xpclr"
"chr3",27359957,1.609,"xpclr"
"chr3",27435958,1.145,"xpclr"
"chr3",27511958,0.84,"xpclr"
"chr3",27587958,0.72,"xpclr"
"chr3",27663959,1.284,"xpclr"
"chr3",27739959,1.841,"xpclr"
"chr3",27815959,2.139,"xpclr"
"chr3",27891960,3.396,"xpclr"
"chr3",27967960,3.795,"xpclr"
"chr3",28043960,4.555,"xpclr"
"chr3",28119960,3.985,"xpclr"
"chr3",28195961,6.38,"xpclr"
"chr3",28271961,7.546,"xpclr"
"chr3",28347961,5.692,"xpclr"
"chr3",28423962,3.949,"xpclr"
"chr3",28499962,2.879,"xpclr"
"chr3",28575962,2.696,"xpclr"
"chr3",28651963,2.814,"xpclr"
"chr3",28727963,3.483,"xpclr"
"chr3",28803963,6.598,"xpclr"
"chr3",28879964,8.69,"xpclr"
"chr3",28955964,5.647,"xpclr"
"chr3",29031964,5.023,"xpclr"
"chr3",29107964,4.501,"xpclr"
"chr3",29183965,2.759,"xpclr"
"chr3",29259965,1.297,"xpclr"
"chr3",29335965,0.983,"xpclr"
"chr3",29411966,0.715,"xpclr"
"chr3",29487966,1.16,"xpclr"
"chr3",29563966,1.391,"xpclr"
"chr3",29639967,1.803,"xpclr"
"chr3",29715967,1.47,"xpclr"
"chr3",29791967,1.483,"xpclr"
"chr3",29867967,1.508,"xpclr"
"chr3",29943968,1.797,"xpclr"
"chr3",30019968,1.882,"xpclr"
"chr3",30095968,3.149,"xpclr"
"chr3",30171969,3.179,"xpclr"
"chr3",30247969,2.511,"xpclr"
"chr3",30323969,2.556,"xpclr"
"chr3",30399970,2.505,"xpclr"
"chr3",30475970,2.856,"xpclr"
"chr3",30551970,3.364,"xpclr"
"chr3",30627971,6.474,"xpclr"
"chr3",30703971,4.494,"xpclr"
"chr3",30779971,5.235,"xpclr"
"chr3",30855971,6.37,"xpclr"
"chr3",30931972,5.558,"xpclr"
"chr3",31007972,5.696,"xpclr"
"chr3",31083972,4.033,"xpclr"
"chr3",31159973,4.882,"xpclr"
"chr3",31235973,3.887,"xpclr"
"chr3",31311973,5.405,"xpclr"
"chr3",31387974,3.363,"xpclr"
"chr3",31463974,2.214,"xpclr"
"chr3",31539974,2.873,"xpclr"
"chr3",31615974,2.027,"xpclr"
"chr3",31691975,2.507,"xpclr"
"chr3",31767975,3.852,"xpclr"
"chr3",31843975,5.149,"xpclr"
"chr3",31919976,4.079,"xpclr"
"chr3",31995976,1.918,"xpclr"
"chr3",32071976,2.157,"xpclr"
"chr3",32147977,2.729,"xpclr"
"chr3",32223977,2.794,"xpclr"
"chr3",32299977,1.556,"xpclr"
"chr3",32375978,1.29,"xpclr"
"chr3",32451978,2.752,"xpclr"
"chr3",32527978,2.832,"xpclr"
"chr3",32603978,3.496,"xpclr"
"chr3",32679979,2.115,"xpclr"
"chr3",32755979,2.402,"xpclr"
"chr3",32831979,3.101,"xpclr"
"chr3",32907980,4.565,"xpclr"
"chr3",32983980,2.933,"xpclr"
"chr3",33059980,2.29,"xpclr"
"chr3",33135981,1.277,"xpclr"
"chr3",33211981,1.68,"xpclr"
"chr3",33287981,1.041,"xpclr"
"chr3",33363981,1.511,"xpclr"
"chr3",33439982,1.362,"xpclr"
"chr3",33515982,1.304,"xpclr"
"chr3",33591982,1.059,"xpclr"
"chr3",33667983,1.111,"xpclr"
"chr3",33743983,1.118,"xpclr"
"chr3",33819983,1.922,"xpclr"
"chr3",33895984,1.246,"xpclr"
"chr3",33971984,1.016,"xpclr"
"chr3",34047984,0.668,"xpclr"
"chr3",34123984,0.695,"xpclr"
"chr3",34199985,0.553,"xpclr"
"chr3",34275985,0.56,"xpclr"
"chr3",34351985,0.823,"xpclr"
"chr3",34427986,0.613,"xpclr"
"chr3",34503986,1.121,"xpclr"
"chr3",34579986,1.254,"xpclr"
"chr3",34655987,1.549,"xpclr"
"chr3",34731987,1.11,"xpclr"
"chr3",34807987,1.348,"xpclr"
"chr3",34883988,2.175,"xpclr"
"chr3",34959988,1.799,"xpclr"
"chr3",35035988,2.956,"xpclr"
"chr3",35111988,3.244,"xpclr"
"chr3",35187989,4.54,"xpclr"
"chr3",35263989,6.782,"xpclr"
"chr3",35339989,3.694,"xpclr"
"chr3",35415990,4.725,"xpclr"
"chr3",35491990,7.081,"xpclr"
"chr3",35567990,6.762,"xpclr"
"chr3",35643991,6.237,"xpclr"
"chr3",35719991,5.358,"xpclr"
"chr3",35795991,8.06,"xpclr"
"chr3",35871991,4.943,"xpclr"
"chr3",35947992,4.267,"xpclr"
"chr3",36023992,3.703,"xpclr"
"chr3",36099992,6.02,"xpclr"
"chr3",36175993,5.777,"xpclr"
"chr3",36251993,7.683,"xpclr"
"chr3",36327993,7.041,"xpclr"
"chr3",36403994,4.155,"xpclr"
"chr3",36479994,2.462,"xpclr"
"chr3",36555994,1.844,"xpclr"
"chr3",36631995,1.778,"xpclr"
"chr3",36707995,1.86,"xpclr"
"chr3",36783995,0.885,"xpclr"
"chr3",36859995,1.348,"xpclr"
"chr3",36935996,1.551,"xpclr"
"chr3",37011996,1.366,"xpclr"
"chr3",37087996,3.168,"xpclr"
"chr3",37163997,2.756,"xpclr"
"chr3",37239997,3.071,"xpclr"
"chr3",37315997,3.6,"xpclr"
"chr3",37391998,3.544,"xpclr"
"chr3",37467998,3.866,"xpclr"
"chr3",37543998,2.33,"xpclr"
"chr3",37619998,1.84,"xpclr"
"chr3",37695999,1.045,"xpclr"
"chr3",37771999,1.206,"xpclr"
"chr3",37847999,0.922,"xpclr"
"chr3",37924000,0.984,"xpclr"
"chr3",3.8e+07,0.502,"xpclr"
"chr3",75848,0.372,"ihs"
"chr3",151849,0.433,"ihs"
"chr3",227849,0.713,"ihs"
"chr3",303849,0.512,"ihs"
"chr3",379850,0.039,"ihs"
"chr3",455850,0.02,"ihs"
"chr3",531850,0.072,"ihs"
"chr3",607850,0.769,"ihs"
"chr3",683851,0.769,"ihs"
"chr3",759851,0.6,"ihs"
"chr3",835851,0.565,"ihs"
"chr3",911852,1.138,"ihs"
"chr3",987852,0.031,"ihs"
"chr3",1063852,0.081,"ihs"
"chr3",1139853,1.038,"ihs"
"chr3",1215853,0.962,"ihs"
"chr3",1291853,0.163,"ihs"
"chr3",1367853,0.163,"ihs"
"chr3",1443854,0.14,"ihs"
"chr3",1519854,0.131,"ihs"
"chr3",1595854,0.286,"ihs"
"chr3",1671855,0.953,"ihs"
"chr3",1747855,0.047,"ihs"
"chr3",1823855,0.505,"ihs"
"chr3",1899856,0.882,"ihs"
"chr3",1975856,1.003,"ihs"
"chr3",2051856,0.949,"ihs"
"chr3",2127857,0.964,"ihs"
"chr3",2203857,0.802,"ihs"
"chr3",2279857,0.83,"ihs"
"chr3",2355857,0.091,"ihs"
"chr3",2431858,0.96,"ihs"
"chr3",2507858,0.243,"ihs"
"chr3",2583858,0.479,"ihs"
"chr3",2659859,0.185,"ihs"
"chr3",2735859,0.03,"ihs"
"chr3",2811859,0.031,"ihs"
"chr3",2887860,0.02,"ihs"
"chr3",2963860,0.445,"ihs"
"chr3",3039860,0.729,"ihs"
"chr3",3115860,0.295,"ihs"
"chr3",3191861,0.161,"ihs"
"chr3",3267861,0.27,"ihs"
"chr3",3343861,0.281,"ihs"
"chr3",3419862,0.057,"ihs"
"chr3",3495862,0.178,"ihs"
"chr3",3571862,0.609,"ihs"
"chr3",3647863,0.343,"ihs"
"chr3",3723863,0.777,"ihs"
"chr3",3799863,1.072,"ihs"
"chr3",3875864,0.716,"ihs"
"chr3",3951864,0.291,"ihs"
"chr3",4027864,0.109,"ihs"
"chr3",4103864,0.12,"ihs"
"chr3",4179865,0.142,"ihs"
"chr3",4255865,0.057,"ihs"
"chr3",4331865,0.036,"ihs"
"chr3",4407866,0.108,"ihs"
"chr3",4483866,0.02,"ihs"
"chr3",4559866,0.092,"ihs"
"chr3",4635867,0.397,"ihs"
"chr3",4711867,0.568,"ihs"
"chr3",4787867,0.961,"ihs"
"chr3",4863867,0.429,"ihs"
"chr3",4939868,0.543,"ihs"
"chr3",5015868,0.419,"ihs"
"chr3",5091868,0.04,"ihs"
"chr3",5167869,0.301,"ihs"
"chr3",5243869,0.058,"ihs"
"chr3",5319869,0.316,"ihs"
"chr3",5395870,0.708,"ihs"
"chr3",5471870,0.742,"ihs"
"chr3",5547870,0.59,"ihs"
"chr3",5623870,0.605,"ihs"
"chr3",5699871,0.442,"ihs"
"chr3",5775871,0.368,"ihs"
"chr3",5851871,0.845,"ihs"
"chr3",5927872,0.311,"ihs"
"chr3",6003872,0.657,"ihs"
"chr3",6079872,0.69,"ihs"
"chr3",6155873,1.054,"ihs"
"chr3",6231873,0.889,"ihs"
"chr3",6307873,1.384,"ihs"
"chr3",6383874,0.828,"ihs"
"chr3",6459874,0.805,"ihs"
"chr3",6535874,0.367,"ihs"
"chr3",6611874,0.162,"ihs"
"chr3",6687875,0.234,"ihs"
"chr3",6763875,0.257,"ihs"
"chr3",6839875,0.451,"ihs"
"chr3",6915876,1.118,"ihs"
"chr3",6991876,0.479,"ihs"
"chr3",7067876,0.9,"ihs"
"chr3",7143877,0.545,"ihs"
"chr3",7219877,0.93,"ihs"
"chr3",7295877,0.92,"ihs"
"chr3",7371877,0.717,"ihs"
"chr3",7447878,0.108,"ihs"
"chr3",7523878,0.188,"ihs"
"chr3",7599878,1.067,"ihs"
"chr3",7675879,0.4,"ihs"
"chr3",7751879,0.187,"ihs"
"chr3",7827879,0.062,"ihs"
"chr3",7903880,0.865,"ihs"
"chr3",7979880,0.847,"ihs"
"chr3",8055880,0.027,"ihs"
"chr3",8131881,0.328,"ihs"
"chr3",8207881,0.79,"ihs"
"chr3",8283881,0.488,"ihs"
"chr3",8359881,0.885,"ihs"
"chr3",8435882,0.3,"ihs"
"chr3",8511882,0.244,"ihs"
"chr3",8587882,0.02,"ihs"
"chr3",8663883,0.756,"ihs"
"chr3",8739883,0.548,"ihs"
"chr3",8815883,1.006,"ihs"
"chr3",8891884,0.051,"ihs"
"chr3",8967884,0.147,"ihs"
"chr3",9043884,0.784,"ihs"
"chr3",9119884,0.267,"ihs"
"chr3",9195885,0.314,"ihs"
"chr3",9271885,0.229,"ihs"
"chr3",9347885,0.34,"ihs"
"chr3",9423886,0.947,"ihs"
"chr3",9499886,0.238,"ihs"
"chr3",9575886,0.065,"ihs"
"chr3",9651887,1.186,"ihs"
"chr3",9727887,1.12,"ihs"
"chr3",9803887,0.866,"ihs"
"chr3",9879888,0.918,"ihs"
"chr3",9955888,0.607,"ihs"
"chr3",10031888,0.522,"ihs"
"chr3",10107888,0.345,"ihs"
"chr3",10183889,0.511,"ihs"
"chr3",10259889,0.21,"ihs"
"chr3",10335889,0.238,"ihs"
"chr3",10411890,0.839,"ihs"
"chr3",10487890,0.904,"ihs"
"chr3",10563890,1.415,"ihs"
"chr3",10639891,0.801,"ihs"
"chr3",10715891,0.791,"ihs"
"chr3",10791891,1.389,"ihs"
"chr3",10867891,0.533,"ihs"
"chr3",10943892,0.999,"ihs"
"chr3",11019892,1.533,"ihs"
"chr3",11095892,0.876,"ihs"
"chr3",11171893,0.769,"ihs"
"chr3",11247893,0.407,"ihs"
"chr3",11323893,0.506,"ihs"
"chr3",11399894,0.871,"ihs"
"chr3",11475894,1.502,"ihs"
"chr3",11551894,0.932,"ihs"
"chr3",11627895,0.999,"ihs"
"chr3",11703895,0.614,"ihs"
"chr3",11779895,0.245,"ihs"
"chr3",11855895,1.184,"ihs"
"chr3",11931896,0.456,"ihs"
"chr3",12007896,0.096,"ihs"
"chr3",12083896,0.279,"ihs"
"chr3",12159897,0.48,"ihs"
"chr3",12235897,0.095,"ihs"
"chr3",12311897,0.558,"ihs"
"chr3",12387898,1.45,"ihs"
"chr3",12463898,0.343,"ihs"
"chr3",12539898,1.157,"ihs"
"chr3",12615898,0.784,"ihs"
"chr3",12691899,0.363,"ihs"
"chr3",12767899,0.555,"ihs"
"chr3",12843899,1.117,"ihs"
"chr3",12919900,0.436,"ihs"
"chr3",12995900,1.245,"ihs"
"chr3",13071900,1.4,"ihs"
"chr3",13147901,1.508,"ihs"
"chr3",13223901,1.167,"ihs"
"chr3",13299901,1.584,"ihs"
"chr3",13375902,1.827,"ihs"
"chr3",13451902,1.719,"ihs"
"chr3",13527902,1.286,"ihs"
"chr3",13603902,1.858,"ihs"
"chr3",13679903,1.729,"ihs"
"chr3",13755903,1.896,"ihs"
"chr3",13831903,2.34,"ihs"
"chr3",13907904,2.056,"ihs"
"chr3",13983904,2.146,"ihs"
"chr3",14059904,2.586,"ihs"
"chr3",14135905,2.398,"ihs"
"chr3",14211905,2.753,"ihs"
"chr3",14287905,2.751,"ihs"
"chr3",14363905,3.118,"ihs"
"chr3",14439906,3.937,"ihs"
"chr3",14515906,2.791,"ihs"
"chr3",14591906,2.421,"ihs"
"chr3",14667907,3.044,"ihs"
"chr3",14743907,2.545,"ihs"
"chr3",14819907,2.739,"ihs"
"chr3",14895908,2.668,"ihs"
"chr3",14971908,2.068,"ihs"
"chr3",15047908,2.124,"ihs"
"chr3",15123908,2.49,"ihs"
"chr3",15199909,1.531,"ihs"
"chr3",15275909,1.481,"ihs"
"chr3",15351909,1.331,"ihs"
"chr3",15427910,1.352,"ihs"
"chr3",15503910,1.371,"ihs"
"chr3",15579910,1.652,"ihs"
"chr3",15655911,1.406,"ihs"
"chr3",15731911,1.24,"ihs"
"chr3",15807911,0.632,"ihs"
"chr3",15883912,0.753,"ihs"
"chr3",15959912,0.552,"ihs"
"chr3",16035912,1.064,"ihs"
"chr3",16111912,1.194,"ihs"
"chr3",16187913,1.379,"ihs"
"chr3",16263913,0.684,"ihs"
"chr3",16339913,1.219,"ihs"
"chr3",16415914,0.996,"ihs"
"chr3",16491914,1.381,"ihs"
"chr3",16567914,1.745,"ihs"
"chr3",16643915,1.888,"ihs"
"chr3",16719915,0.629,"ihs"
"chr3",16795915,1.093,"ihs"
"chr3",16871915,1.045,"ihs"
"chr3",16947916,0.036,"ihs"
"chr3",17023916,0.606,"ihs"
"chr3",17099916,0.182,"ihs"
"chr3",17175917,0.241,"ihs"
"chr3",17251917,0.857,"ihs"
"chr3",17327917,0.027,"ihs"
"chr3",17403918,0.107,"ihs"
"chr3",17479918,0.187,"ihs"
"chr3",17555918,0.945,"ihs"
"chr3",17631919,0.786,"ihs"
"chr3",17707919,0.267,"ihs"
"chr3",17783919,0.178,"ihs"
"chr3",17859919,0.08,"ihs"
"chr3",17935920,0.472,"ihs"
"chr3",18011920,0.892,"ihs"
"chr3",18087920,0.526,"ihs"
"chr3",18163921,0.888,"ihs"
"chr3",18239921,0.02,"ihs"
"chr3",18315921,0.293,"ihs"
"chr3",18391922,0.671,"ihs"
"chr3",18467922,0.056,"ihs"
"chr3",18543922,0.07,"ihs"
"chr3",18619922,0.386,"ihs"
"chr3",18695923,0.382,"ihs"
"chr3",18771923,0.464,"ihs"
"chr3",18847923,0.517,"ihs"
"chr3",18923924,0.219,"ihs"
"chr3",18999924,0.535,"ihs"
"chr3",19075924,0.294,"ihs"
"chr3",19151925,1.024,"ihs"
"chr3",19227925,0.233,"ihs"
"chr3",19303925,1.635,"ihs"
"chr3",19379926,0.623,"ihs"
"chr3",19455926,0.211,"ihs"
"chr3",19531926,0.038,"ihs"
"chr3",19607926,0.043,"ihs"
"chr3",19683927,0.783,"ihs"
"chr3",19759927,0.536,"ihs"
"chr3",19835927,0.216,"ihs"
"chr3",19911928,0.603,"ihs"
"chr3",19987928,0.589,"ihs"
"chr3",20063928,0.669,"ihs"
"chr3",20139929,0.84,"ihs"
"chr3",20215929,1.407,"ihs"
"chr3",20291929,1.237,"ihs"
"chr3",20367929,1.219,"ihs"
"chr3",20443930,1.139,"ihs"
"chr3",20519930,1.496,"ihs"
"chr3",20595930,1.087,"ihs"
"chr3",20671931,1.304,"ihs"
"chr3",20747931,1.231,"ihs"
"chr3",20823931,1.01,"ihs"
"chr3",20899932,0.696,"ihs"
"chr3",20975932,0.406,"ihs"
"chr3",21051932,0.891,"ihs"
"chr3",21127933,0.091,"ihs"
"chr3",21203933,0.534,"ihs"
"chr3",21279933,0.323,"ihs"
"chr3",21355933,0.136,"ihs"
"chr3",21431934,0.464,"ihs"
"chr3",21507934,0.665,"ihs"
"chr3",21583934,1.078,"ihs"
"chr3",21659935,0.609,"ihs"
"chr3",21735935,0.118,"ihs"
"chr3",21811935,0.357,"ihs"
"chr3",21887936,0.196,"ihs"
"chr3",21963936,0.636,"ihs"
"chr3",22039936,0.562,"ihs"
"chr3",22115936,0.689,"ihs"
"chr3",22191937,0.818,"ihs"
"chr3",22267937,0.414,"ihs"
"chr3",22343937,0.228,"ihs"
"chr3",22419938,0.174,"ihs"
"chr3",22495938,0.9,"ihs"
"chr3",22571938,0.797,"ihs"
"chr3",22647939,0.295,"ihs"
"chr3",22723939,0.58,"ihs"
"chr3",22799939,0.039,"ihs"
"chr3",22875940,0.294,"ihs"
"chr3",22951940,0.127,"ihs"
"chr3",23027940,0.043,"ihs"
"chr3",23103940,0.497,"ihs"
"chr3",23179941,0.56,"ihs"
"chr3",23255941,1.527,"ihs"
"chr3",23331941,1.092,"ihs"
"chr3",23407942,0.819,"ihs"
"chr3",23483942,1.165,"ihs"
"chr3",23559942,1.017,"ihs"
"chr3",23635943,0.384,"ihs"
"chr3",23711943,0.908,"ihs"
"chr3",23787943,1.211,"ihs"
"chr3",23863943,0.502,"ihs"
"chr3",23939944,0.808,"ihs"
"chr3",24015944,0.666,"ihs"
"chr3",24091944,0.453,"ihs"
"chr3",24167945,0.511,"ihs"
"chr3",24243945,0.428,"ihs"
"chr3",24319945,0.212,"ihs"
"chr3",24395946,0.786,"ihs"
"chr3",24471946,0.992,"ihs"
"chr3",24547946,0.735,"ihs"
"chr3",24623946,1.265,"ihs"
"chr3",24699947,1.611,"ihs"
"chr3",24775947,1.164,"ihs"
"chr3",24851947,1.41,"ihs"
"chr3",24927948,1.103,"ihs"
"chr3",25003948,1.395,"ihs"
"chr3",25079948,2.194,"ihs"
"chr3",25155949,1.061,"ihs"
"chr3",25231949,1.323,"ihs"
"chr3",25307949,1.105,"ihs"
"chr3",25383950,1.32,"ihs"
"chr3",25459950,1.202,"ihs"
"chr3",25535950,1.202,"ihs"
"chr3",25611950,1.635,"ihs"
"chr3",25687951,1.846,"ihs"
"chr3",25763951,1.347,"ihs"
"chr3",25839951,1.063,"ihs"
"chr3",25915952,1.218,"ihs"
"chr3",25991952,1.212,"ihs"
"chr3",26067952,1.086,"ihs"
"chr3",26143953,1.361,"ihs"
"chr3",26219953,1.066,"ihs"
"chr3",26295953,1.143,"ihs"
"chr3",26371953,0.426,"ihs"
"chr3",26447954,0.647,"ihs"
"chr3",26523954,0.356,"ihs"
"chr3",26599954,0.34,"ihs"
"chr3",26675955,0.378,"ihs"
"chr3",26751955,0.533,"ihs"
"chr3",26827955,0.678,"ihs"
"chr3",26903956,0.55,"ihs"
"chr3",26979956,0.25,"ihs"
"chr3",27055956,0.616,"ihs"
"chr3",27131957,0.539,"ihs"
"chr3",27207957,0.093,"ihs"
"chr3",27283957,0.224,"ihs"
"chr3",27359957,0.278,"ihs"
"chr3",27435958,0.989,"ihs"
"chr3",27511958,0.646,"ihs"
"chr3",27587958,1.754,"ihs"
"chr3",27663959,0.659,"ihs"
"chr3",27739959,0.05,"ihs"
"chr3",27815959,0.465,"ihs"
"chr3",27891960,0.163,"ihs"
"chr3",27967960,0.504,"ihs"
"chr3",28043960,0.598,"ihs"
"chr3",28119960,0.219,"ihs"
"chr3",28195961,0.956,"ihs"
"chr3",28271961,1.485,"ihs"
"chr3",28347961,0.611,"ihs"
"chr3",28423962,0.52,"ihs"
"chr3",28499962,0.094,"ihs"
"chr3",28575962,0.543,"ihs"
"chr3",28651963,0.036,"ihs"
"chr3",28727963,0.239,"ihs"
"chr3",28803963,1.19,"ihs"
"chr3",28879964,1.487,"ihs"
"chr3",28955964,0.656,"ihs"
"chr3",29031964,0.859,"ihs"
"chr3",29107964,0.036,"ihs"
"chr3",29183965,0.156,"ihs"
"chr3",29259965,0.02,"ihs"
"chr3",29335965,0.473,"ihs"
"chr3",29411966,0.994,"ihs"
"chr3",29487966,0.53,"ihs"
"chr3",29563966,1.125,"ihs"
"chr3",29639967,0.464,"ihs"
"chr3",29715967,0.481,"ihs"
"chr3",29791967,0.604,"ihs"
"chr3",29867967,0.02,"ihs"
"chr3",29943968,0.651,"ihs"
"chr3",30019968,0.02,"ihs"
"chr3",30095968,0.627,"ihs"
"chr3",30171969,0.366,"ihs"
"chr3",30247969,0.368,"ihs"
"chr3",30323969,0.201,"ihs"
"chr3",30399970,0.376,"ihs"
"chr3",30475970,0.26,"ihs"
"chr3",30551970,0.191,"ihs"
"chr3",30627971,0.879,"ihs"
"chr3",30703971,0.111,"ihs"
"chr3",30779971,0.719,"ihs"
"chr3",30855971,0.663,"ihs"
"chr3",30931972,1.048,"ihs"
"chr3",31007972,0.177,"ihs"
"chr3",31083972,0.434,"ihs"
"chr3",31159973,0.77,"ihs"
"chr3",31235973,0.02,"ihs"
"chr3",31311973,0.314,"ihs"
"chr3",31387974,0.516,"ihs"
"chr3",31463974,0.367,"ihs"
"chr3",31539974,0.109,"ihs"
"chr3",31615974,0.441,"ihs"
"chr3",31691975,0.141,"ihs"
"chr3",31767975,0.557,"ihs"
"chr3",31843975,0.635,"ihs"
"chr3",31919976,0.675,"ihs"
"chr3",31995976,0.627,"ihs"
"chr3",32071976,0.162,"ihs"
"chr3",32147977,0.02,"ihs"
"chr3",32223977,0.894,"ihs"
"chr3",32299977,0.047,"ihs"
"chr3",32375978,0.745,"ihs"
"chr3",32451978,0.344,"ihs"
"chr3",32527978,0.327,"ihs"
"chr3",32603978,1.034,"ihs"
"chr3",32679979,0.166,"ihs"
"chr3",32755979,0.08,"ihs"
"chr3",32831979,0.356,"ihs"
"chr3",32907980,0.778,"ihs"
"chr3",32983980,0.441,"ihs"
"chr3",33059980,0.259,"ihs"
"chr3",33135981,0.516,"ihs"
"chr3",33211981,0.939,"ihs"
"chr3",33287981,0.034,"ihs"
"chr3",33363981,0.791,"ihs"
"chr3",33439982,0.32,"ihs"
"chr3",33515982,0.997,"ihs"
"chr3",33591982,0.681,"ihs"
"chr3",33667983,0.815,"ihs"
"chr3",33743983,1.011,"ihs"
"chr3",33819983,0.135,"ihs"
"chr3",33895984,0.552,"ihs"
"chr3",33971984,0.735,"ihs"
"chr3",34047984,0.506,"ihs"
"chr3",34123984,0.784,"ihs"
"chr3",34199985,1.396,"ihs"
"chr3",34275985,0.817,"ihs"
"chr3",34351985,0.672,"ihs"
"chr3",34427986,1.4,"ihs"
"chr3",34503986,0.605,"ihs"
"chr3",34579986,1.013,"ihs"
"chr3",34655987,0.207,"ihs"
"chr3",34731987,0.56,"ihs"
"chr3",34807987,0.708,"ihs"
"chr3",34883988,0.02,"ihs"
"chr3",34959988,0.543,"ihs"
"chr3",35035988,0.158,"ihs"
"chr3",35111988,0.025,"ihs"
"chr3",35187989,0.86,"ihs"
"chr3",35263989,0.627,"ihs"
"chr3",35339989,0.02,"ihs"
"chr3",35415990,0.637,"ihs"
"chr3",35491990,0.607,"ihs"
"chr3",35567990,0.98,"ihs"
"chr3",35643991,0.921,"ihs"
"chr3",35719991,1.384,"ihs"
"chr3",35795991,1.105,"ihs"
"chr3",35871991,0.789,"ihs"
"chr3",35947992,0.49,"ihs"
"chr3",36023992,0.186,"ihs"
"chr3",36099992,1.313,"ihs"
"chr3",36175993,0.402,"ihs"
"chr3",36251993,1.278,"ihs"
"chr3",36327993,1.218,"ihs"
"chr3",36403994,0.064,"ihs"
"chr3",36479994,0.496,"ihs"
"chr3",36555994,0.254,"ihs"
"chr3",36631995,0.104,"ihs"
"chr3",36707995,0.306,"ihs"
"chr3",36783995,1.303,"ihs"
"chr3",36859995,0.806,"ihs"
"chr3",36935996,0.697,"ihs"
"chr3",37011996,0.66,"ihs"
"chr3",37087996,0.452,"ihs"
"chr3",37163997,0.441,"ihs"
"chr3",37239997,0.138,"ihs"
"chr3",37315997,0.082,"ihs"
"chr3",37391998,0.059,"ihs"
"chr3",37467998,0.881,"ihs"
"chr3",37543998,0.331,"ihs"
"chr3",37619998,0.455,"ihs"
"chr3",37695999,1.396,"ihs"
"chr3",37771999,0.179,"ihs"
"chr3",37847999,0.364,"ihs"
"chr3",37924000,1.447,"ihs"
"chr3",3.8e+07,1.915,"ihs"
"chr4",61876,2.022,"xpclr"
"chr4",123876,1.738,"xpclr"
"chr4",185877,2.551,"xpclr"
"chr4",247877,3.046,"xpclr"
"chr4",309877,4.807,"xpclr"
"chr4",371877,3.017,"xpclr"
"chr4",433878,2.994,"xpclr"
"chr4",495878,4.459,"xpclr"
"chr4",557878,5.163,"xpclr"
"chr4",619878,3.787,"xpclr"
"chr4",681879,5.031,"xpclr"
"chr4",743879,10.895,"xpclr"
"chr4",805879,7.639,"xpclr"
"chr4",867879,5.528,"xpclr"
"chr4",929880,2.812,"xpclr"
"chr4",991880,3.38,"xpclr"
"chr4",1053880,4.314,"xpclr"
"chr4",1115880,2.028,"xpclr"
"chr4",1177881,2.628,"xpclr"
"chr4",1239881,1.852,"xpclr"
"chr4",1301881,0.885,"xpclr"
"chr4",1363881,1.107,"xpclr"
"chr4",1425882,0.941,"xpclr"
"chr4",1487882,1.266,"xpclr"
"chr4",1549882,1.432,"xpclr"
"chr4",1611882,1.7,"xpclr"
"chr4",1673883,1.027,"xpclr"
"chr4",1735883,1.22,"xpclr"
"chr4",1797883,1.761,"xpclr"
"chr4",1859883,1.626,"xpclr"
"chr4",1921884,0.578,"xpclr"
"chr4",1983884,0.631,"xpclr"
"chr4",2045884,0.761,"xpclr"
"chr4",2107884,1.124,"xpclr"
"chr4",2169885,1.369,"xpclr"
"chr4",2231885,2.473,"xpclr"
"chr4",2293885,2.278,"xpclr"
"chr4",2355885,2.171,"xpclr"
"chr4",2417886,2.131,"xpclr"
"chr4",2479886,2.052,"xpclr"
"chr4",2541886,1.699,"xpclr"
"chr4",2603886,1.886,"xpclr"
"chr4",2665887,1.307,"xpclr"
"chr4",2727887,1.216,"xpclr"
"chr4",2789887,1.575,"xpclr"
"chr4",2851887,1.741,"xpclr"
"chr4",2913888,2.501,"xpclr"
"chr4",2975888,2.775,"xpclr"
"chr4",3037888,2.848,"xpclr"
"chr4",3099888,3.266,"xpclr"
"chr4",3161889,3.523,"xpclr"
"chr4",3223889,2.668,"xpclr"
"chr4",3285889,3.736,"xpclr"
"chr4",3347889,3.204,"xpclr"
"chr4",3409890,3.024,"xpclr"
"chr4",3471890,4.254,"xpclr"
"chr4",3533890,3.934,"xpclr"
"chr4",3595890,5.291,"xpclr"
"chr4",3657891,6.127,"xpclr"
"chr4",3719891,4.598,"xpclr"
"chr4",3781891,3.234,"xpclr"
"chr4",3843891,3.866,"xpclr"
"chr4",3905892,5.818,"xpclr"
"chr4",3967892,5.457,"xpclr"
"chr4",4029892,5.401,"xpclr"
"chr4",4091892,3.627,"xpclr"
"chr4",4153893,3.884,"xpclr"
"chr4",4215893,8.013,"xpclr"
"chr4",4277893,13.995,"xpclr"
"chr4",4339893,17.12,"xpclr"
"chr4",4401894,20.569,"xpclr"
"chr4",4463894,18.644,"xpclr"
"chr4",4525894,13.944,"xpclr"
"chr4",4587894,15.408,"xpclr"
"chr4",4649895,16.8,"xpclr"
"chr4",4711895,16.165,"xpclr"
"chr4",4773895,14.48,"xpclr"
"chr4",4835895,13.302,"xpclr"
"chr4",4897896,9.77,"xpclr"
"chr4",4959896,5.8,"xpclr"
"chr4",5021896,4.607,"xpclr"
"chr4",5083896,5.701,"xpclr"
"chr4",5145897,5.313,"xpclr"
"chr4",5207897,5.06,"xpclr"
"chr4",5269897,4.221,"xpclr"
"chr4",5331897,5.824,"xpclr"
"chr4",5393898,3.046,"xpclr"
"chr4",5455898,1.82,"xpclr"
"chr4",5517898,1.983,"xpclr"
"chr4",5579898,2.509,"xpclr"
"chr4",5641899,3.61,"xpclr"
"chr4",5703899,2.664,"xpclr"
"chr4",5765899,2.362,"xpclr"
"chr4",5827899,3.874,"xpclr"
"chr4",5889900,3.202,"xpclr"
"chr4",5951900,2.801,"xpclr"
"chr4",6013900,3.676,"xpclr"
"chr4",6075900,3.959,"xpclr"
"chr4",6137901,3.93,"xpclr"
"chr4",6199901,2.593,"xpclr"
"chr4",6261901,1.389,"xpclr"
"chr4",6323901,3.018,"xpclr"
"chr4",6385902,2.553,"xpclr"
"chr4",6447902,3.419,"xpclr"
"chr4",6509902,4.667,"xpclr"
"chr4",6571902,5.091,"xpclr"
"chr4",6633903,4.727,"xpclr"
"chr4",6695903,5.146,"xpclr"
"chr4",6757903,4.928,"xpclr"
"chr4",6819903,6.909,"xpclr"
"chr4",6881904,6.973,"xpclr"
"chr4",6943904,4.938,"xpclr"
"chr4",7005904,4.252,"xpclr"
"chr4",7067904,3.765,"xpclr"
"chr4",7129905,4.102,"xpclr"
"chr4",7191905,1.774,"xpclr"
"chr4",7253905,1.066,"xpclr"
"chr4",7315905,1.218,"xpclr"
"chr4",7377906,0.793,"xpclr"
"chr4",7439906,1.076,"xpclr"
"chr4",7501906,1.552,"xpclr"
"chr4",7563906,2.156,"xpclr"
"chr4",7625907,1.028,"xpclr"
"chr4",7687907,1.084,"xpclr"
"chr4",7749907,0.779,"xpclr"
"chr4",7811907,0.752,"xpclr"
"chr4",7873907,0.86,"xpclr"
"chr4",7935908,1.28,"xpclr"
"chr4",7997908,0.399,"xpclr"
"chr4",8059908,0.2,"xpclr"
"chr4",8121908,0.274,"xpclr"
"chr4",8183909,0.38,"xpclr"
"chr4",8245909,0.351,"xpclr"
"chr4",8307909,0.359,"xpclr"
"chr4",8369909,0.647,"xpclr"
"chr4",8431910,0.471,"xpclr"
"chr4",8493910,0.906,"xpclr"
"chr4",8555910,0.906,"xpclr"
"chr4",8617910,0.434,"xpclr"
"chr4",8679911,0.497,"xpclr"
"chr4",8741911,0.731,"xpclr"
"chr4",8803911,0.542,"xpclr"
"chr4",8865911,0.572,"xpclr"
"chr4",8927912,0.623,"xpclr"
"chr4",8989912,0.52,"xpclr"
"chr4",9051912,0.586,"xpclr"
"chr4",9113912,0.599,"xpclr"
"chr4",9175913,0.784,"xpclr"
"chr4",9237913,1.017,"xpclr"
"chr4",9299913,1.392,"xpclr"
"chr4",9361913,1.911,"xpclr"
"chr4",9423914,2.306,"xpclr"
"chr4",9485914,2.445,"xpclr"
"chr4",9547914,3.511,"xpclr"
"chr4",9609914,3.78,"xpclr"
"chr4",9671915,4.882,"xpclr"
"chr4",9733915,3.927,"xpclr"
"chr4",9795915,3.74,"xpclr"
"chr4",9857915,3.971,"xpclr"
"chr4",9919916,4.033,"xpclr"
"chr4",9981916,4.419,"xpclr"
"chr4",10043916,4.623,"xpclr"
"chr4",10105916,5.108,"xpclr"
"chr4",10167917,5.915,"xpclr"
"chr4",10229917,6.778,"xpclr"
"chr4",10291917,7.644,"xpclr"
"chr4",10353917,8.883,"xpclr"
"chr4",10415918,10.102,"xpclr"
"chr4",10477918,11.717,"xpclr"
"chr4",10539918,13.168,"xpclr"
"chr4",10601918,14.615,"xpclr"
"chr4",10663919,16.35,"xpclr"
"chr4",10725919,18.331,"xpclr"
"chr4",10787919,20.91,"xpclr"
"chr4",10849919,24.276,"xpclr"
"chr4",10911920,26.581,"xpclr"
"chr4",10973920,28.288,"xpclr"
"chr4",11035920,30.15,"xpclr"
"chr4",11097920,33.845,"xpclr"
"chr4",11159921,34.852,"xpclr"
"chr4",11221921,36.64,"xpclr"
"chr4",11283921,41.538,"xpclr"
"chr4",11345921,42.208,"xpclr"
"chr4",11407922,42.352,"xpclr"
"chr4",11469922,42.34,"xpclr"
"chr4",11531922,43.521,"xpclr"
"chr4",11593922,43.059,"xpclr"
"chr4",11655923,44.639,"xpclr"
"chr4",11717923,44.186,"xpclr"
"chr4",11779923,44.213,"xpclr"
"chr4",11841923,45.356,"xpclr"
"chr4",11903924,46.073,"xpclr"
"chr4",11965924,43.658,"xpclr"
"chr4",12027924,42.055,"xpclr"
"chr4",12089924,41.869,"xpclr"
"chr4",12151925,39.729,"xpclr"
"chr4",12213925,38.597,"xpclr"
"chr4",12275925,37.779,"xpclr"
"chr4",12337925,36.858,"xpclr"
"chr4",12399926,38.143,"xpclr"
"chr4",12461926,36.803,"xpclr"
"chr4",12523926,31.915,"xpclr"
"chr4",12585926,29.198,"xpclr"
"chr4",12647927,29.044,"xpclr"
"chr4",12709927,29.336,"xpclr"
"chr4",12771927,25.598,"xpclr"
"chr4",12833927,20.556,"xpclr"
"chr4",12895928,20.131,"xpclr"
"chr4",12957928,18.078,"xpclr"
"chr4",13019928,16.447,"xpclr"
"chr4",13081928,13.698,"xpclr"
"chr4",13143929,14.266,"xpclr"
"chr4",13205929,14.701,"xpclr"
"chr4",13267929,13.554,"xpclr"
"chr4",13329929,14.155,"xpclr"
"chr4",13391930,11.232,"xpclr"
"chr4",13453930,10.866,"xpclr"
"chr4",13515930,8.285,"xpclr"
"chr4",13577930,5.598,"xpclr"
"chr4",13639931,7.087,"xpclr"
"chr4",13701931,6.768,"xpclr"
"chr4",13763931,5.914,"xpclr"
"chr4",13825931,8.21,"xpclr"
"chr4",13887932,8.997,"xpclr"
"chr4",13949932,12.275,"xpclr"
"chr4",14011932,9.155,"xpclr"
"chr4",14073932,8.989,"xpclr"
"chr4",14135933,10.107,"xpclr"
"chr4",14197933,11.898,"xpclr"
"chr4",14259933,12.111,"xpclr"
"chr4",14321933,5.478,"xpclr"
"chr4",14383934,4.368,"xpclr"
"chr4",14445934,4.555,"xpclr"
"chr4",14507934,10.111,"xpclr"
"chr4",14569934,22.228,"xpclr"
"chr4",14631935,25.934,"xpclr"
"chr4",14693935,16.945,"xpclr"
"chr4",14755935,10.495,"xpclr"
"chr4",14817935,7.499,"xpclr"
"chr4",14879936,6.012,"xpclr"
"chr4",14941936,6.152,"xpclr"
"chr4",15003936,8.067,"xpclr"
"chr4",15065936,6.571,"xpclr"
"chr4",15127937,5.604,"xpclr"
"chr4",15189937,4.655,"xpclr"
"chr4",15251937,3.574,"xpclr"
"chr4",15313937,5.025,"xpclr"
"chr4",15375938,7.266,"xpclr"
"chr4",15437938,6.519,"xpclr"
"chr4",15499938,6.475,"xpclr"
"chr4",15561938,5.736,"xpclr"
"chr4",15623938,3.521,"xpclr"
"chr4",15685939,1.86,"xpclr"
"chr4",15747939,1.763,"xpclr"
"chr4",15809939,1.758,"xpclr"
"chr4",15871939,2.95,"xpclr"
"chr4",15933940,4.115,"xpclr"
"chr4",15995940,2.314,"xpclr"
"chr4",16057940,3.135,"xpclr"
"chr4",16119940,2.698,"xpclr"
"chr4",16181941,2.161,"xpclr"
"chr4",16243941,2.909,"xpclr"
"chr4",16305941,3.548,"xpclr"
"chr4",16367941,5.099,"xpclr"
"chr4",16429942,5.181,"xpclr"
"chr4",16491942,4.572,"xpclr"
"chr4",16553942,2.613,"xpclr"
"chr4",16615942,2.681,"xpclr"
"chr4",16677943,2.321,"xpclr"
"chr4",16739943,2.356,"xpclr"
"chr4",16801943,1.851,"xpclr"
"chr4",16863943,1.182,"xpclr"
"chr4",16925944,1.681,"xpclr"
"chr4",16987944,1.799,"xpclr"
"chr4",17049944,1.329,"xpclr"
"chr4",17111944,0.891,"xpclr"
"chr4",17173945,1.215,"xpclr"
"chr4",17235945,0.846,"xpclr"
"chr4",17297945,1.25,"xpclr"
"chr4",17359945,0.947,"xpclr"
"chr4",17421946,0.849,"xpclr"
"chr4",17483946,0.771,"xpclr"
"chr4",17545946,0.892,"xpclr"
"chr4",17607946,1.506,"xpclr"
"chr4",17669947,2.969,"xpclr"
"chr4",17731947,2.182,"xpclr"
"chr4",17793947,3.244,"xpclr"
"chr4",17855947,2.074,"xpclr"
"chr4",17917948,2.221,"xpclr"
"chr4",17979948,1.487,"xpclr"
"chr4",18041948,2.382,"xpclr"
"chr4",18103948,1.751,"xpclr"
"chr4",18165949,2.858,"xpclr"
"chr4",18227949,3.571,"xpclr"
"chr4",18289949,4.047,"xpclr"
"chr4",18351949,2.203,"xpclr"
"chr4",18413950,1.94,"xpclr"
"chr4",18475950,1.869,"xpclr"
"chr4",18537950,1.808,"xpclr"
"chr4",18599950,1.868,"xpclr"
"chr4",18661951,2.233,"xpclr"
"chr4",18723951,1.044,"xpclr"
"chr4",18785951,1.091,"xpclr"
"chr4",18847951,0.835,"xpclr"
"chr4",18909952,0.709,"xpclr"
"chr4",18971952,0.838,"xpclr"
"chr4",19033952,0.646,"xpclr"
"chr4",19095952,0.841,"xpclr"
"chr4",19157953,1.087,"xpclr"
"chr4",19219953,2.784,"xpclr"
"chr4",19281953,2,"xpclr"
"chr4",19343953,1.796,"xpclr"
"chr4",19405954,1.926,"xpclr"
"chr4",19467954,1.993,"xpclr"
"chr4",19529954,2.568,"xpclr"
"chr4",19591954,2.977,"xpclr"
"chr4",19653955,3.793,"xpclr"
"chr4",19715955,4.281,"xpclr"
"chr4",19777955,5.124,"xpclr"
"chr4",19839955,6.233,"xpclr"
"chr4",19901956,7.124,"xpclr"
"chr4",19963956,7.915,"xpclr"
"chr4",20025956,10.062,"xpclr"
"chr4",20087956,11.548,"xpclr"
"chr4",20149957,14.027,"xpclr"
"chr4",20211957,14.581,"xpclr"
"chr4",20273957,16.263,"xpclr"
"chr4",20335957,17.585,"xpclr"
"chr4",20397958,17.838,"xpclr"
"chr4",20459958,19.525,"xpclr"
"chr4",20521958,20.567,"xpclr"
"chr4",20583958,19.732,"xpclr"
"chr4",20645959,18.692,"xpclr"
"chr4",20707959,18.689,"xpclr"
"chr4",20769959,18.888,"xpclr"
"chr4",20831959,19.709,"xpclr"
"chr4",20893960,20.112,"xpclr"
"chr4",20955960,19.889,"xpclr"
"chr4",21017960,18.583,"xpclr"
"chr4",21079960,18.428,"xpclr"
"chr4",21141961,19.239,"xpclr"
"chr4",21203961,20.952,"xpclr"
"chr4",21265961,23.729,"xpclr"
"chr4",21327961,23.829,"xpclr"
"chr4",21389962,22.02,"xpclr"
"chr4",21451962,14.135,"xpclr"
"chr4",21513962,10.997,"xpclr"
"chr4",21575962,8.773,"xpclr"
"chr4",21637963,9.177,"xpclr"
"chr4",21699963,8.947,"xpclr"
"chr4",21761963,7.4,"xpclr"
"chr4",21823963,6.112,"xpclr"
"chr4",21885964,5.861,"xpclr"
"chr4",21947964,4.266,"xpclr"
"chr4",22009964,3.502,"xpclr"
"chr4",22071964,2.675,"xpclr"
"chr4",22133965,2.396,"xpclr"
"chr4",22195965,2.29,"xpclr"
"chr4",22257965,2.165,"xpclr"
"chr4",22319965,3.736,"xpclr"
"chr4",22381966,3.156,"xpclr"
"chr4",22443966,2.015,"xpclr"
"chr4",22505966,1.84,"xpclr"
"chr4",22567966,1.577,"xpclr"
"chr4",22629967,1.612,"xpclr"
"chr4",22691967,1.845,"xpclr"
"chr4",22753967,1.064,"xpclr"
"chr4",22815967,1.247,"xpclr"
"chr4",22877968,1.348,"xpclr"
"chr4",22939968,1.812,"xpclr"
"chr4",23001968,2.58,"xpclr"
"chr4",23063968,2.323,"xpclr"
"chr4",23125969,2.474,"xpclr"
"chr4",23187969,2.63,"xpclr"
"chr4",23249969,2.304,"xpclr"
"chr4",23311969,2.656,"xpclr"
"chr4",23373969,2.838,"xpclr"
"chr4",23435970,2.418,"xpclr"
"chr4",23497970,4.213,"xpclr"
"chr4",23559970,3.544,"xpclr"
"chr4",23621970,4.122,"xpclr"
"chr4",23683971,5.732,"xpclr"
"chr4",23745971,6.73,"xpclr"
"chr4",23807971,5.293,"xpclr"
"chr4",23869971,5.474,"xpclr"
"chr4",23931972,5.76,"xpclr"
"chr4",23993972,4.897,"xpclr"
"chr4",24055972,3.121,"xpclr"
"chr4",24117972,3.71,"xpclr"
"chr4",24179973,1.961,"xpclr"
"chr4",24241973,2.109,"xpclr"
"chr4",24303973,1.772,"xpclr"
"chr4",24365973,2.524,"xpclr"
"chr4",24427974,2.376,"xpclr"
"chr4",24489974,3.779,"xpclr"
"chr4",24551974,3.786,"xpclr"
"chr4",24613974,3.524,"xpclr"
"chr4",24675975,4.346,"xpclr"
"chr4",24737975,2.662,"xpclr"
"chr4",24799975,2.127,"xpclr"
"chr4",24861975,1.702,"xpclr"
"chr4",24923976,3.056,"xpclr"
"chr4",24985976,2.624,"xpclr"
"chr4",25047976,1.769,"xpclr"
"chr4",25109976,3.042,"xpclr"
"chr4",25171977,2.248,"xpclr"
"chr4",25233977,2.531,"xpclr"
"chr4",25295977,1.653,"xpclr"
"chr4",25357977,1.266,"xpclr"
"chr4",25419978,1.844,"xpclr"
"chr4",25481978,1.979,"xpclr"
"chr4",25543978,2.281,"xpclr"
"chr4",25605978,3.136,"xpclr"
"chr4",25667979,3.085,"xpclr"
"chr4",25729979,3.992,"xpclr"
"chr4",25791979,5.575,"xpclr"
"chr4",25853979,4.272,"xpclr"
"chr4",25915980,7.957,"xpclr"
"chr4",25977980,5.727,"xpclr"
"chr4",26039980,4.561,"xpclr"
"chr4",26101980,4.03,"xpclr"
"chr4",26163981,5.417,"xpclr"
"chr4",26225981,3.939,"xpclr"
"chr4",26287981,2.39,"xpclr"
"chr4",26349981,3.052,"xpclr"
"chr4",26411982,2.331,"xpclr"
"chr4",26473982,1.541,"xpclr"
"chr4",26535982,1.336,"xpclr"
"chr4",26597982,1.913,"xpclr"
"chr4",26659983,1.719,"xpclr"
"chr4",26721983,1.203,"xpclr"
"chr4",26783983,1.421,"xpclr"
"chr4",26845983,1.208,"xpclr"
"chr4",26907984,1.158,"xpclr"
"chr4",26969984,0.741,"xpclr"
"chr4",27031984,0.757,"xpclr"
"chr4",27093984,0.936,"xpclr"
"chr4",27155985,1.095,"xpclr"
"chr4",27217985,1.073,"xpclr"
"chr4",27279985,1.061,"xpclr"
"chr4",27341985,1.28,"xpclr"
"chr4",27403986,1.845,"xpclr"
"chr4",27465986,2.404,"xpclr"
"chr4",27527986,1.674,"xpclr"
"chr4",27589986,1.776,"xpclr"
"chr4",27651987,1.613,"xpclr"
"chr4",27713987,1.719,"xpclr"
"chr4",27775987,1.529,"xpclr"
"chr4",27837987,1.655,"xpclr"
"chr4",27899988,1.824,"xpclr"
"chr4",27961988,2.119,"xpclr"
"chr4",28023988,1.311,"xpclr"
"chr4",28085988,1.326,"xpclr"
"chr4",28147989,2.319,"xpclr"
"chr4",28209989,2.118,"xpclr"
"chr4",28271989,2.833,"xpclr"
"chr4",28333989,1.471,"xpclr"
"chr4",28395990,1.896,"xpclr"
"chr4",28457990,1.645,"xpclr"
"chr4",28519990,2.054,"xpclr"
"chr4",28581990,2.132,"xpclr"
"chr4",28643991,3.444,"xpclr"
"chr4",28705991,2.742,"xpclr"
"chr4",28767991,2.203,"xpclr"
"chr4",28829991,2.254,"xpclr"
"chr4",28891992,1.786,"xpclr"
"chr4",28953992,2.319,"xpclr"
"chr4",29015992,2.608,"xpclr"
"chr4",29077992,2.005,"xpclr"
"chr4",29139993,4.369,"xpclr"
"chr4",29201993,6.758,"xpclr"
"chr4",29263993,8.859,"xpclr"
"chr4",29325993,5.858,"xpclr"
"chr4",29387994,14.21,"xpclr"
"chr4",29449994,7.074,"xpclr"
"chr4",29511994,4.663,"xpclr"
"chr4",29573994,3.405,"xpclr"
"chr4",29635995,5.108,"xpclr"
"chr4",29697995,2.462,"xpclr"
"chr4",29759995,3.397,"xpclr"
"chr4",29821995,4.515,"xpclr"
"chr4",29883996,3.332,"xpclr"
"chr4",29945996,3.181,"xpclr"
"chr4",30007996,2.823,"xpclr"
"chr4",30069996,2.421,"xpclr"
"chr4",30131997,2.209,"xpclr"
"chr4",30193997,1.239,"xpclr"
"chr4",30255997,1.42,"xpclr"
"chr4",30317997,1.253,"xpclr"
"chr4",30379998,1.179,"xpclr"
"chr4",30441998,1.052,"xpclr"
"chr4",30503998,1.251,"xpclr"
"chr4",30565998,1.388,"xpclr"
"chr4",30627999,1.872,"xpclr"
"chr4",30689999,3.313,"xpclr"
"chr4",30751999,3.5,"xpclr"
"chr4",30813999,4.822,"xpclr"
"chr4",30876000,7.35,"xpclr"
"chr4",30938000,5.062,"xpclr"
"chr4",3.1e+07,5.153,"xpclr"
"chr4",61876,0.405,"ihs"
"chr4",123876,0.293,"ihs"
"chr4",185877,0.145,"ihs"
"chr4",247877,0.186,"ihs"
"chr4",309877,0.747,"ihs"
"chr4",371877,0.251,"ihs"
"chr4",433878,0.194,"ihs"
"chr4",495878,0.269,"ihs"
"chr4",557878,0.708,"ihs"
"chr4",619878,0.313,"ihs"
"chr4",681879,0.176,"ihs"
"chr4",743879,1.124,"ihs"
"chr4",805879,0.923,"ihs"
"chr4",867879,0.619,"ihs"
"chr4",929880,0.177,"ihs"
"chr4",991880,0.224,"ihs"
"chr4",1053880,0.318,"ihs"
"chr4",1115880,0.463,"ihs"
"chr4",1177881,0.188,"ihs"
"chr4",1239881,0.442,"ihs"
"chr4",1301881,0.495,"ihs"
"chr4",1363881,0.929,"ihs"
"chr4",1425882,0.568,"ihs"
"chr4",1487882,0.454,"ihs"
"chr4",1549882,0.152,"ihs"
"chr4",1611882,0.43,"ihs"
"chr4",1673883,0.682,"ihs"
"chr4",1735883,0.388,"ihs"
"chr4",1797883,0.351,"ihs"
"chr4",1859883,0.518,"ihs"
"chr4",1921884,0.98,"ihs"
"chr4",1983884,1.087,"ihs"
"chr4",2045884,1.518,"ihs"
"chr4",2107884,0.945,"ihs"
"chr4",2169885,0.909,"ihs"
"chr4",2231885,0.186,"ihs"
"chr4",2293885,0.256,"ihs"
"chr4",2355885,0.211,"ihs"
"chr4",2417886,0.061,"ihs"
"chr4",2479886,0.118,"ihs"
"chr4",2541886,0.343,"ihs"
"chr4",2603886,0.333,"ihs"
"chr4",2665887,1.192,"ihs"
"chr4",2727887,0.974,"ihs"
"chr4",2789887,0.368,"ihs"
"chr4",2851887,0.331,"ihs"
"chr4",2913888,0.027,"ihs"
"chr4",2975888,0.386,"ihs"
"chr4",3037888,0.222,"ihs"
"chr4",3099888,0.329,"ihs"
"chr4",3161889,0.229,"ihs"
"chr4",3223889,0.373,"ihs"
"chr4",3285889,0.805,"ihs"
"chr4",3347889,0.935,"ihs"
"chr4",3409890,0.451,"ihs"
"chr4",3471890,0.105,"ihs"
"chr4",3533890,0.255,"ihs"
"chr4",3595890,0.638,"ihs"
"chr4",3657891,0.544,"ihs"
"chr4",3719891,0.549,"ihs"
"chr4",3781891,0.463,"ihs"
"chr4",3843891,0.549,"ihs"
"chr4",3905892,0.828,"ihs"
"chr4",3967892,0.506,"ihs"
"chr4",4029892,0.578,"ihs"
"chr4",4091892,0.455,"ihs"
"chr4",4153893,0.156,"ihs"
"chr4",4215893,1.012,"ihs"
"chr4",4277893,1.892,"ihs"
"chr4",4339893,1.928,"ihs"
"chr4",4401894,1.986,"ihs"
"chr4",4463894,1.857,"ihs"
"chr4",4525894,1.717,"ihs"
"chr4",4587894,1.778,"ihs"
"chr4",4649895,1.542,"ihs"
"chr4",4711895,1.544,"ihs"
"chr4",4773895,1.449,"ihs"
"chr4",4835895,1.349,"ihs"
"chr4",4897896,0.797,"ihs"
"chr4",4959896,0.351,"ihs"
"chr4",5021896,0.656,"ihs"
"chr4",5083896,0.875,"ihs"
"chr4",5145897,0.72,"ihs"
"chr4",5207897,0.838,"ihs"
"chr4",5269897,0.343,"ihs"
"chr4",5331897,0.557,"ihs"
"chr4",5393898,0.38,"ihs"
"chr4",5455898,0.34,"ihs"
"chr4",5517898,0.758,"ihs"
"chr4",5579898,0.624,"ihs"
"chr4",5641899,0.815,"ihs"
"chr4",5703899,0.373,"ihs"
"chr4",5765899,0.598,"ihs"
"chr4",5827899,0.886,"ihs"
"chr4",5889900,0.02,"ihs"
"chr4",5951900,0.103,"ihs"
"chr4",6013900,0.423,"ihs"
"chr4",6075900,0.37,"ihs"
"chr4",6137901,0.701,"ihs"
"chr4",6199901,0.051,"ihs"
"chr4",6261901,0.268,"ihs"
"chr4",6323901,0.216,"ihs"
"chr4",6385902,0.176,"ihs"
"chr4",6447902,0.624,"ihs"
"chr4",6509902,0.387,"ihs"
"chr4",6571902,0.292,"ihs"
"chr4",6633903,0.02,"ihs"
"chr4",6695903,0.14,"ihs"
"chr4",6757903,0.631,"ihs"
"chr4",6819903,1.561,"ihs"
"chr4",6881904,0.49,"ihs"
"chr4",6943904,0.356,"ihs"
"chr4",7005904,0.598,"ihs"
"chr4",7067904,0.334,"ihs"
"chr4",7129905,0.359,"ihs"
"chr4",7191905,0.055,"ihs"
"chr4",7253905,1.467,"ihs"
"chr4",7315905,0.774,"ihs"
"chr4",7377906,0.302,"ihs"
"chr4",7439906,0.251,"ihs"
"chr4",7501906,0.277,"ihs"
"chr4",7563906,0.272,"ihs"
"chr4",7625907,0.059,"ihs"
"chr4",7687907,0.639,"ihs"
"chr4",7749907,0.427,"ihs"
"chr4",7811907,0.372,"ihs"
"chr4",7873907,1.009,"ihs"
"chr4",7935908,0.85,"ihs"
"chr4",7997908,1.513,"ihs"
"chr4",8059908,2.328,"ihs"
"chr4",8121908,1.732,"ihs"
"chr4",8183909,1.257,"ihs"
"chr4",8245909,1.45,"ihs"
"chr4",8307909,2.056,"ihs"
"chr4",8369909,1.12,"ihs"
"chr4",8431910,1.091,"ihs"
"chr4",8493910,0.914,"ihs"
"chr4",8555910,0.318,"ihs"
"chr4",8617910,0.936,"ihs"
"chr4",8679911,1.447,"ihs"
"chr4",8741911,0.516,"ihs"
"chr4",8803911,1.225,"ihs"
"chr4",8865911,1.214,"ihs"
"chr4",8927912,1.433,"ihs"
"chr4",8989912,1.306,"ihs"
"chr4",9051912,1.437,"ihs"
"chr4",9113912,1.093,"ihs"
"chr4",9175913,1.196,"ihs"
"chr4",9237913,0.863,"ihs"
"chr4",9299913,0.776,"ihs"
"chr4",9361913,0.162,"ihs"
"chr4",9423914,0.094,"ihs"
"chr4",9485914,0.789,"ihs"
"chr4",9547914,0.48,"ihs"
"chr4",9609914,0.291,"ihs"
"chr4",9671915,0.781,"ihs"
"chr4",9733915,0.386,"ihs"
"chr4",9795915,0.185,"ihs"
"chr4",9857915,0.149,"ihs"
"chr4",9919916,0.203,"ihs"
"chr4",9981916,0.829,"ihs"
"chr4",10043916,1.175,"ihs"
"chr4",10105916,1.061,"ihs"
"chr4",10167917,1.794,"ihs"
"chr4",10229917,2.419,"ihs"
"chr4",10291917,2.386,"ihs"
"chr4",10353917,2.783,"ihs"
"chr4",10415918,2.294,"ihs"
"chr4",10477918,2.007,"ihs"
"chr4",10539918,1.807,"ihs"
"chr4",10601918,2.033,"ihs"
"chr4",10663919,2.143,"ihs"
"chr4",10725919,2.133,"ihs"
"chr4",10787919,1.388,"ihs"
"chr4",10849919,1.449,"ihs"
"chr4",10911920,1.57,"ihs"
"chr4",10973920,1.761,"ihs"
"chr4",11035920,1.576,"ihs"
"chr4",11097920,2.506,"ihs"
"chr4",11159921,2.102,"ihs"
"chr4",11221921,1.933,"ihs"
"chr4",11283921,2.805,"ihs"
"chr4",11345921,3.074,"ihs"
"chr4",11407922,2.262,"ihs"
"chr4",11469922,2.597,"ihs"
"chr4",11531922,2.725,"ihs"
"chr4",11593922,2.813,"ihs"
"chr4",11655923,2.832,"ihs"
"chr4",11717923,2.424,"ihs"
"chr4",11779923,2.568,"ihs"
"chr4",11841923,2.534,"ihs"
"chr4",11903924,2.844,"ihs"
"chr4",11965924,2.456,"ihs"
"chr4",12027924,2.523,"ihs"
"chr4",12089924,2.579,"ihs"
"chr4",12151925,2.311,"ihs"
"chr4",12213925,2.496,"ihs"
"chr4",12275925,2.018,"ihs"
"chr4",12337925,2.925,"ihs"
"chr4",12399926,2.691,"ihs"
"chr4",12461926,2.752,"ihs"
"chr4",12523926,1.749,"ihs"
"chr4",12585926,1.908,"ihs"
"chr4",12647927,2.163,"ihs"
"chr4",12709927,2.529,"ihs"
"chr4",12771927,1.763,"ihs"
"chr4",12833927,1.051,"ihs"
"chr4",12895928,1.522,"ihs"
"chr4",12957928,1.316,"ihs"
"chr4",13019928,1.567,"ihs"
"chr4",13081928,1.259,"ihs"
"chr4",13143929,1.061,"ihs"
"chr4",13205929,0.61,"ihs"
"chr4",13267929,0.879,"ihs"
"chr4",13329929,1.593,"ihs"
"chr4",13391930,0.523,"ihs"
"chr4",13453930,1.368,"ihs"
"chr4",13515930,0.764,"ihs"
"chr4",13577930,0.573,"ihs"
"chr4",13639931,1.234,"ihs"
"chr4",13701931,0.902,"ihs"
"chr4",13763931,0.111,"ihs"
"chr4",13825931,0.553,"ihs"
"chr4",13887932,0.704,"ihs"
"chr4",13949932,0.567,"ihs"
"chr4",14011932,1.044,"ihs"
"chr4",14073932,0.94,"ihs"
"chr4",14135933,1.405,"ihs"
"chr4",14197933,0.939,"ihs"
"chr4",14259933,1.254,"ihs"
"chr4",14321933,0.334,"ihs"
"chr4",14383934,1.252,"ihs"
"chr4",14445934,0.591,"ihs"
"chr4",14507934,0.981,"ihs"
"chr4",14569934,1.159,"ihs"
"chr4",14631935,1.892,"ihs"
"chr4",14693935,1.444,"ihs"
"chr4",14755935,1.005,"ihs"
"chr4",14817935,0.41,"ihs"
"chr4",14879936,0.215,"ihs"
"chr4",14941936,0.467,"ihs"
"chr4",15003936,1.153,"ihs"
"chr4",15065936,0.979,"ihs"
"chr4",15127937,0.498,"ihs"
"chr4",15189937,0.521,"ihs"
"chr4",15251937,0.163,"ihs"
"chr4",15313937,0.229,"ihs"
"chr4",15375938,0.129,"ihs"
"chr4",15437938,0.753,"ihs"
"chr4",15499938,0.618,"ihs"
"chr4",15561938,0.965,"ihs"
"chr4",15623938,0.315,"ihs"
"chr4",15685939,0.13,"ihs"
"chr4",15747939,0.034,"ihs"
"chr4",15809939,0.263,"ihs"
"chr4",15871939,0.199,"ihs"
"chr4",15933940,0.23,"ihs"
"chr4",15995940,0.102,"ihs"
"chr4",16057940,0.454,"ihs"
"chr4",16119940,0.074,"ihs"
"chr4",16181941,0.445,"ihs"
"chr4",16243941,0.305,"ihs"
"chr4",16305941,0.023,"ihs"
"chr4",16367941,0.354,"ihs"
"chr4",16429942,0.72,"ihs"
"chr4",16491942,0.938,"ihs"
"chr4",16553942,0.291,"ihs"
"chr4",16615942,0.094,"ihs"
"chr4",16677943,0.32,"ihs"
"chr4",16739943,0.165,"ihs"
"chr4",16801943,0.708,"ihs"
"chr4",16863943,0.489,"ihs"
"chr4",16925944,0.02,"ihs"
"chr4",16987944,0.347,"ihs"
"chr4",17049944,0.617,"ihs"
"chr4",17111944,1.105,"ihs"
"chr4",17173945,0.474,"ihs"
"chr4",17235945,1.185,"ihs"
"chr4",17297945,0.885,"ihs"
"chr4",17359945,1.034,"ihs"
"chr4",17421946,0.876,"ihs"
"chr4",17483946,0.934,"ihs"
"chr4",17545946,1.014,"ihs"
"chr4",17607946,0.054,"ihs"
"chr4",17669947,0.279,"ihs"
"chr4",17731947,0.06,"ihs"
"chr4",17793947,0.494,"ihs"
"chr4",17855947,0.148,"ihs"
"chr4",17917948,0.625,"ihs"
"chr4",17979948,0.548,"ihs"
"chr4",18041948,0.264,"ihs"
"chr4",18103948,0.824,"ihs"
"chr4",18165949,0.297,"ihs"
"chr4",18227949,0.72,"ihs"
"chr4",18289949,0.945,"ihs"
"chr4",18351949,0.177,"ihs"
"chr4",18413950,0.802,"ihs"
"chr4",18475950,0.196,"ihs"
"chr4",18537950,0.376,"ihs"
"chr4",18599950,0.416,"ihs"
"chr4",18661951,0.058,"ihs"
"chr4",18723951,0.699,"ihs"
"chr4",18785951,0.722,"ihs"
"chr4",18847951,1.027,"ihs"
"chr4",18909952,1.349,"ihs"
"chr4",18971952,1.252,"ihs"
"chr4",19033952,1.953,"ihs"
"chr4",19095952,1.7,"ihs"
"chr4",19157953,0.805,"ihs"
"chr4",19219953,0.045,"ihs"
"chr4",19281953,0.309,"ihs"
"chr4",19343953,1.069,"ihs"
"chr4",19405954,1.358,"ihs"
"chr4",19467954,2.234,"ihs"
"chr4",19529954,1.601,"ihs"
"chr4",19591954,1.405,"ihs"
"chr4",19653955,1.502,"ihs"
"chr4",19715955,1.23,"ihs"
"chr4",19777955,1.292,"ihs"
"chr4",19839955,0.965,"ihs"
"chr4",19901956,1.458,"ihs"
"chr4",19963956,1.582,"ihs"
"chr4",20025956,0.627,"ihs"
"chr4",20087956,0.843,"ihs"
"chr4",20149957,0.974,"ihs"
"chr4",20211957,1.203,"ihs"
"chr4",20273957,0.922,"ihs"
"chr4",20335957,1.186,"ihs"
"chr4",20397958,1.229,"ihs"
"chr4",20459958,1.156,"ihs"
"chr4",20521958,1.866,"ihs"
"chr4",20583958,1.165,"ihs"
"chr4",20645959,1.597,"ihs"
"chr4",20707959,1.854,"ihs"
"chr4",20769959,2.294,"ihs"
"chr4",20831959,1.325,"ihs"
"chr4",20893960,1.492,"ihs"
"chr4",20955960,1.526,"ihs"
"chr4",21017960,1.48,"ihs"
"chr4",21079960,1.041,"ihs"
"chr4",21141961,1.316,"ihs"
"chr4",21203961,1.653,"ihs"
"chr4",21265961,1.639,"ihs"
"chr4",21327961,2.11,"ihs"
"chr4",21389962,2.15,"ihs"
"chr4",21451962,0.696,"ihs"
"chr4",21513962,1.022,"ihs"
"chr4",21575962,0.9,"ihs"
"chr4",21637963,0.898,"ihs"
"chr4",21699963,0.681,"ihs"
"chr4",21761963,0.404,"ihs"
"chr4",21823963,0.688,"ihs"
"chr4",21885964,0.225,"ihs"
"chr4",21947964,0.31,"ihs"
"chr4",22009964,0.419,"ihs"
"chr4",22071964,0.815,"ihs"
"chr4",22133965,0.9,"ihs"
"chr4",22195965,1.12,"ihs"
"chr4",22257965,0.538,"ihs"
"chr4",22319965,0.148,"ihs"
"chr4",22381966,0.575,"ihs"
"chr4",22443966,0.528,"ihs"
"chr4",22505966,1.191,"ihs"
"chr4",22567966,0.345,"ihs"
"chr4",22629967,0.072,"ihs"
"chr4",22691967,0.384,"ihs"
"chr4",22753967,0.775,"ihs"
"chr4",22815967,0.892,"ihs"
"chr4",22877968,0.349,"ihs"
"chr4",22939968,0.604,"ihs"
"chr4",23001968,0.351,"ihs"
"chr4",23063968,0.239,"ihs"
"chr4",23125969,0.17,"ihs"
"chr4",23187969,0.557,"ihs"
"chr4",23249969,0.078,"ihs"
"chr4",23311969,0.199,"ihs"
"chr4",23373969,0.408,"ihs"
"chr4",23435970,0.14,"ihs"
"chr4",23497970,0.712,"ihs"
"chr4",23559970,0.588,"ihs"
"chr4",23621970,0.674,"ihs"
"chr4",23683971,0.357,"ihs"
"chr4",23745971,0.984,"ihs"
"chr4",23807971,0.555,"ihs"
"chr4",23869971,0.626,"ihs"
"chr4",23931972,1.024,"ihs"
"chr4",23993972,0.666,"ihs"
"chr4",24055972,0.143,"ihs"
"chr4",24117972,0.178,"ihs"
"chr4",24179973,0.166,"ihs"
"chr4",24241973,0.143,"ihs"
"chr4",24303973,0.113,"ihs"
"chr4",24365973,0.551,"ihs"
"chr4",24427974,0.02,"ihs"
"chr4",24489974,0.052,"ihs"
"chr4",24551974,0.802,"ihs"
"chr4",24613974,0.134,"ihs"
"chr4",24675975,0.455,"ihs"
"chr4",24737975,0.08,"ihs"
"chr4",24799975,0.051,"ihs"
"chr4",24861975,0.262,"ihs"
"chr4",24923976,0.482,"ihs"
"chr4",24985976,0.138,"ihs"
"chr4",25047976,0.777,"ihs"
"chr4",25109976,0.273,"ihs"
"chr4",25171977,0.322,"ihs"
"chr4",25233977,0.237,"ihs"
"chr4",25295977,0.609,"ihs"
"chr4",25357977,0.062,"ihs"
"chr4",25419978,0.361,"ihs"
"chr4",25481978,0.298,"ihs"
"chr4",25543978,0.942,"ihs"
"chr4",25605978,0.212,"ihs"
"chr4",25667979,0.519,"ihs"
"chr4",25729979,0.472,"ihs"
"chr4",25791979,0.97,"ihs"
"chr4",25853979,0.773,"ihs"
"chr4",25915980,0.962,"ihs"
"chr4",25977980,0.612,"ihs"
"chr4",26039980,0.676,"ihs"
"chr4",26101980,0.508,"ihs"
"chr4",26163981,0.634,"ihs"
"chr4",26225981,0.219,"ihs"
"chr4",26287981,0.075,"ihs"
"chr4",26349981,0.331,"ihs"
"chr4",26411982,0.161,"ihs"
"chr4",26473982,0.02,"ihs"
"chr4",26535982,0.385,"ihs"
"chr4",26597982,0.256,"ihs"
"chr4",26659983,0.208,"ihs"
"chr4",26721983,0.218,"ihs"
"chr4",26783983,0.164,"ihs"
"chr4",26845983,0.184,"ihs"
"chr4",26907984,0.062,"ihs"
"chr4",26969984,0.881,"ihs"
"chr4",27031984,1.095,"ihs"
"chr4",27093984,0.104,"ihs"
"chr4",27155985,0.453,"ihs"
"chr4",27217985,0.575,"ihs"
"chr4",27279985,0.747,"ihs"
"chr4",27341985,0.175,"ihs"
"chr4",27403986,0.166,"ihs"
"chr4",27465986,0.073,"ihs"
"chr4",27527986,0.149,"ihs"
"chr4",27589986,0.576,"ihs"
"chr4",27651987,0.138,"ihs"
"chr4",27713987,0.771,"ihs"
"chr4",27775987,0.6,"ihs"
"chr4",27837987,0.539,"ihs"
"chr4",27899988,0.024,"ihs"
"chr4",27961988,0.622,"ihs"
"chr4",28023988,0.697,"ihs"
"chr4",28085988,0.231,"ihs"
"chr4",28147989,0.119,"ihs"
"chr4",28209989,0.324,"ihs"
"chr4",28271989,0.14,"ihs"
"chr4",28333989,0.048,"ihs"
"chr4",28395990,0.151,"ihs"
"chr4",28457990,0.14,"ihs"
"chr4",28519990,0.116,"ihs"
"chr4",28581990,0.45,"ihs"
"chr4",28643991,0.473,"ihs"
"chr4",28705991,0.27,"ihs"
"chr4",28767991,0.502,"ihs"
"chr4",28829991,0.269,"ihs"
"chr4",28891992,0.187,"ihs"
"chr4",28953992,0.237,"ihs"
"chr4",29015992,0.05,"ihs"
"chr4",29077992,0.384,"ihs"
"chr4",29139993,0.717,"ihs"
"chr4",29201993,1.033,"ihs"
"chr4",29263993,0.365,"ihs"
"chr4",29325993,0.502,"ihs"
"chr4",29387994,0.856,"ihs"
"chr4",29449994,0.852,"ihs"
"chr4",29511994,0.07,"ihs"
"chr4",29573994,0.335,"ihs"
"chr4",29635995,0.439,"ihs"
"chr4",29697995,0.319,"ihs"
"chr4",29759995,0.944,"ihs"
"chr4",29821995,0.65,"ihs"
"chr4",29883996,0.207,"ihs"
"chr4",29945996,0.23,"ihs"
"chr4",30007996,0.381,"ihs"
"chr4",30069996,0.164,"ihs"
"chr4",30131997,0.02,"ihs"
"chr4",30193997,0.087,"ihs"
"chr4",30255997,0.075,"ihs"
"chr4",30317997,0.622,"ihs"
"chr4",30379998,0.107,"ihs"
"chr4",30441998,0.63,"ihs"
"chr4",30503998,0.168,"ihs"
"chr4",30565998,0.687,"ihs"
"chr4",30627999,0.321,"ihs"
"chr4",30689999,0.541,"ihs"
"chr4",30751999,0.958,"ihs"
"chr4",30813999,0.501,"ihs"
"chr4",30876000,1.039,"ihs"
"chr4",30938000,0.174,"ihs"
"chr4",3.1e+07,0.346,"ihs"
"chr5",55888,2.116,"xpclr"
"chr5",111888,1.546,"xpclr"
"chr5",167889,1.54,"xpclr"
"chr5",223889,2.879,"xpclr"
"chr5",279889,1.65,"xpclr"
"chr5",335889,1.988,"xpclr"
"chr5",391890,2.424,"xpclr"
"chr5",447890,2.489,"xpclr"
"chr5",503890,1.556,"xpclr"
"chr5",559890,0.962,"xpclr"
"chr5",615890,1.365,"xpclr"
"chr5",671891,0.753,"xpclr"
"chr5",727891,0.642,"xpclr"
"chr5",783891,1.028,"xpclr"
"chr5",839891,0.779,"xpclr"
"chr5",895892,1.741,"xpclr"
"chr5",951892,1.807,"xpclr"
"chr5",1007892,2.209,"xpclr"
"chr5",1063892,2.493,"xpclr"
"chr5",1119892,3.141,"xpclr"
"chr5",1175893,6.178,"xpclr"
"chr5",1231893,2.724,"xpclr"
"chr5",1287893,2.764,"xpclr"
"chr5",1343893,3.6,"xpclr"
"chr5",1399894,3.684,"xpclr"
"chr5",1455894,2.753,"xpclr"
"chr5",1511894,4.878,"xpclr"
"chr5",1567894,6.39,"xpclr"
"chr5",1623894,6.331,"xpclr"
"chr5",1679895,4.565,"xpclr"
"chr5",1735895,3.983,"xpclr"
"chr5",1791895,2.833,"xpclr"
"chr5",1847895,2.957,"xpclr"
"chr5",1903896,3.011,"xpclr"
"chr5",1959896,3.914,"xpclr"
"chr5",2015896,4.508,"xpclr"
"chr5",2071896,3.862,"xpclr"
"chr5",2127897,3.801,"xpclr"
"chr5",2183897,3.282,"xpclr"
"chr5",2239897,4.723,"xpclr"
"chr5",2295897,7.136,"xpclr"
"chr5",2351897,6.387,"xpclr"
"chr5",2407898,2.883,"xpclr"
"chr5",2463898,2.997,"xpclr"
"chr5",2519898,2.739,"xpclr"
"chr5",2575898,2.229,"xpclr"
"chr5",2631899,2.504,"xpclr"
"chr5",2687899,2.059,"xpclr"
"chr5",2743899,1.881,"xpclr"
"chr5",2799899,1.604,"xpclr"
"chr5",2855899,1.347,"xpclr"
"chr5",2911900,0.797,"xpclr"
"chr5",2967900,0.582,"xpclr"
"chr5",3023900,0.843,"xpclr"
"chr5",3079900,0.747,"xpclr"
"chr5",3135901,0.98,"xpclr"
"chr5",3191901,1.612,"xpclr"
"chr5",3247901,1.786,"xpclr"
"chr5",3303901,1.729,"xpclr"
"chr5",3359901,1.74,"xpclr"
"chr5",3415902,1.39,"xpclr"
"chr5",3471902,2.145,"xpclr"
"chr5",3527902,3.28,"xpclr"
"chr5",3583902,2.256,"xpclr"
"chr5",3639903,3.126,"xpclr"
"chr5",3695903,3.158,"xpclr"
"chr5",3751903,3.026,"xpclr"
"chr5",3807903,2.708,"xpclr"
"chr5",3863903,2.615,"xpclr"
"chr5",3919904,2.425,"xpclr"
"chr5",3975904,3.826,"xpclr"
"chr5",4031904,2.517,"xpclr"
"chr5",4087904,2.238,"xpclr"
"chr5",4143905,3.42,"xpclr"
"chr5",4199905,2.415,"xpclr"
"chr5",4255905,2.731,"xpclr"
"chr5",4311905,2.741,"xpclr"
"chr5",4367905,1.249,"xpclr"
"chr5",4423906,1.756,"xpclr"
"chr5",4479906,2.399,"xpclr"
"chr5",4535906,3.654,"xpclr"
"chr5",4591906,4.085,"xpclr"
"chr5",4647907,2.807,"xpclr"
"chr5",4703907,1.503,"xpclr"
"chr5",4759907,1.465,"xpclr"
"chr5",4815907,1.657,"xpclr"
"chr5",4871907,1.194,"xpclr"
"chr5",4927908,1.844,"xpclr"
"chr5",4983908,1.722,"xpclr"
"chr5",5039908,0.951,"xpclr"
"chr5",5095908,0.796,"xpclr"
"chr5",5151909,0.614,"xpclr"
"chr5",5207909,0.605,"xpclr"
"chr5",5263909,1.139,"xpclr"
"chr5",5319909,1.286,"xpclr"
"chr5",5375910,1.185,"xpclr"
"chr5",5431910,1.499,"xpclr"
"chr5",5487910,1.585,"xpclr"
"chr5",5543910,2.868,"xpclr"
"chr5",5599910,2.858,"xpclr"
"chr5",5655911,3.781,"xpclr"
"chr5",5711911,3.134,"xpclr"
"chr5",5767911,3.395,"xpclr"
"chr5",5823911,2.258,"xpclr"
"chr5",5879912,3.083,"xpclr"
"chr5",5935912,1.408,"xpclr"
"chr5",5991912,1.167,"xpclr"
"chr5",6047912,1.247,"xpclr"
"chr5",6103912,0.772,"xpclr"
"chr5",6159913,0.532,"xpclr"
"chr5",6215913,0.526,"xpclr"
"chr5",6271913,0.644,"xpclr"
"chr5",6327913,0.879,"xpclr"
"chr5",6383914,1.337,"xpclr"
"chr5",6439914,1.656,"xpclr"
"chr5",6495914,1.224,"xpclr"
"chr5",6551914,1.672,"xpclr"
"chr5",6607914,2.158,"xpclr"
"chr5",6663915,5.647,"xpclr"
"chr5",6719915,5.416,"xpclr"
"chr5",6775915,6.625,"xpclr"
"chr5",6831915,5.061,"xpclr"
"chr5",6887916,3.732,"xpclr"
"chr5",6943916,3.666,"xpclr"
"chr5",6999916,3.741,"xpclr"
"chr5",7055916,4.395,"xpclr"
"chr5",7111916,1.816,"xpclr"
"chr5",7167917,1.464,"xpclr"
"chr5",7223917,2.376,"xpclr"
"chr5",7279917,1.706,"xpclr"
"chr5",7335917,1.413,"xpclr"
"chr5",7391918,1.689,"xpclr"
"chr5",7447918,1.967,"xpclr"
"chr5",7503918,2.968,"xpclr"
"chr5",7559918,4.628,"xpclr"
"chr5",7615918,7.032,"xpclr"
"chr5",7671919,7.809,"xpclr"
"chr5",7727919,11.155,"xpclr"
"chr5",7783919,5.644,"xpclr"
"chr5",7839919,5.549,"xpclr"
"chr5",7895920,4.897,"xpclr"
"chr5",7951920,2.874,"xpclr"
"chr5",8007920,2.962,"xpclr"
"chr5",8063920,3.312,"xpclr"
"chr5",8119920,3.281,"xpclr"
"chr5",8175921,2.492,"xpclr"
"chr5",8231921,2.501,"xpclr"
"chr5",8287921,2.698,"xpclr"
"chr5",8343921,2.267,"xpclr"
"chr5",8399922,2.086,"xpclr"
"chr5",8455922,3.382,"xpclr"
"chr5",8511922,3.59,"xpclr"
"chr5",8567922,1.778,"xpclr"
"chr5",8623922,1.365,"xpclr"
"chr5",8679923,3.388,"xpclr"
"chr5",8735923,3.042,"xpclr"
"chr5",8791923,4.037,"xpclr"
"chr5",8847923,2.364,"xpclr"
"chr5",8903924,1.831,"xpclr"
"chr5",8959924,2.137,"xpclr"
"chr5",9015924,3.266,"xpclr"
"chr5",9071924,2.139,"xpclr"
"chr5",9127925,2.038,"xpclr"
"chr5",9183925,3.281,"xpclr"
"chr5",9239925,4.426,"xpclr"
"chr5",9295925,2.317,"xpclr"
"chr5",9351925,3.574,"xpclr"
"chr5",9407926,5.752,"xpclr"
"chr5",9463926,4.537,"xpclr"
"chr5",9519926,3.816,"xpclr"
"chr5",9575926,6.286,"xpclr"
"chr5",9631927,4.827,"xpclr"
"chr5",9687927,4.307,"xpclr"
"chr5",9743927,5.326,"xpclr"
"chr5",9799927,2.822,"xpclr"
"chr5",9855927,3.697,"xpclr"
"chr5",9911928,2.92,"xpclr"
"chr5",9967928,3.415,"xpclr"
"chr5",10023928,1.897,"xpclr"
"chr5",10079928,1.378,"xpclr"
"chr5",10135929,1.397,"xpclr"
"chr5",10191929,0.87,"xpclr"
"chr5",10247929,0.687,"xpclr"
"chr5",10303929,0.812,"xpclr"
"chr5",10359929,0.85,"xpclr"
"chr5",10415930,1.174,"xpclr"
"chr5",10471930,1.425,"xpclr"
"chr5",10527930,1.643,"xpclr"
"chr5",10583930,1.49,"xpclr"
"chr5",10639931,1.764,"xpclr"
"chr5",10695931,1.636,"xpclr"
"chr5",10751931,1.16,"xpclr"
"chr5",10807931,1.068,"xpclr"
"chr5",10863931,0.866,"xpclr"
"chr5",10919932,0.627,"xpclr"
"chr5",10975932,0.622,"xpclr"
"chr5",11031932,0.744,"xpclr"
"chr5",11087932,0.965,"xpclr"
"chr5",11143933,0.763,"xpclr"
"chr5",11199933,0.648,"xpclr"
"chr5",11255933,0.897,"xpclr"
"chr5",11311933,1.236,"xpclr"
"chr5",11367933,1.047,"xpclr"
"chr5",11423934,1.335,"xpclr"
"chr5",11479934,1.086,"xpclr"
"chr5",11535934,1.878,"xpclr"
"chr5",11591934,1.52,"xpclr"
"chr5",11647935,1.369,"xpclr"
"chr5",11703935,1.385,"xpclr"
"chr5",11759935,1.166,"xpclr"
"chr5",11815935,2.143,"xpclr"
"chr5",11871935,3.104,"xpclr"
"chr5",11927936,3.971,"xpclr"
"chr5",11983936,5.843,"xpclr"
"chr5",12039936,5.833,"xpclr"
"chr5",12095936,5.125,"xpclr"
"chr5",12151937,4.25,"xpclr"
"chr5",12207937,4.512,"xpclr"
"chr5",12263937,5.652,"xpclr"
"chr5",12319937,4.295,"xpclr"
"chr5",12375938,7.028,"xpclr"
"chr5",12431938,3.78,"xpclr"
"chr5",12487938,5.487,"xpclr"
"chr5",12543938,5.185,"xpclr"
"chr5",12599938,4.374,"xpclr"
"chr5",12655939,2.639,"xpclr"
"chr5",12711939,1.917,"xpclr"
"chr5",12767939,2.125,"xpclr"
"chr5",12823939,3.342,"xpclr"
"chr5",12879940,4.968,"xpclr"
"chr5",12935940,6.604,"xpclr"
"chr5",12991940,10.85,"xpclr"
"chr5",13047940,6.523,"xpclr"
"chr5",13103940,10.75,"xpclr"
"chr5",13159941,10.146,"xpclr"
"chr5",13215941,7.495,"xpclr"
"chr5",13271941,9.891,"xpclr"
"chr5",13327941,6.252,"xpclr"
"chr5",13383942,3.932,"xpclr"
"chr5",13439942,3.769,"xpclr"
"chr5",13495942,2.649,"xpclr"
"chr5",13551942,3.249,"xpclr"
"chr5",13607942,3.593,"xpclr"
"chr5",13663943,3.507,"xpclr"
"chr5",13719943,3.028,"xpclr"
"chr5",13775943,2.913,"xpclr"
"chr5",13831943,2.77,"xpclr"
"chr5",13887944,1.827,"xpclr"
"chr5",13943944,2.262,"xpclr"
"chr5",13999944,3.472,"xpclr"
"chr5",14055944,3.844,"xpclr"
"chr5",14111944,2.986,"xpclr"
"chr5",14167945,4.368,"xpclr"
"chr5",14223945,2.768,"xpclr"
"chr5",14279945,2.483,"xpclr"
"chr5",14335945,3.775,"xpclr"
"chr5",14391946,3.858,"xpclr"
"chr5",14447946,2.874,"xpclr"
"chr5",14503946,1.561,"xpclr"
"chr5",14559946,1.497,"xpclr"
"chr5",14615946,1.794,"xpclr"
"chr5",14671947,2.355,"xpclr"
"chr5",14727947,1.712,"xpclr"
"chr5",14783947,1.292,"xpclr"
"chr5",14839947,1.508,"xpclr"
"chr5",14895948,1.926,"xpclr"
"chr5",14951948,2.358,"xpclr"
"chr5",15007948,1.972,"xpclr"
"chr5",15063948,1.886,"xpclr"
"chr5",15119948,1.145,"xpclr"
"chr5",15175949,1.414,"xpclr"
"chr5",15231949,1.806,"xpclr"
"chr5",15287949,1.797,"xpclr"
"chr5",15343949,1.608,"xpclr"
"chr5",15399950,1.632,"xpclr"
"chr5",15455950,0.965,"xpclr"
"chr5",15511950,0.943,"xpclr"
"chr5",15567950,1.693,"xpclr"
"chr5",15623950,0.819,"xpclr"
"chr5",15679951,0.546,"xpclr"
"chr5",15735951,0.869,"xpclr"
"chr5",15791951,1.02,"xpclr"
"chr5",15847951,1.403,"xpclr"
"chr5",15903952,1.827,"xpclr"
"chr5",15959952,2.599,"xpclr"
"chr5",16015952,1.241,"xpclr"
"chr5",16071952,1.292,"xpclr"
"chr5",16127953,1.423,"xpclr"
"chr5",16183953,1.392,"xpclr"
"chr5",16239953,1.15,"xpclr"
"chr5",16295953,0.742,"xpclr"
"chr5",16351953,0.644,"xpclr"
"chr5",16407954,0.591,"xpclr"
"chr5",16463954,0.808,"xpclr"
"chr5",16519954,1.235,"xpclr"
"chr5",16575954,1.087,"xpclr"
"chr5",16631955,1.616,"xpclr"
"chr5",16687955,1.602,"xpclr"
"chr5",16743955,1.05,"xpclr"
"chr5",16799955,1.152,"xpclr"
"chr5",16855955,1.124,"xpclr"
"chr5",16911956,0.986,"xpclr"
"chr5",16967956,0.717,"xpclr"
"chr5",17023956,0.529,"xpclr"
"chr5",17079956,0.627,"xpclr"
"chr5",17135957,0.518,"xpclr"
"chr5",17191957,0.596,"xpclr"
"chr5",17247957,0.71,"xpclr"
"chr5",17303957,1.348,"xpclr"
"chr5",17359957,1.208,"xpclr"
"chr5",17415958,0.622,"xpclr"
"chr5",17471958,0.827,"xpclr"
"chr5",17527958,1.718,"xpclr"
"chr5",17583958,3.905,"xpclr"
"chr5",17639959,3.252,"xpclr"
"chr5",17695959,2.191,"xpclr"
"chr5",17751959,3.807,"xpclr"
"chr5",17807959,2.696,"xpclr"
"chr5",17863959,2.169,"xpclr"
"chr5",17919960,4.009,"xpclr"
"chr5",17975960,3.585,"xpclr"
"chr5",18031960,3.627,"xpclr"
"chr5",18087960,3.14,"xpclr"
"chr5",18143961,4.311,"xpclr"
"chr5",18199961,3.981,"xpclr"
"chr5",18255961,4.53,"xpclr"
"chr5",18311961,2.303,"xpclr"
"chr5",18367961,3.452,"xpclr"
"chr5",18423962,5.027,"xpclr"
"chr5",18479962,5.227,"xpclr"
"chr5",18535962,3.341,"xpclr"
"chr5",18591962,2.763,"xpclr"
"chr5",18647963,2.017,"xpclr"
"chr5",18703963,3.112,"xpclr"
"chr5",18759963,2.377,"xpclr"
"chr5",18815963,3.06,"xpclr"
"chr5",18871963,3.381,"xpclr"
"chr5",18927964,3.188,"xpclr"
"chr5",18983964,4.767,"xpclr"
"chr5",19039964,7.548,"xpclr"
"chr5",19095964,4.812,"xpclr"
"chr5",19151965,4.33,"xpclr"
"chr5",19207965,4.452,"xpclr"
"chr5",19263965,2.666,"xpclr"
"chr5",19319965,2.611,"xpclr"
"chr5",19375966,2.69,"xpclr"
"chr5",19431966,2.295,"xpclr"
"chr5",19487966,1.433,"xpclr"
"chr5",19543966,0.822,"xpclr"
"chr5",19599966,1.107,"xpclr"
"chr5",19655967,1.338,"xpclr"
"chr5",19711967,1.557,"xpclr"
"chr5",19767967,2.701,"xpclr"
"chr5",19823967,1.64,"xpclr"
"chr5",19879968,1.914,"xpclr"
"chr5",19935968,0.789,"xpclr"
"chr5",19991968,0.791,"xpclr"
"chr5",20047968,1.196,"xpclr"
"chr5",20103968,1.428,"xpclr"
"chr5",20159969,1.156,"xpclr"
"chr5",20215969,0.822,"xpclr"
"chr5",20271969,0.831,"xpclr"
"chr5",20327969,0.853,"xpclr"
"chr5",20383970,1.536,"xpclr"
"chr5",20439970,1.363,"xpclr"
"chr5",20495970,1.223,"xpclr"
"chr5",20551970,1.415,"xpclr"
"chr5",20607970,1.123,"xpclr"
"chr5",20663971,0.715,"xpclr"
"chr5",20719971,0.796,"xpclr"
"chr5",20775971,1.103,"xpclr"
"chr5",20831971,1.102,"xpclr"
"chr5",20887972,1.044,"xpclr"
"chr5",20943972,1.331,"xpclr"
"chr5",20999972,1.285,"xpclr"
"chr5",21055972,2.054,"xpclr"
"chr5",21111972,2.096,"xpclr"
"chr5",21167973,2.871,"xpclr"
"chr5",21223973,3.475,"xpclr"
"chr5",21279973,2.001,"xpclr"
"chr5",21335973,1.526,"xpclr"
"chr5",21391974,2.609,"xpclr"
"chr5",21447974,3.422,"xpclr"
"chr5",21503974,2.847,"xpclr"
"chr5",21559974,2.209,"xpclr"
"chr5",21615974,1.452,"xpclr"
"chr5",21671975,2.601,"xpclr"
"chr5",21727975,1.741,"xpclr"
"chr5",21783975,1.71,"xpclr"
"chr5",21839975,3.166,"xpclr"
"chr5",21895976,3.823,"xpclr"
"chr5",21951976,4.408,"xpclr"
"chr5",22007976,2.239,"xpclr"
"chr5",22063976,1.701,"xpclr"
"chr5",22119976,1.372,"xpclr"
"chr5",22175977,1.702,"xpclr"
"chr5",22231977,1.305,"xpclr"
"chr5",22287977,0.842,"xpclr"
"chr5",22343977,0.845,"xpclr"
"chr5",22399978,0.638,"xpclr"
"chr5",22455978,1.587,"xpclr"
"chr5",22511978,0.567,"xpclr"
"chr5",22567978,0.468,"xpclr"
"chr5",22623978,0.205,"xpclr"
"chr5",22679979,0.288,"xpclr"
"chr5",22735979,0.648,"xpclr"
"chr5",22791979,0.367,"xpclr"
"chr5",22847979,0.52,"xpclr"
"chr5",22903980,0.306,"xpclr"
"chr5",22959980,0.407,"xpclr"
"chr5",23015980,0.786,"xpclr"
"chr5",23071980,0.866,"xpclr"
"chr5",23127981,0.83,"xpclr"
"chr5",23183981,0.771,"xpclr"
"chr5",23239981,0.943,"xpclr"
"chr5",23295981,0.772,"xpclr"
"chr5",23351981,1.346,"xpclr"
"chr5",23407982,1.535,"xpclr"
"chr5",23463982,1.186,"xpclr"
"chr5",23519982,2.058,"xpclr"
"chr5",23575982,1.697,"xpclr"
"chr5",23631983,1.866,"xpclr"
"chr5",23687983,2.514,"xpclr"
"chr5",23743983,2.677,"xpclr"
"chr5",23799983,3.907,"xpclr"
"chr5",23855983,3.188,"xpclr"
"chr5",23911984,2.763,"xpclr"
"chr5",23967984,3.646,"xpclr"
"chr5",24023984,2.079,"xpclr"
"chr5",24079984,2.932,"xpclr"
"chr5",24135985,2.542,"xpclr"
"chr5",24191985,3.675,"xpclr"
"chr5",24247985,4.026,"xpclr"
"chr5",24303985,5.213,"xpclr"
"chr5",24359985,5.176,"xpclr"
"chr5",24415986,2.896,"xpclr"
"chr5",24471986,3.9,"xpclr"
"chr5",24527986,2.578,"xpclr"
"chr5",24583986,1.938,"xpclr"
"chr5",24639987,2.166,"xpclr"
"chr5",24695987,1.616,"xpclr"
"chr5",24751987,1.747,"xpclr"
"chr5",24807987,4.461,"xpclr"
"chr5",24863987,8.143,"xpclr"
"chr5",24919988,15.639,"xpclr"
"chr5",24975988,19.647,"xpclr"
"chr5",25031988,28.297,"xpclr"
"chr5",25087988,22.281,"xpclr"
"chr5",25143989,11.666,"xpclr"
"chr5",25199989,12.833,"xpclr"
"chr5",25255989,10.719,"xpclr"
"chr5",25311989,8.451,"xpclr"
"chr5",25367989,7.263,"xpclr"
"chr5",25423990,5.614,"xpclr"
"chr5",25479990,5.68,"xpclr"
"chr5",25535990,4.636,"xpclr"
"chr5",25591990,3.629,"xpclr"
"chr5",25647991,6.278,"xpclr"
"chr5",25703991,12.174,"xpclr"
"chr5",25759991,11.139,"xpclr"
"chr5",25815991,4.391,"xpclr"
"chr5",25871991,2.854,"xpclr"
"chr5",25927992,5.669,"xpclr"
"chr5",25983992,3.552,"xpclr"
"chr5",26039992,3.149,"xpclr"
"chr5",26095992,2.162,"xpclr"
"chr5",26151993,1.962,"xpclr"
"chr5",26207993,2.289,"xpclr"
"chr5",26263993,2.164,"xpclr"
"chr5",26319993,1.23,"xpclr"
"chr5",26375994,1.033,"xpclr"
"chr5",26431994,0.865,"xpclr"
"chr5",26487994,1.261,"xpclr"
"chr5",26543994,1.65,"xpclr"
"chr5",26599994,2.585,"xpclr"
"chr5",26655995,4.284,"xpclr"
"chr5",26711995,3.582,"xpclr"
"chr5",26767995,2.95,"xpclr"
"chr5",26823995,1.743,"xpclr"
"chr5",26879996,1.739,"xpclr"
"chr5",26935996,1.956,"xpclr"
"chr5",26991996,1.106,"xpclr"
"chr5",27047996,0.803,"xpclr"
"chr5",27103996,0.999,"xpclr"
"chr5",27159997,1.572,"xpclr"
"chr5",27215997,1.323,"xpclr"
"chr5",27271997,1.671,"xpclr"
"chr5",27327997,1.367,"xpclr"
"chr5",27383998,1.658,"xpclr"
"chr5",27439998,2.316,"xpclr"
"chr5",27495998,2.883,"xpclr"
"chr5",27551998,1.912,"xpclr"
"chr5",27607998,2.02,"xpclr"
"chr5",27663999,1.287,"xpclr"
"chr5",27719999,1.026,"xpclr"
"chr5",27775999,1.728,"xpclr"
"chr5",27831999,1.955,"xpclr"
"chr5",27888000,1.823,"xpclr"
"chr5",27944000,1.581,"xpclr"
"chr5",2.8e+07,1.216,"xpclr"
"chr5",55888,0.108,"ihs"
"chr5",111888,0.301,"ihs"
"chr5",167889,0.03,"ihs"
"chr5",223889,0.387,"ihs"
"chr5",279889,0.589,"ihs"
"chr5",335889,0.276,"ihs"
"chr5",391890,0.512,"ihs"
"chr5",447890,0.378,"ihs"
"chr5",503890,0.629,"ihs"
"chr5",559890,0.155,"ihs"
"chr5",615890,0.237,"ihs"
"chr5",671891,0.65,"ihs"
"chr5",727891,0.938,"ihs"
"chr5",783891,0.02,"ihs"
"chr5",839891,1.287,"ihs"
"chr5",895892,0.305,"ihs"
"chr5",951892,0.422,"ihs"
"chr5",1007892,0.252,"ihs"
"chr5",1063892,0.053,"ihs"
"chr5",1119892,0.304,"ihs"
"chr5",1175893,0.73,"ihs"
"chr5",1231893,0.319,"ihs"
"chr5",1287893,0.073,"ihs"
"chr5",1343893,0.069,"ihs"
"chr5",1399894,0.106,"ihs"
"chr5",1455894,0.063,"ihs"
"chr5",1511894,0.776,"ihs"
"chr5",1567894,1.279,"ihs"
"chr5",1623894,1.1,"ihs"
"chr5",1679895,0.203,"ihs"
"chr5",1735895,0.288,"ihs"
"chr5",1791895,0.345,"ihs"
"chr5",1847895,0.082,"ihs"
"chr5",1903896,0.26,"ihs"
"chr5",1959896,0.442,"ihs"
"chr5",2015896,0.945,"ihs"
"chr5",2071896,0.126,"ihs"
"chr5",2127897,0.066,"ihs"
"chr5",2183897,0.094,"ihs"
"chr5",2239897,0.531,"ihs"
"chr5",2295897,0.608,"ihs"
"chr5",2351897,0.651,"ihs"
"chr5",2407898,0.717,"ihs"
"chr5",2463898,0.057,"ihs"
"chr5",2519898,0.157,"ihs"
"chr5",2575898,0.2,"ihs"
"chr5",2631899,0.194,"ihs"
"chr5",2687899,0.111,"ihs"
"chr5",2743899,0.191,"ihs"
"chr5",2799899,0.489,"ihs"
"chr5",2855899,0.615,"ihs"
"chr5",2911900,0.796,"ihs"
"chr5",2967900,1.32,"ihs"
"chr5",3023900,1.018,"ihs"
"chr5",3079900,1.509,"ihs"
"chr5",3135901,0.476,"ihs"
"chr5",3191901,0.107,"ihs"
"chr5",3247901,0.314,"ihs"
"chr5",3303901,0.103,"ihs"
"chr5",3359901,0.208,"ihs"
"chr5",3415902,0.931,"ihs"
"chr5",3471902,0.02,"ihs"
"chr5",3527902,0.34,"ihs"
"chr5",3583902,0.248,"ihs"
"chr5",3639903,0.319,"ihs"
"chr5",3695903,0.333,"ihs"
"chr5",3751903,0.3,"ihs"
"chr5",3807903,0.468,"ihs"
"chr5",3863903,0.253,"ihs"
"chr5",3919904,0.415,"ihs"
"chr5",3975904,0.337,"ihs"
"chr5",4031904,0.463,"ihs"
"chr5",4087904,0.22,"ihs"
"chr5",4143905,0.04,"ihs"
"chr5",4199905,0.02,"ihs"
"chr5",4255905,0.112,"ihs"
"chr5",4311905,0.105,"ihs"
"chr5",4367905,0.518,"ihs"
"chr5",4423906,0.276,"ihs"
"chr5",4479906,0.211,"ihs"
"chr5",4535906,0.608,"ihs"
"chr5",4591906,0.924,"ihs"
"chr5",4647907,0.107,"ihs"
"chr5",4703907,0.24,"ihs"
"chr5",4759907,0.061,"ihs"
"chr5",4815907,0.565,"ihs"
"chr5",4871907,0.681,"ihs"
"chr5",4927908,0.218,"ihs"
"chr5",4983908,0.341,"ihs"
"chr5",5039908,0.737,"ihs"
"chr5",5095908,0.642,"ihs"
"chr5",5151909,0.864,"ihs"
"chr5",5207909,1.511,"ihs"
"chr5",5263909,0.813,"ihs"
"chr5",5319909,0.702,"ihs"
"chr5",5375910,0.675,"ihs"
"chr5",5431910,0.656,"ihs"
"chr5",5487910,0.134,"ihs"
"chr5",5543910,0.165,"ihs"
"chr5",5599910,0.045,"ihs"
"chr5",5655911,0.242,"ihs"
"chr5",5711911,0.044,"ihs"
"chr5",5767911,0.248,"ihs"
"chr5",5823911,0.09,"ihs"
"chr5",5879912,0.238,"ihs"
"chr5",5935912,0.81,"ihs"
"chr5",5991912,0.572,"ihs"
"chr5",6047912,0.776,"ihs"
"chr5",6103912,0.844,"ihs"
"chr5",6159913,1.083,"ihs"
"chr5",6215913,1.277,"ihs"
"chr5",6271913,0.614,"ihs"
"chr5",6327913,1.317,"ihs"
"chr5",6383914,0.585,"ihs"
"chr5",6439914,0.02,"ihs"
"chr5",6495914,0.49,"ihs"
"chr5",6551914,0.259,"ihs"
"chr5",6607914,0.941,"ihs"
"chr5",6663915,1.21,"ihs"
"chr5",6719915,0.655,"ihs"
"chr5",6775915,0.654,"ihs"
"chr5",6831915,0.696,"ihs"
"chr5",6887916,0.511,"ihs"
"chr5",6943916,0.138,"ihs"
"chr5",6999916,0.112,"ihs"
"chr5",7055916,0.356,"ihs"
"chr5",7111916,0.187,"ihs"
"chr5",7167917,0.168,"ihs"
"chr5",7223917,0.06,"ihs"
"chr5",7279917,0.462,"ihs"
"chr5",7335917,0.08,"ihs"
"chr5",7391918,0.02,"ihs"
"chr5",7447918,0.097,"ihs"
"chr5",7503918,0.22,"ihs"
"chr5",7559918,0.817,"ihs"
"chr5",7615918,0.636,"ihs"
"chr5",7671919,1.142,"ihs"
"chr5",7727919,1.079,"ihs"
"chr5",7783919,0.759,"ihs"
"chr5",7839919,0.767,"ihs"
"chr5",7895920,0.669,"ihs"
"chr5",7951920,0.463,"ihs"
"chr5",8007920,0.339,"ihs"
"chr5",8063920,0.328,"ihs"
"chr5",8119920,0.431,"ihs"
"chr5",8175921,0.023,"ihs"
"chr5",8231921,0.058,"ihs"
"chr5",8287921,0.082,"ihs"
"chr5",8343921,0.102,"ihs"
"chr5",8399922,0.45,"ihs"
"chr5",8455922,0.451,"ihs"
"chr5",8511922,0.094,"ihs"
"chr5",8567922,0.332,"ihs"
"chr5",8623922,0.567,"ihs"
"chr5",8679923,0.195,"ihs"
"chr5",8735923,0.583,"ihs"
"chr5",8791923,0.621,"ihs"
"chr5",8847923,0.051,"ihs"
"chr5",8903924,0.5,"ihs"
"chr5",8959924,0.153,"ihs"
"chr5",9015924,0.159,"ihs"
"chr5",9071924,0.18,"ihs"
"chr5",9127925,0.178,"ihs"
"chr5",9183925,0.162,"ihs"
"chr5",9239925,0.612,"ihs"
"chr5",9295925,0.264,"ihs"
"chr5",9351925,0.319,"ihs"
"chr5",9407926,0.429,"ihs"
"chr5",9463926,0.441,"ihs"
"chr5",9519926,0.764,"ihs"
"chr5",9575926,1.006,"ihs"
"chr5",9631927,0.892,"ihs"
"chr5",9687927,0.346,"ihs"
"chr5",9743927,0.377,"ihs"
"chr5",9799927,0.742,"ihs"
"chr5",9855927,0.12,"ihs"
"chr5",9911928,0.035,"ihs"
"chr5",9967928,0.373,"ihs"
"chr5",10023928,0.02,"ihs"
"chr5",10079928,0.686,"ihs"
"chr5",10135929,0.105,"ihs"
"chr5",10191929,1.268,"ihs"
"chr5",10247929,1.23,"ihs"
"chr5",10303929,0.7,"ihs"
"chr5",10359929,0.736,"ihs"
"chr5",10415930,0.865,"ihs"
"chr5",10471930,0.247,"ihs"
"chr5",10527930,0.653,"ihs"
"chr5",10583930,0.26,"ihs"
"chr5",10639931,0.622,"ihs"
"chr5",10695931,0.406,"ihs"
"chr5",10751931,0.066,"ihs"
"chr5",10807931,0.834,"ihs"
"chr5",10863931,0.501,"ihs"
"chr5",10919932,1.291,"ihs"
"chr5",10975932,1.422,"ihs"
"chr5",11031932,0.859,"ihs"
"chr5",11087932,1.217,"ihs"
"chr5",11143933,1.162,"ihs"
"chr5",11199933,1.287,"ihs"
"chr5",11255933,0.715,"ihs"
"chr5",11311933,0.391,"ihs"
"chr5",11367933,1.065,"ihs"
"chr5",11423934,0.119,"ihs"
"chr5",11479934,0.784,"ihs"
"chr5",11535934,0.383,"ihs"
"chr5",11591934,0.076,"ihs"
"chr5",11647935,0.512,"ihs"
"chr5",11703935,0.579,"ihs"
"chr5",11759935,0.601,"ihs"
"chr5",11815935,0.067,"ihs"
"chr5",11871935,0.241,"ihs"
"chr5",11927936,0.562,"ihs"
"chr5",11983936,0.596,"ihs"
"chr5",12039936,0.921,"ihs"
"chr5",12095936,0.154,"ihs"
"chr5",12151937,0.593,"ihs"
"chr5",12207937,1.065,"ihs"
"chr5",12263937,0.649,"ihs"
"chr5",12319937,0.054,"ihs"
"chr5",12375938,0.86,"ihs"
"chr5",12431938,0.514,"ihs"
"chr5",12487938,0.744,"ihs"
"chr5",12543938,0.516,"ihs"
"chr5",12599938,0.323,"ihs"
"chr5",12655939,0.144,"ihs"
"chr5",12711939,0.573,"ihs"
"chr5",12767939,0.406,"ihs"
"chr5",12823939,0.714,"ihs"
"chr5",12879940,0.444,"ihs"
"chr5",12935940,0.638,"ihs"
"chr5",12991940,0.588,"ihs"
"chr5",13047940,0.55,"ihs"
"chr5",13103940,1.296,"ihs"
"chr5",13159941,1.211,"ihs"
"chr5",13215941,0.216,"ihs"
"chr5",13271941,0.761,"ihs"
"chr5",13327941,0.606,"ihs"
"chr5",13383942,0.258,"ihs"
"chr5",13439942,0.082,"ihs"
"chr5",13495942,0.313,"ihs"
"chr5",13551942,0.02,"ihs"
"chr5",13607942,0.146,"ihs"
"chr5",13663943,0.448,"ihs"
"chr5",13719943,0.714,"ihs"
"chr5",13775943,0.094,"ihs"
"chr5",13831943,0.546,"ihs"
"chr5",13887944,0.696,"ihs"
"chr5",13943944,0.02,"ihs"
"chr5",13999944,0.364,"ihs"
"chr5",14055944,0.237,"ihs"
"chr5",14111944,0.211,"ihs"
"chr5",14167945,0.653,"ihs"
"chr5",14223945,0.135,"ihs"
"chr5",14279945,0.465,"ihs"
"chr5",14335945,0.37,"ihs"
"chr5",14391946,0.02,"ihs"
"chr5",14447946,0.178,"ihs"
"chr5",14503946,0.593,"ihs"
"chr5",14559946,0.547,"ihs"
"chr5",14615946,0.2,"ihs"
"chr5",14671947,0.337,"ihs"
"chr5",14727947,0.17,"ihs"
"chr5",14783947,0.645,"ihs"
"chr5",14839947,0.359,"ihs"
"chr5",14895948,0.124,"ihs"
"chr5",14951948,0.389,"ihs"
"chr5",15007948,0.279,"ihs"
"chr5",15063948,0.118,"ihs"
"chr5",15119948,0.454,"ihs"
"chr5",15175949,0.035,"ihs"
"chr5",15231949,0.072,"ihs"
"chr5",15287949,0.309,"ihs"
"chr5",15343949,0.378,"ihs"
"chr5",15399950,0.424,"ihs"
"chr5",15455950,0.444,"ihs"
"chr5",15511950,0.725,"ihs"
"chr5",15567950,0.705,"ihs"
"chr5",15623950,0.916,"ihs"
"chr5",15679951,1.518,"ihs"
"chr5",15735951,0.813,"ihs"
"chr5",15791951,0.706,"ihs"
"chr5",15847951,0.726,"ihs"
"chr5",15903952,0.344,"ihs"
"chr5",15959952,0.292,"ihs"
"chr5",16015952,0.737,"ihs"
"chr5",16071952,0.667,"ihs"
"chr5",16127953,0.432,"ihs"
"chr5",16183953,0.305,"ihs"
"chr5",16239953,0.611,"ihs"
"chr5",16295953,0.967,"ihs"
"chr5",16351953,0.897,"ihs"
"chr5",16407954,0.949,"ihs"
"chr5",16463954,1.087,"ihs"
"chr5",16519954,0.081,"ihs"
"chr5",16575954,0.803,"ihs"
"chr5",16631955,0.127,"ihs"
"chr5",16687955,0.293,"ihs"
"chr5",16743955,0.189,"ihs"
"chr5",16799955,0.901,"ihs"
"chr5",16855955,0.823,"ihs"
"chr5",16911956,0.27,"ihs"
"chr5",16967956,0.716,"ihs"
"chr5",17023956,1.142,"ihs"
"chr5",17079956,1.608,"ihs"
"chr5",17135957,1.611,"ihs"
"chr5",17191957,1.082,"ihs"
"chr5",17247957,0.997,"ihs"
"chr5",17303957,0.709,"ihs"
"chr5",17359957,1.081,"ihs"
"chr5",17415958,0.658,"ihs"
"chr5",17471958,0.472,"ihs"
"chr5",17527958,0.104,"ihs"
"chr5",17583958,0.342,"ihs"
"chr5",17639959,0.074,"ihs"
"chr5",17695959,0.021,"ihs"
"chr5",17751959,0.64,"ihs"
"chr5",17807959,0.38,"ihs"
"chr5",17863959,0.647,"ihs"
"chr5",17919960,0.585,"ihs"
"chr5",17975960,0.05,"ihs"
"chr5",18031960,0.339,"ihs"
"chr5",18087960,0.276,"ihs"
"chr5",18143961,0.355,"ihs"
"chr5",18199961,1.089,"ihs"
"chr5",18255961,1.072,"ihs"
"chr5",18311961,0.193,"ihs"
"chr5",18367961,0.144,"ihs"
"chr5",18423962,0.884,"ihs"
"chr5",18479962,0.527,"ihs"
"chr5",18535962,0.179,"ihs"
"chr5",18591962,0.328,"ihs"
"chr5",18647963,0.488,"ihs"
"chr5",18703963,1.246,"ihs"
"chr5",18759963,0.16,"ihs"
"chr5",18815963,0.245,"ihs"
"chr5",18871963,0.458,"ihs"
"chr5",18927964,0.409,"ihs"
"chr5",18983964,0.806,"ihs"
"chr5",19039964,0.722,"ihs"
"chr5",19095964,0.575,"ihs"
"chr5",19151965,0.187,"ihs"
"chr5",19207965,0.951,"ihs"
"chr5",19263965,0.251,"ihs"
"chr5",19319965,0.117,"ihs"
"chr5",19375966,0.165,"ihs"
"chr5",19431966,0.623,"ihs"
"chr5",19487966,0.873,"ihs"
"chr5",19543966,1.081,"ihs"
"chr5",19599966,0.634,"ihs"
"chr5",19655967,0.39,"ihs"
"chr5",19711967,0.092,"ihs"
"chr5",19767967,0.295,"ihs"
"chr5",19823967,0.159,"ihs"
"chr5",19879968,0.542,"ihs"
"chr5",19935968,0.618,"ihs"
"chr5",19991968,0.532,"ihs"
"chr5",20047968,0.02,"ihs"
"chr5",20103968,0.533,"ihs"
"chr5",20159969,0.301,"ihs"
"chr5",20215969,0.427,"ihs"
"chr5",20271969,1.04,"ihs"
"chr5",20327969,1.023,"ihs"
"chr5",20383970,0.101,"ihs"
"chr5",20439970,0.685,"ihs"
"chr5",20495970,0.763,"ihs"
"chr5",20551970,0.688,"ihs"
"chr5",20607970,0.731,"ihs"
"chr5",20663971,1.163,"ihs"
"chr5",20719971,0.587,"ihs"
"chr5",20775971,0.355,"ihs"
"chr5",20831971,1.191,"ihs"
"chr5",20887972,0.265,"ihs"
"chr5",20943972,0.657,"ihs"
"chr5",20999972,0.974,"ihs"
"chr5",21055972,0.139,"ihs"
"chr5",21111972,0.45,"ihs"
"chr5",21167973,0.31,"ihs"
"chr5",21223973,0.453,"ihs"
"chr5",21279973,0.533,"ihs"
"chr5",21335973,0.371,"ihs"
"chr5",21391974,0.662,"ihs"
"chr5",21447974,0.653,"ihs"
"chr5",21503974,0.02,"ihs"
"chr5",21559974,0.226,"ihs"
"chr5",21615974,0.513,"ihs"
"chr5",21671975,0.025,"ihs"
"chr5",21727975,0.234,"ihs"
"chr5",21783975,0.512,"ihs"
"chr5",21839975,0.846,"ihs"
"chr5",21895976,0.304,"ihs"
"chr5",21951976,0.136,"ihs"
"chr5",22007976,0.139,"ihs"
"chr5",22063976,0.298,"ihs"
"chr5",22119976,0.19,"ihs"
"chr5",22175977,0.636,"ihs"
"chr5",22231977,0.073,"ihs"
"chr5",22287977,1.13,"ihs"
"chr5",22343977,0.704,"ihs"
"chr5",22399978,0.993,"ihs"
"chr5",22455978,0.418,"ihs"
"chr5",22511978,0.818,"ihs"
"chr5",22567978,1.173,"ihs"
"chr5",22623978,2.095,"ihs"
"chr5",22679979,1.391,"ihs"
"chr5",22735979,1.377,"ihs"
"chr5",22791979,1.642,"ihs"
"chr5",22847979,1.183,"ihs"
"chr5",22903980,1.563,"ihs"
"chr5",22959980,1.587,"ihs"
"chr5",23015980,0.941,"ihs"
"chr5",23071980,0.873,"ihs"
"chr5",23127981,0.561,"ihs"
"chr5",23183981,0.618,"ihs"
"chr5",23239981,0.534,"ihs"
"chr5",23295981,0.888,"ihs"
"chr5",23351981,0.697,"ihs"
"chr5",23407982,0.875,"ihs"
"chr5",23463982,1.132,"ihs"
"chr5",23519982,0.587,"ihs"
"chr5",23575982,1.141,"ihs"
"chr5",23631983,0.044,"ihs"
"chr5",23687983,0.157,"ihs"
"chr5",23743983,0.511,"ihs"
"chr5",23799983,0.088,"ihs"
"chr5",23855983,0.13,"ihs"
"chr5",23911984,0.285,"ihs"
"chr5",23967984,0.165,"ihs"
"chr5",24023984,0.16,"ihs"
"chr5",24079984,0.308,"ihs"
"chr5",24135985,0.474,"ihs"
"chr5",24191985,0.45,"ihs"
"chr5",24247985,0.756,"ihs"
"chr5",24303985,0.925,"ihs"
"chr5",24359985,0.279,"ihs"
"chr5",24415986,0.204,"ihs"
"chr5",24471986,0.107,"ihs"
"chr5",24527986,0.096,"ihs"
"chr5",24583986,0.383,"ihs"
"chr5",24639987,0.069,"ihs"
"chr5",24695987,0.895,"ihs"
"chr5",24751987,0.282,"ihs"
"chr5",24807987,0.809,"ihs"
"chr5",24863987,0.245,"ihs"
"chr5",24919988,1.466,"ihs"
"chr5",24975988,1.682,"ihs"
"chr5",25031988,2.117,"ihs"
"chr5",25087988,1.592,"ihs"
"chr5",25143989,1.75,"ihs"
"chr5",25199989,1.791,"ihs"
"chr5",25255989,0.831,"ihs"
"chr5",25311989,0.72,"ihs"
"chr5",25367989,0.456,"ihs"
"chr5",25423990,0.951,"ihs"
"chr5",25479990,0.471,"ihs"
"chr5",25535990,0.041,"ihs"
"chr5",25591990,0.059,"ihs"
"chr5",25647991,0.708,"ihs"
"chr5",25703991,1.362,"ihs"
"chr5",25759991,1.061,"ihs"
"chr5",25815991,0.571,"ihs"
"chr5",25871991,0.224,"ihs"
"chr5",25927992,0.551,"ihs"
"chr5",25983992,0.478,"ihs"
"chr5",26039992,0.609,"ihs"
"chr5",26095992,0.113,"ihs"
"chr5",26151993,0.579,"ihs"
"chr5",26207993,0.335,"ihs"
"chr5",26263993,0.402,"ihs"
"chr5",26319993,0.072,"ihs"
"chr5",26375994,0.356,"ihs"
"chr5",26431994,0.827,"ihs"
"chr5",26487994,0.83,"ihs"
"chr5",26543994,0.267,"ihs"
"chr5",26599994,0.229,"ihs"
"chr5",26655995,0.534,"ihs"
"chr5",26711995,0.247,"ihs"
"chr5",26767995,0.057,"ihs"
"chr5",26823995,0.427,"ihs"
"chr5",26879996,0.331,"ihs"
"chr5",26935996,0.304,"ihs"
"chr5",26991996,0.715,"ihs"
"chr5",27047996,0.73,"ihs"
"chr5",27103996,0.842,"ihs"
"chr5",27159997,0.124,"ihs"
"chr5",27215997,0.528,"ihs"
"chr5",27271997,0.43,"ihs"
"chr5",27327997,0.818,"ihs"
"chr5",27383998,0.155,"ihs"
"chr5",27439998,0.314,"ihs"
"chr5",27495998,0.174,"ihs"
"chr5",27551998,0.437,"ihs"
"chr5",27607998,0.211,"ihs"
"chr5",27663999,0.63,"ihs"
"chr5",27719999,0.86,"ihs"
"chr5",27775999,0.366,"ihs"
"chr5",27831999,0.299,"ihs"
"chr5",27888000,0.364,"ihs"
"chr5",27944000,0.095,"ihs"
"chr5",2.8e+07,0.89,"ihs"
