"sample","pop","k","ancestry","q"
"WN_01","Wild N",2,"A1",0.875414153007892
"WN_01","Wild N",2,"A2",0.124585846992108
"WN_02","Wild N",2,"A1",0.91636356580955
"WN_02","Wild N",2,"A2",0.0836364341904498
"WN_03","Wild N",2,"A1",0.889361944960934
"WN_03","Wild N",2,"A2",0.110638055039066
"WN_04","Wild N",2,"A1",0.890048892964179
"WN_04","Wild N",2,"A2",0.109951107035821
"WN_05","Wild N",2,"A1",0.874932618014747
"WN_05","Wild N",2,"A2",0.125067381985253
"WN_06","Wild N",2,"A1",0.945849588754142
"WN_06","Wild N",2,"A2",0.0541504112458576
"WN_07","Wild N",2,"A1",0.92428916280336
"WN_07","Wild N",2,"A2",0.0757108371966398
"WN_08","Wild N",2,"A1",0.953143523620681
"WN_08","Wild N",2,"A2",0.046856476379319
"WN_09","Wild N",2,"A1",0.884395336168735
"WN_09","Wild N",2,"A2",0.115604663831265
"WN_10","Wild N",2,"A1",0.92771175134433
"WN_10","Wild N",2,"A2",0.0722882486556706
"WN_11","Wild N",2,"A1",0.905051297786499
"WN_11","Wild N",2,"A2",0.0949487022135012
"WN_12","Wild N",2,"A1",0.824668205132848
"WN_12","Wild N",2,"A2",0.175331794867152
"WN_13","Wild N",2,"A1",0.880783247770242
"WN_13","Wild N",2,"A2",0.119216752229758
"WN_14","Wild N",2,"A1",0.878001244114548
"WN_14","Wild N",2,"A2",0.121998755885451
"WN_15","Wild N",2,"A1",0.687206268372193
"WN_15","Wild N",2,"A2",0.312793731627807
"WN_16","Wild N",2,"A1",0.95012085095783
"WN_16","Wild N",2,"A2",0.0498791490421701
"WN_17","Wild N",2,"A1",0.832231395012718
"WN_17","Wild N",2,"A2",0.167768604987282
"WN_18","Wild N",2,"A1",0.956773691025842
"WN_18","Wild N",2,"A2",0.0432263089741582
"WN_19","Wild N",2,"A1",0.95289429912434
"WN_19","Wild N",2,"A2",0.0471057008756605
"WN_20","Wild N",2,"A1",0.977741832835936
"WN_20","Wild N",2,"A2",0.0222581671640636
"WS_01","Wild S",2,"A1",0.614056395376207
"WS_01","Wild S",2,"A2",0.385943604623793
"WS_02","Wild S",2,"A1",0.869576258628081
"WS_02","Wild S",2,"A2",0.130423741371919
"WS_03","Wild S",2,"A1",0.821424686737757
"WS_03","Wild S",2,"A2",0.178575313262243
"WS_04","Wild S",2,"A1",0.762854505440032
"WS_04","Wild S",2,"A2",0.237145494559968
"WS_05","Wild S",2,"A1",0.801380093120236
"WS_05","Wild S",2,"A2",0.198619906879764
"WS_06","Wild S",2,"A1",0.885366590223923
"WS_06","Wild S",2,"A2",0.114633409776077
"WS_07","Wild S",2,"A1",0.768111491551086
"WS_07","Wild S",2,"A2",0.231888508448914
"WS_08","Wild S",2,"A1",0.737606251431644
"WS_08","Wild S",2,"A2",0.262393748568356
"WS_09","Wild S",2,"A1",0.671696748309719
"WS_09","Wild S",2,"A2",0.328303251690281
"WS_10","Wild S",2,"A1",0.764241356046877
"WS_10","Wild S",2,"A2",0.235758643953123
"WS_11","Wild S",2,"A1",0.685898404633527
"WS_11","Wild S",2,"A2",0.314101595366473
"WS_12","Wild S",2,"A1",0.729198426952708
"WS_12","Wild S",2,"A2",0.270801573047292
"WS_13","Wild S",2,"A1",0.804157700127255
"WS_13","Wild S",2,"A2",0.195842299872745
"WS_14","Wild S",2,"A1",0.925800937645977
"WS_14","Wild S",2,"A2",0.0741990623540227
"WS_15","Wild S",2,"A1",0.50484561492619
"WS_15","Wild S",2,"A2",0.49515438507381
"WS_16","Wild S",2,"A1",0.823920951308347
"WS_16","Wild S",2,"A2",0.176079048691653
"WS_17","Wild S",2,"A1",0.73623488377758
"WS_17","Wild S",2,"A2",0.26376511622242
"WS_18","Wild S",2,"A1",0.805568671215303
"WS_18","Wild S",2,"A2",0.194431328784697
"WS_19","Wild S",2,"A1",0.727486313671725
"WS_19","Wild S",2,"A2",0.272513686328275
"WS_20","Wild S",2,"A1",0.657112885767105
"WS_20","Wild S",2,"A2",0.342887114232895
"LE_01","Landrace E",2,"A1",0.652344001234524
"LE_01","Landrace E",2,"A2",0.347655998765476
"LE_02","Landrace E",2,"A1",0.462175049065748
"LE_02","Landrace E",2,"A2",0.537824950934252
"LE_03","Landrace E",2,"A1",0.431921777910353
"LE_03","Landrace E",2,"A2",0.568078222089648
"LE_04","Landrace E",2,"A1",0.421834873584055
"LE_04","Landrace E",2,"A2",0.578165126415945
"LE_05","Landrace E",2,"A1",0.446745794883964
"LE_05","Landrace E",2,"A2",0.553254205116036
"LE_06","Landrace E",2,"A1",0.379932866249218
"LE_06","Landrace E",2,"A2",0.620067133750782
"LE_07","Landrace E",2,"A1",0.518746412532047
"LE_07","Landrace E",2,"A2",0.481253587467953
"LE_08","Landrace E",2,"A1",0.418292359398647
"LE_08","Landrace E",2,"A2",0.581707640601353
"LE_09","Landrace E",2,"A1",0.494374845239895
"LE_09","Landrace E",2,"A2",0.505625154760105
"LE_10","Landrace E",2,"A1",0.413446858737944
"LE_10","Landrace E",2,"A2",0.586553141262056
"LE_11","Landrace E",2,"A1",0.305018974219229
"LE_11","Landrace E",2,"A2",0.694981025780771
"LE_12","Landrace E",2,"A1",0.470871284564383
"LE_12","Landrace E",2,"A2",0.529128715435617
"LE_13","Landrace E",2,"A1",0.446252413100623
"LE_13","Landrace E",2,"A2",0.553747586899377
"LE_14","Landrace E",2,"A1",0.33311402443827
"LE_14","Landrace E",2,"A2",0.66688597556173
"LE_15","Landrace E",2,"A1",0.440813401118869
"LE_15","Landrace E",2,"A2",0.559186598881131
"LE_16","Landrace E",2,"A1",0.333691651550925
"LE_16","Landrace E",2,"A2",0.666308348449075
"LE_17","Landrace E",2,"A1",0.323161962936086
"LE_17","Landrace E",2,"A2",0.676838037063914
"LE_18","Landrace E",2,"A1",0.460055293576537
"LE_18","Landrace E",2,"A2",0.539944706423463
"LE_19","Landrace E",2,"A1",0.427641245577344
"LE_19","Landrace E",2,"A2",0.572358754422657
"LE_20","Landrace E",2,"A1",0.703568461897179
"LE_20","Landrace E",2,"A2",0.296431538102821
"LW_01","Landrace W",2,"A1",0.254966102790338
"LW_01","Landrace W",2,"A2",0.745033897209662
"LW_02","Landrace W",2,"A1",0.47064341567172
"LW_02","Landrace W",2,"A2",0.52935658432828
"LW_03","Landrace W",2,"A1",0.147935669791046
"LW_03","Landrace W",2,"A2",0.852064330208954
"LW_04","Landrace W",2,"A1",0.392846469068547
"LW_04","Landrace W",2,"A2",0.607153530931453
"LW_05","Landrace W",2,"A1",0.369067628960611
"LW_05","Landrace W",2,"A2",0.630932371039388
"LW_06","Landrace W",2,"A1",0.436966133488811
"LW_06","Landrace W",2,"A2",0.563033866511189
"LW_07","Landrace W",2,"A1",0.192059564196596
"LW_07","Landrace W",2,"A2",0.807940435803404
"LW_08","Landrace W",2,"A1",0.175908033657384
"LW_08","Landrace W",2,"A2",0.824091966342616
"LW_09","Landrace W",2,"A1",0.362653101786822
"LW_09","Landrace W",2,"A2",0.637346898213178
"LW_10","Landrace W",2,"A1",0.466797788528828
"LW_10","Landrace W",2,"A2",0.533202211471172
"LW_11","Landrace W",2,"A1",0.45966625168356
"LW_11","Landrace W",2,"A2",0.54033374831644
"LW_12","Landrace W",2,"A1",0.409272530481084
"LW_12","Landrace W",2,"A2",0.590727469518916
"LW_13","Landrace W",2,"A1",0.251784549585652
"LW_13","Landrace W",2,"A2",0.748215450414348
"LW_14","Landrace W",2,"A1",0.244504448213207
"LW_14","Landrace W",2,"A2",0.755495551786793
"LW_15","Landrace W",2,"A1",0.249549291545419
"LW_15","Landrace W",2,"A2",0.750450708454581
"LW_16","Landrace W",2,"A1",0.0521388653972888
"LW_16","Landrace W",2,"A2",0.947861134602711
"LW_17","Landrace W",2,"A1",0.573362608619864
"LW_17","Landrace W",2,"A2",0.426637391380136
"LW_18","Landrace W",2,"A1",0.547973214241248
"LW_18","Landrace W",2,"A2",0.452026785758752
"LW_19","Landrace W",2,"A1",0.455504277396526
"LW_19","Landrace W",2,"A2",0.544495722603474
"LW_20","Landrace W",2,"A1",0.270512998019852
"LW_20","Landrace W",2,"A2",0.729487001980148
"CA_01","Cultivar A",2,"A1",0.047277303641715
"CA_01","Cultivar A",2,"A2",0.952722696358285
"CA_02","Cultivar A",2,"A1",0.0972264526430003
"CA_02","Cultivar A",2,"A2",0.902773547357
"CA_03","Cultivar A",2,"A1",0.012210626636421
"CA_03","Cultivar A",2,"A2",0.987789373363579
"CA_04","Cultivar A",2,"A1",0.0481574305398927
"CA_04","Cultivar A",2,"A2",0.951842569460107
"CA_05","Cultivar A",2,"A1",0.0663079551717909
"CA_05","Cultivar A",2,"A2",0.933692044828209
"CA_06","Cultivar A",2,"A1",0.0948698582276644
"CA_06","Cultivar A",2,"A2",0.905130141772336
"CA_07","Cultivar A",2,"A1",0.0136543035151454
"CA_07","Cultivar A",2,"A2",0.986345696484855
"CA_08","Cultivar A",2,"A1",0.185730562321197
"CA_08","Cultivar A",2,"A2",0.814269437678803
"CA_09","Cultivar A",2,"A1",0.115630066613064
"CA_09","Cultivar A",2,"A2",0.884369933386936
"CA_10","Cultivar A",2,"A1",0.0364295854691057
"CA_10","Cultivar A",2,"A2",0.963570414530894
"CA_11","Cultivar A",2,"A1",0.0558911272908841
"CA_11","Cultivar A",2,"A2",0.944108872709116
"CA_12","Cultivar A",2,"A1",0.0455498158728012
"CA_12","Cultivar A",2,"A2",0.954450184127199
"CA_13","Cultivar A",2,"A1",0.0754084435962439
"CA_13","Cultivar A",2,"A2",0.924591556403756
"CA_14","Cultivar A",2,"A1",0.0567425830301866
"CA_14","Cultivar A",2,"A2",0.943257416969813
"CA_15","Cultivar A",2,"A1",0.151500531772517
"CA_15","Cultivar A",2,"A2",0.848499468227483
"CA_16","Cultivar A",2,"A1",0.0966576565359177
"CA_16","Cultivar A",2,"A2",0.903342343464082
"CA_17","Cultivar A",2,"A1",0.0358678827843601
"CA_17","Cultivar A",2,"A2",0.96413211721564
"CA_18","Cultivar A",2,"A1",0.0767788990705646
"CA_18","Cultivar A",2,"A2",0.923221100929435
"CA_19","Cultivar A",2,"A1",0.105164501055683
"CA_19","Cultivar A",2,"A2",0.894835498944317
"CA_20","Cultivar A",2,"A1",0.0903255000739984
"CA_20","Cultivar A",2,"A2",0.909674499926001
"CB_01","Cultivar B",2,"A1",0.0677676682807105
"CB_01","Cultivar B",2,"A2",0.93223233171929
"CB_02","Cultivar B",2,"A1",0.247107768283495
"CB_02","Cultivar B",2,"A2",0.752892231716505
"CB_03","Cultivar B",2,"A1",0.0991474662513598
"CB_03","Cultivar B",2,"A2",0.90085253374864
"CB_04","Cultivar B",2,"A1",0.155038201298181
"CB_04","Cultivar B",2,"A2",0.844961798701819
"CB_05","Cultivar B",2,"A1",0.162324118560633
"CB_05","Cultivar B",2,"A2",0.837675881439367
"CB_06","Cultivar B",2,"A1",0.0926726811699725
"CB_06","Cultivar B",2,"A2",0.907327318830027
"CB_07","Cultivar B",2,"A1",0.176860159203754
"CB_07","Cultivar B",2,"A2",0.823139840796245
"CB_08","Cultivar B",2,"A1",0.128552631239055
"CB_08","Cultivar B",2,"A2",0.871447368760945
"CB_09","Cultivar B",2,"A1",0.103399775224847
"CB_09","Cultivar B",2,"A2",0.896600224775153
"CB_10","Cultivar B",2,"A1",0.273724159384334
"CB_10","Cultivar B",2,"A2",0.726275840615666
"CB_11","Cultivar B",2,"A1",0.117169559867509
"CB_11","Cultivar B",2,"A2",0.882830440132491
"CB_12","Cultivar B",2,"A1",0.179328111079449
"CB_12","Cultivar B",2,"A2",0.820671888920551
"CB_13","Cultivar B",2,"A1",0.165004535878564
"CB_13","Cultivar B",2,"A2",0.834995464121436
"CB_14","Cultivar B",2,"A1",0.113055336117069
"CB_14","Cultivar B",2,"A2",0.886944663882931
"CB_15","Cultivar B",2,"A1",0.2184982175357
"CB_15","Cultivar B",2,"A2",0.7815017824643
"CB_16","Cultivar B",2,"A1",0.0847118877223716
"CB_16","Cultivar B",2,"A2",0.915288112277628
"CB_17","Cultivar B",2,"A1",0.10996856093275
"CB_17","Cultivar B",2,"A2",0.89003143906725
"CB_18","Cultivar B",2,"A1",0.136389755430407
"CB_18","Cultivar B",2,"A2",0.863610244569593
"CB_19","Cultivar B",2,"A1",0.167875364698238
"CB_19","Cultivar B",2,"A2",0.832124635301762
"CB_20","Cultivar B",2,"A1",0.182058337859367
"CB_20","Cultivar B",2,"A2",0.817941662140633
"WN_01","Wild N",3,"A1",0.819308840297551
"WN_01","Wild N",3,"A2",0.0929283567933696
"WN_01","Wild N",3,"A3",0.0877628029090793
"WN_02","Wild N",3,"A1",0.937988730250205
"WN_02","Wild N",3,"A2",0.0484173027176722
"WN_02","Wild N",3,"A3",0.013593967032123
"WN_03","Wild N",3,"A1",0.8411101456546
"WN_03","Wild N",3,"A2",0.0548133288171294
"WN_03","Wild N",3,"A3",0.10407652552827
"WN_04","Wild N",3,"A1",0.883105230429539
"WN_04","Wild N",3,"A2",0.050230713407129
"WN_04","Wild N",3,"A3",0.0666640561633318
"WN_05","Wild N",3,"A1",0.887817703455195
"WN_05","Wild N",3,"A2",0.101953004002813
"WN_05","Wild N",3,"A3",0.0102292925419924
"WN_06","Wild N",3,"A1",0.79597705457627
"WN_06","Wild N",3,"A2",0.0947622319233461
"WN_06","Wild N",3,"A3",0.109260713500384
"WN_07","Wild N",3,"A1",0.866898066681894
"WN_07","Wild N",3,"A2",0.0806483221232768
"WN_07","Wild N",3,"A3",0.0524536111948288
"WN_08","Wild N",3,"A1",0.789839483220117
"WN_08","Wild N",3,"A2",0.149923668807947
"WN_08","Wild N",3,"A3",0.060236847971936
"WN_09","Wild N",3,"A1",0.878494005505457
"WN_09","Wild N",3,"A2",0.0593500541620695
"WN_09","Wild N",3,"A3",0.0621559403324733
"WN_10","Wild N",3,"A1",0.82113104784487
"WN_10","Wild N",3,"A2",0.0941865954752794
"WN_10","Wild N",3,"A3",0.0846823566798507
"WN_11","Wild N",3,"A1",0.811469282403076
"WN_11","Wild N",3,"A2",0.0746924617827497
"WN_11","Wild N",3,"A3",0.113838255814174
"WN_12","Wild N",3,"A1",0.889713532991999
"WN_12","Wild N",3,"A2",0.0988492809851957
"WN_12","Wild N",3,"A3",0.0114371860228057
"WN_13","Wild N",3,"A1",0.824812501404698
"WN_13","Wild N",3,"A2",0.11145039115807
"WN_13","Wild N",3,"A3",0.0637371074372321
"WN_14","Wild N",3,"A1",0.897882945949549
"WN_14","Wild N",3,"A2",0.061632446961353
"WN_14","Wild N",3,"A3",0.0404846070890976
"WN_15","Wild N",3,"A1",0.90036056003735
"WN_15","Wild N",3,"A2",0.0103007660062345
"WN_15","Wild N",3,"A3",0.089338673956415
"WN_16","Wild N",3,"A1",0.946902677886195
"WN_16","Wild N",3,"A2",0.0347904006706014
"WN_16","Wild N",3,"A3",0.0183069214432032
"WN_17","Wild N",3,"A1",0.810116034041311
"WN_17","Wild N",3,"A2",0.10383325037321
"WN_17","Wild N",3,"A3",0.0860507155854784
"WN_18","Wild N",3,"A1",0.811615007036493
"WN_18","Wild N",3,"A2",0.0783969277978936
"WN_18","Wild N",3,"A3",0.109988065165613
"WN_19","Wild N",3,"A1",0.796056916669593
"WN_19","Wild N",3,"A2",0.167340842037909
"WN_19","Wild N",3,"A3",0.0366022412924986
"WN_20","Wild N",3,"A1",0.91132107739089
"WN_20","Wild N",3,"A2",0.0362043874998759
"WN_20","Wild N",3,"A3",0.0524745351092341
"WS_01","Wild S",3,"A1",0.202107068316205
"WS_01","Wild S",3,"A2",0.63480049642455
"WS_01","Wild S",3,"A3",0.163092435259245
"WS_02","Wild S",3,"A1",0.0944770922195157
"WS_02","Wild S",3,"A2",0.805854897500084
"WS_02","Wild S",3,"A3",0.0996680102804007
"WS_03","Wild S",3,"A1",0.0776909064473867
"WS_03","Wild S",3,"A2",0.708529269885051
"WS_03","Wild S",3,"A3",0.213779823667562
"WS_04","Wild S",3,"A1",0.0371055695130091
"WS_04","Wild S",3,"A2",0.895162593595494
"WS_04","Wild S",3,"A3",0.0677318368914969
"WS_05","Wild S",3,"A1",0.185111061912634
"WS_05","Wild S",3,"A2",0.754876363294874
"WS_05","Wild S",3,"A3",0.0600125747924924
"WS_06","Wild S",3,"A1",0.110274128669644
"WS_06","Wild S",3,"A2",0.751427471999152
"WS_06","Wild S",3,"A3",0.138298399331204
"WS_07","Wild S",3,"A1",0.0535236024556111
"WS_07","Wild S",3,"A2",0.747330320814005
"WS_07","Wild S",3,"A3",0.199146076730384
"WS_08","Wild S",3,"A1",0.0805408523096276
"WS_08","Wild S",3,"A2",0.672376979999674
"WS_08","Wild S",3,"A3",0.247082167690698
"WS_09","Wild S",3,"A1",0.11195678687368
"WS_09","Wild S",3,"A2",0.688709410462318
"WS_09","Wild S",3,"A3",0.199333802664002
"WS_10","Wild S",3,"A1",0.152418554805492
"WS_10","Wild S",3,"A2",0.731069941792169
"WS_10","Wild S",3,"A3",0.116511503402339
"WS_11","Wild S",3,"A1",0.11168321676276
"WS_11","Wild S",3,"A2",0.751528459604768
"WS_11","Wild S",3,"A3",0.136788323632471
"WS_12","Wild S",3,"A1",0.158016428745056
"WS_12","Wild S",3,"A2",0.642205260779841
"WS_12","Wild S",3,"A3",0.199778310475103
"WS_13","Wild S",3,"A1",0.23749007692918
"WS_13","Wild S",3,"A2",0.611768336070269
"WS_13","Wild S",3,"A3",0.150741587000552
"WS_14","Wild S",3,"A1",0.151532095305006
"WS_14","Wild S",3,"A2",0.771264051735337
"WS_14","Wild S",3,"A3",0.0772038529596564
"WS_15","Wild S",3,"A1",0.170253959714173
"WS_15","Wild S",3,"A2",0.776403464086743
"WS_15","Wild S",3,"A3",0.0533425761990839
"WS_16","Wild S",3,"A1",0.145213689496129
"WS_16","Wild S",3,"A2",0.777480609664432
"WS_16","Wild S",3,"A3",0.0773057008394391
"WS_17","Wild S",3,"A1",0.0704424787462645
"WS_17","Wild S",3,"A2",0.812293649518645
"WS_17","Wild S",3,"A3",0.117263871735091
"WS_18","Wild S",3,"A1",0.137870315900532
"WS_18","Wild S",3,"A2",0.666370333880255
"WS_18","Wild S",3,"A3",0.195759350219213
"WS_19","Wild S",3,"A1",0.0999364071263616
"WS_19","Wild S",3,"A2",0.837728683853104
"WS_19","Wild S",3,"A3",0.0623349090205349
"WS_20","Wild S",3,"A1",0.195105468387326
"WS_20","Wild S",3,"A2",0.592249635970387
"WS_20","Wild S",3,"A3",0.212644895642288
"LE_01","Landrace E",3,"A1",0.146886280546201
"LE_01","Landrace E",3,"A2",0.125318938913125
"LE_01","Landrace E",3,"A3",0.727794780540674
"LE_02","Landrace E",3,"A1",0.194943090110586
"LE_02","Landrace E",3,"A2",0.1476725592092
"LE_02","Landrace E",3,"A3",0.657384350680214
"LE_03","Landrace E",3,"A1",0.309050180237774
"LE_03","Landrace E",3,"A2",0.189313828954328
"LE_03","Landrace E",3,"A3",0.501635990807898
"LE_04","Landrace E",3,"A1",0.139442747944401
"LE_04","Landrace E",3,"A2",0.1393928243309
"LE_04","Landrace E",3,"A3",0.721164427724699
"LE_05","Landrace E",3,"A1",0.43037483443196
"LE_05","Landrace E",3,"A2",0.14915148243011
"LE_05","Landrace E",3,"A3",0.42047368313793
"LE_06","Landrace E",3,"A1",0.259126617218623
"LE_06","Landrace E",3,"A2",0.11699901159241
"LE_06","Landrace E",3,"A3",0.623874371188967
"LE_07","Landrace E",3,"A1",0.229056503961809
"LE_07","Landrace E",3,"A2",0.119809181419854
"LE_07","Landrace E",3,"A3",0.651134314618338
"LE_08","Landrace E",3,"A1",0.353507875699126
"LE_08","Landrace E",3,"A2",0.161014028497346
"LE_08","Landrace E",3,"A3",0.485478095803527
"LE_09","Landrace E",3,"A1",0.115273492567055
"LE_09","Landrace E",3,"A2",0.127482978604966
"LE_09","Landrace E",3,"A3",0.757243528827979
"LE_10","Landrace E",3,"A1",0.0888448560330735
"LE_10","Landrace E",3,"A2",0.147366062343076
"LE_10","Landrace E",3,"A3",0.763789081623851
"LE_11","Landrace E",3,"A1",0.300189604676528
"LE_11","Landrace E",3,"A2",0.167970282564636
"LE_11","Landrace E",3,"A3",0.531840112758836
"LE_12","Landrace E",3,"A1",0.328401979979847
"LE_12","Landrace E",3,"A2",0.129244657222298
"LE_12","Landrace E",3,"A3",0.542353362797855
"LE_13","Landrace E",3,"A1",0.064897107484497
"LE_13","Landrace E",3,"A2",0.210046473598062
"LE_13","Landrace E",3,"A3",0.725056418917441
"LE_14","Landrace E",3,"A1",0.239479833352284
"LE_14","Landrace E",3,"A2",0.225006460407769
"LE_14","Landrace E",3,"A3",0.535513706239947
"LE_15","Landrace E",3,"A1",0.21778730691822
"LE_15","Landrace E",3,"A2",0.165008820356201
"LE_15","Landrace E",3,"A3",0.617203872725579
"LE_16","Landrace E",3,"A1",0.298114072511001
"LE_16","Landrace E",3,"A2",0.182381779608396
"LE_16","Landrace E",3,"A3",0.519504147880603
"LE_17","Landrace E",3,"A1",0.0676556779749294
"LE_17","Landrace E",3,"A2",0.214411582901735
"LE_17","Landrace E",3,"A3",0.717932739123336
"LE_18","Landrace E",3,"A1",0.135825840824817
"LE_18","Landrace E",3,"A2",0.222851188724156
"LE_18","Landrace E",3,"A3",0.641322970451027
"LE_19","Landrace E",3,"A1",0.19276315653253
"LE_19","Landrace E",3,"A2",0.0822424339428167
"LE_19","Landrace E",3,"A3",0.724994409524653
"LE_20","Landrace E",3,"A1",0.207343195766384
"LE_20","Landrace E",3,"A2",0.211878169131614
"LE_20","Landrace E",3,"A3",0.580778635102002
"LW_01","Landrace W",3,"A1",0.238871600418685
"LW_01","Landrace W",3,"A2",0.28033244949608
"LW_01","Landrace W",3,"A3",0.480795950085235
"LW_02","Landrace W",3,"A1",0.32015498314267
"LW_02","Landrace W",3,"A2",0.166812273288812
"LW_02","Landrace W",3,"A3",0.513032743568519
"LW_03","Landrace W",3,"A1",0.206549132306716
"LW_03","Landrace W",3,"A2",0.374447520796432
"LW_03","Landrace W",3,"A3",0.419003346896852
"LW_04","Landrace W",3,"A1",0.146877038682824
"LW_04","Landrace W",3,"A2",0.276379946015014
"LW_04","Landrace W",3,"A3",0.576743015302162
"LW_05","Landrace W",3,"A1",0.133244427323492
"LW_05","Landrace W",3,"A2",0.349717534063504
"LW_05","Landrace W",3,"A3",0.517038038613005
"LW_06","Landrace W",3,"A1",0.14612817195856
"LW_06","Landrace W",3,"A2",0.367017572789793
"LW_06","Landrace W",3,"A3",0.486854255251646
"LW_07","Landrace W",3,"A1",0.021413682697109
"LW_07","Landrace W",3,"A2",0.141982629948996
"LW_07","Landrace W",3,"A3",0.836603687353895
"LW_08","Landrace W",3,"A1",0.31393195203882
"LW_08","Landrace W",3,"A2",0.310778477903153
"LW_08","Landrace W",3,"A3",0.375289570058027
"LW_09","Landrace W",3,"A1",0.119796691960647
"LW_09","Landrace W",3,"A2",0.248173687652819
"LW_09","Landrace W",3,"A3",0.632029620386534
"LW_10","Landrace W",3,"A1",0.0428090949203158
"LW_10","Landrace W",3,"A2",0.356603500094894
"LW_10","Landrace W",3,"A3",0.600587404984791
"LW_11","Landrace W",3,"A1",0.336424605550071
"LW_11","Landrace W",3,"A2",0.0464914034557788
"LW_11","Landrace W",3,"A3",0.61708399099415
"LW_12","Landrace W",3,"A1",0.249917280344183
"LW_12","Landrace W",3,"A2",0.0429102067769231
"LW_12","Landrace W",3,"A3",0.707172512878894
"LW_13","Landrace W",3,"A1",0.117255802858375
"LW_13","Landrace W",3,"A2",0.387521542063639
"LW_13","Landrace W",3,"A3",0.495222655077986
"LW_14","Landrace W",3,"A1",0.269927803476312
"LW_14","Landrace W",3,"A2",0.221209318478588
"LW_14","Landrace W",3,"A3",0.508862878045099
"LW_15","Landrace W",3,"A1",0.0942332747608114
"LW_15","Landrace W",3,"A2",0.163793413018719
"LW_15","Landrace W",3,"A3",0.741973312220469
"LW_16","Landrace W",3,"A1",0.155138022006576
"LW_16","Landrace W",3,"A2",0.380577894232869
"LW_16","Landrace W",3,"A3",0.464284083760555
"LW_17","Landrace W",3,"A1",0.236972967805517
"LW_17","Landrace W",3,"A2",0.129833984379857
"LW_17","Landrace W",3,"A3",0.633193047814626
"LW_18","Landrace W",3,"A1",0.0345888530631465
"LW_18","Landrace W",3,"A2",0.339545821049505
"LW_18","Landrace W",3,"A3",0.625865325887348
"LW_19","Landrace W",3,"A1",0.0916807701327709
"LW_19","Landrace W",3,"A2",0.395257476266753
"LW_19","Landrace W",3,"A3",0.513061753600476
"LW_20","Landrace W",3,"A1",0.158459573757487
"LW_20","Landrace W",3,"A2",0.0432204098188957
"LW_20","Landrace W",3,"A3",0.798320016423617
"CA_01","Cultivar A",3,"A1",0.0395846026246596
"CA_01","Cultivar A",3,"A2",0.0403709307059839
"CA_01","Cultivar A",3,"A3",0.920044466669356
"CA_02","Cultivar A",3,"A1",0.0541889269182083
"CA_02","Cultivar A",3,"A2",0.0265900086628742
"CA_02","Cultivar A",3,"A3",0.919221064418918
"CA_03","Cultivar A",3,"A1",0.112057576245124
"CA_03","Cultivar A",3,"A2",0.0662967755414886
"CA_03","Cultivar A",3,"A3",0.821645648213387
"CA_04","Cultivar A",3,"A1",0.066714122450561
"CA_04","Cultivar A",3,"A2",0.165195331340906
"CA_04","Cultivar A",3,"A3",0.768090546208533
"CA_05","Cultivar A",3,"A1",0.0436034445613886
"CA_05","Cultivar A",3,"A2",0.120105246406423
"CA_05","Cultivar A",3,"A3",0.836291309032189
"CA_06","Cultivar A",3,"A1",0.117232272302934
"CA_06","Cultivar A",3,"A2",0.030957726281991
"CA_06","Cultivar A",3,"A3",0.851810001415075
"CA_07","Cultivar A",3,"A1",0.0645673311202274
"CA_07","Cultivar A",3,"A2",0.00971337366597524
"CA_07","Cultivar A",3,"A3",0.925719295213797
"CA_08","Cultivar A",3,"A1",0.0983092759857562
"CA_08","Cultivar A",3,"A2",0.0367156673736632
"CA_08","Cultivar A",3,"A3",0.864975056640581
"CA_09","Cultivar A",3,"A1",0.062531070938379
"CA_09","Cultivar A",3,"A2",0.0262919227674196
"CA_09","Cultivar A",3,"A3",0.911177006294201
"CA_10","Cultivar A",3,"A1",0.0370767093781241
"CA_10","Cultivar A",3,"A2",0.0633895346247659
"CA_10","Cultivar A",3,"A3",0.89953375599711
"CA_11","Cultivar A",3,"A1",0.0470854107832975
"CA_11","Cultivar A",3,"A2",0.0467782807803873
"CA_11","Cultivar A",3,"A3",0.906136308436315
"CA_12","Cultivar A",3,"A1",0.0203127282617867
"CA_12","Cultivar A",3,"A2",0.0279436750326202
"CA_12","Cultivar A",3,"A3",0.951743596705593
"CA_13","Cultivar A",3,"A1",0.0929637322915119
"CA_13","Cultivar A",3,"A2",0.063765898190477
"CA_13","Cultivar A",3,"A3",0.843270369518011
"CA_14","Cultivar A",3,"A1",0.0262074607149218
"CA_14","Cultivar A",3,"A2",0.0276732411788128
"CA_14","Cultivar A",3,"A3",0.946119298106265
"CA_15","Cultivar A",3,"A1",0.0164569107593919
"CA_15","Cultivar A",3,"A2",0.0764174076300905
"CA_15","Cultivar A",3,"A3",0.907125681610518
"CA_16","Cultivar A",3,"A1",0.0274909015499439
"CA_16","Cultivar A",3,"A2",0.0713910022645264
"CA_16","Cultivar A",3,"A3",0.90111809618553
"CA_17","Cultivar A",3,"A1",0.0152931306759156
"CA_17","Cultivar A",3,"A2",0.0441326322444086
"CA_17","Cultivar A",3,"A3",0.940574237079676
"CA_18","Cultivar A",3,"A1",0.091280984935657
"CA_18","Cultivar A",3,"A2",0.0300579060105825
"CA_18","Cultivar A",3,"A3",0.878661109053761
"CA_19","Cultivar A",3,"A1",0.0666124750930974
"CA_19","Cultivar A",3,"A2",0.174116265408817
"CA_19","Cultivar A",3,"A3",0.759271259498085
"CA_20","Cultivar A",3,"A1",0.0492528549279836
"CA_20","Cultivar A",3,"A2",0.126211839919161
"CA_20","Cultivar A",3,"A3",0.824535305152856
"CB_01","Cultivar B",3,"A1",0.117036712957414
"CB_01","Cultivar B",3,"A2",0.0976404379020643
"CB_01","Cultivar B",3,"A3",0.785322849140521
"CB_02","Cultivar B",3,"A1",0.0927920549913201
"CB_02","Cultivar B",3,"A2",0.0987424487815641
"CB_02","Cultivar B",3,"A3",0.808465496227116
"CB_03","Cultivar B",3,"A1",0.0950801077649162
"CB_03","Cultivar B",3,"A2",0.0714278735642524
"CB_03","Cultivar B",3,"A3",0.833492018670831
"CB_04","Cultivar B",3,"A1",0.120334094421982
"CB_04","Cultivar B",3,"A2",0.0612997189170892
"CB_04","Cultivar B",3,"A3",0.818366186660928
"CB_05","Cultivar B",3,"A1",0.0948060584957364
"CB_05","Cultivar B",3,"A2",0.0378848338970367
"CB_05","Cultivar B",3,"A3",0.867309107607227
"CB_06","Cultivar B",3,"A1",0.0596341702448273
"CB_06","Cultivar B",3,"A2",0.074032501885642
"CB_06","Cultivar B",3,"A3",0.866333327869531
"CB_07","Cultivar B",3,"A1",0.0469060458494678
"CB_07","Cultivar B",3,"A2",0.0862008291295515
"CB_07","Cultivar B",3,"A3",0.866893125020981
"CB_08","Cultivar B",3,"A1",0.0250554331842091
"CB_08","Cultivar B",3,"A2",0.142149912465497
"CB_08","Cultivar B",3,"A3",0.832794654350294
"CB_09","Cultivar B",3,"A1",0.0490926035153949
"CB_09","Cultivar B",3,"A2",0.0833297932587664
"CB_09","Cultivar B",3,"A3",0.867577603225839
"CB_10","Cultivar B",3,"A1",0.0418366435869662
"CB_10","Cultivar B",3,"A2",0.0653723157258086
"CB_10","Cultivar B",3,"A3",0.892791040687225
"CB_11","Cultivar B",3,"A1",0.0482170758726293
"CB_11","Cultivar B",3,"A2",0.0245799643833582
"CB_11","Cultivar B",3,"A3",0.927202959744012
"CB_12","Cultivar B",3,"A1",0.0788768125733562
"CB_12","Cultivar B",3,"A2",0.0323462011149487
"CB_12","Cultivar B",3,"A3",0.888776986311695
"CB_13","Cultivar B",3,"A1",0.0985792197396216
"CB_13","Cultivar B",3,"A2",0.0531292337206874
"CB_13","Cultivar B",3,"A3",0.848291546539691
"CB_14","Cultivar B",3,"A1",0.0031137234726481
"CB_14","Cultivar B",3,"A2",0.00675937663517358
"CB_14","Cultivar B",3,"A3",0.990126899892178
"CB_15","Cultivar B",3,"A1",0.0863110536275253
"CB_15","Cultivar B",3,"A2",0.0885547310020369
"CB_15","Cultivar B",3,"A3",0.825134215370438
"CB_16","Cultivar B",3,"A1",0.0849000808432978
"CB_16","Cultivar B",3,"A2",0.0664466198065158
"CB_16","Cultivar B",3,"A3",0.848653299350186
"CB_17","Cultivar B",3,"A1",0.0382630981827368
"CB_17","Cultivar B",3,"A2",0.117953682964371
"CB_17","Cultivar B",3,"A3",0.843783218852892
"CB_18","Cultivar B",3,"A1",0.0485085919653834
"CB_18","Cultivar B",3,"A2",0.0391332190029455
"CB_18","Cultivar B",3,"A3",0.912358189031671
"CB_19","Cultivar B",3,"A1",0.0569522317749194
"CB_19","Cultivar B",3,"A2",0.0516789069639964
"CB_19","Cultivar B",3,"A3",0.891368861261084
"CB_20","Cultivar B",3,"A1",0.0541876055881147
"CB_20","Cultivar B",3,"A2",0.0676361739085296
"CB_20","Cultivar B",3,"A3",0.878176220503356
"WN_01","Wild N",4,"A1",0.845114673637366
"WN_01","Wild N",4,"A2",0.0914309996494444
"WN_01","Wild N",4,"A3",0.0578759461425045
"WN_01","Wild N",4,"A4",0.00557838057068465
"WN_02","Wild N",4,"A1",0.761263120264803
"WN_02","Wild N",4,"A2",0.0666701827463155
"WN_02","Wild N",4,"A3",0.145247196265108
"WN_02","Wild N",4,"A4",0.0268195007237734
"WN_03","Wild N",4,"A1",0.805039498565274
"WN_03","Wild N",4,"A2",0.0682730005748793
"WN_03","Wild N",4,"A3",0.0710731029752131
"WN_03","Wild N",4,"A4",0.0556143978846341
"WN_04","Wild N",4,"A1",0.827792307855799
"WN_04","Wild N",4,"A2",0.0434693248610437
"WN_04","Wild N",4,"A3",0.0919735740874193
"WN_04","Wild N",4,"A4",0.0367647931957378
"WN_05","Wild N",4,"A1",0.787282072834435
"WN_05","Wild N",4,"A2",0.0469614412803088
"WN_05","Wild N",4,"A3",0.0803846868031288
"WN_05","Wild N",4,"A4",0.0853717990821277
"WN_06","Wild N",4,"A1",0.896219779813571
"WN_06","Wild N",4,"A2",0.0415395416918967
"WN_06","Wild N",4,"A3",0.0417014779137181
"WN_06","Wild N",4,"A4",0.0205392005808143
"WN_07","Wild N",4,"A1",0.768864921509248
"WN_07","Wild N",4,"A2",0.0368791123814546
"WN_07","Wild N",4,"A3",0.15591436244265
"WN_07","Wild N",4,"A4",0.0383416036666475
"WN_08","Wild N",4,"A1",0.869159347795725
"WN_08","Wild N",4,"A2",0.032304183672348
"WN_08","Wild N",4,"A3",0.0194506008874205
"WN_08","Wild N",4,"A4",0.0790858676445067
"WN_09","Wild N",4,"A1",0.866996168195374
"WN_09","Wild N",4,"A2",0.0557314175409481
"WN_09","Wild N",4,"A3",0.00423813329940494
"WN_09","Wild N",4,"A4",0.0730342809642734
"WN_10","Wild N",4,"A1",0.704691740076816
"WN_10","Wild N",4,"A2",0.108047622126909
"WN_10","Wild N",4,"A3",0.138299225128343
"WN_10","Wild N",4,"A4",0.0489614126679319
"WN_11","Wild N",4,"A1",0.789398813099256
"WN_11","Wild N",4,"A2",0.0380733785352087
"WN_11","Wild N",4,"A3",0.0389660366276384
"WN_11","Wild N",4,"A4",0.133561771737897
"WN_12","Wild N",4,"A1",0.874759667921956
"WN_12","Wild N",4,"A2",0.0356773357112458
"WN_12","Wild N",4,"A3",0.0630011634239014
"WN_12","Wild N",4,"A4",0.0265618329428968
"WN_13","Wild N",4,"A1",0.858290178105204
"WN_13","Wild N",4,"A2",0.0469032526643526
"WN_13","Wild N",4,"A3",0.0890029895970374
"WN_13","Wild N",4,"A4",0.0058035796334063
"WN_14","Wild N",4,"A1",0.913328971760348
"WN_14","Wild N",4,"A2",0.066482987613125
"WN_14","Wild N",4,"A3",0.0154641913590028
"WN_14","Wild N",4,"A4",0.00472384926752429
"WN_15","Wild N",4,"A1",0.785400048853213
"WN_15","Wild N",4,"A2",0.0932773413741352
"WN_15","Wild N",4,"A3",0.101000721595337
"WN_15","Wild N",4,"A4",0.0203218881773153
"WN_16","Wild N",4,"A1",0.715594737048746
"WN_16","Wild N",4,"A2",0.217391637971586
"WN_16","Wild N",4,"A3",0.0444224748273919
"WN_16","Wild N",4,"A4",0.0225911501522761
"WN_17","Wild N",4,"A1",0.713746937146972
"WN_17","Wild N",4,"A2",0.209972581582471
"WN_17","Wild N",4,"A3",0.0219890120054625
"WN_17","Wild N",4,"A4",0.0542914692650948
"WN_18","Wild N",4,"A1",0.840775717279247
"WN_18","Wild N",4,"A2",0.074809981191682
"WN_18","Wild N",4,"A3",0.0779315136954555
"WN_18","Wild N",4,"A4",0.00648278783361562
"WN_19","Wild N",4,"A1",0.862794093505298
"WN_19","Wild N",4,"A2",0.0763968951685592
"WN_19","Wild N",4,"A3",0.0146618335425478
"WN_19","Wild N",4,"A4",0.0461471777835953
"WN_20","Wild N",4,"A1",0.766074564259288
"WN_20","Wild N",4,"A2",0.122772790722127
"WN_20","Wild N",4,"A3",0.0892167267906797
"WN_20","Wild N",4,"A4",0.0219359182279061
"WS_01","Wild S",4,"A1",0.0390190739894148
"WS_01","Wild S",4,"A2",0.809293785639692
"WS_01","Wild S",4,"A3",0.0395866164583526
"WS_01","Wild S",4,"A4",0.112100523912541
"WS_02","Wild S",4,"A1",0.118726755879843
"WS_02","Wild S",4,"A2",0.781694125922858
"WS_02","Wild S",4,"A3",0.0739503042246784
"WS_02","Wild S",4,"A4",0.0256288139726204
"WS_03","Wild S",4,"A1",0.0841243561020482
"WS_03","Wild S",4,"A2",0.800729619380241
"WS_03","Wild S",4,"A3",0.0732643625817148
"WS_03","Wild S",4,"A4",0.0418816619359963
"WS_04","Wild S",4,"A1",0.164335455317487
"WS_04","Wild S",4,"A2",0.733166972114923
"WS_04","Wild S",4,"A3",0.056388351334298
"WS_04","Wild S",4,"A4",0.0461092212332917
"WS_05","Wild S",4,"A1",0.0699726421910791
"WS_05","Wild S",4,"A2",0.718439638399715
"WS_05","Wild S",4,"A3",0.165042493677407
"WS_05","Wild S",4,"A4",0.0465452257317993
"WS_06","Wild S",4,"A1",0.0308882932591403
"WS_06","Wild S",4,"A2",0.825490545717771
"WS_06","Wild S",4,"A3",0.0610181719484691
"WS_06","Wild S",4,"A4",0.0826029890746194
"WS_07","Wild S",4,"A1",0.0660964679447529
"WS_07","Wild S",4,"A2",0.79168250868087
"WS_07","Wild S",4,"A3",0.0681911098325579
"WS_07","Wild S",4,"A4",0.0740299135418198
"WS_08","Wild S",4,"A1",0.0388545723610125
"WS_08","Wild S",4,"A2",0.662662905472586
"WS_08","Wild S",4,"A3",0.192673139875464
"WS_08","Wild S",4,"A4",0.105809382290938
"WS_09","Wild S",4,"A1",0.0691925791216287
"WS_09","Wild S",4,"A2",0.858175306022532
"WS_09","Wild S",4,"A3",0.040294919240145
"WS_09","Wild S",4,"A4",0.0323371956156948
"WS_10","Wild S",4,"A1",0.161810884509023
"WS_10","Wild S",4,"A2",0.665896759765517
"WS_10","Wild S",4,"A3",0.151561694371432
"WS_10","Wild S",4,"A4",0.0207306613540281
"WS_11","Wild S",4,"A1",0.0211542007132036
"WS_11","Wild S",4,"A2",0.789759375001196
"WS_11","Wild S",4,"A3",0.106287732251384
"WS_11","Wild S",4,"A4",0.0827986920342162
"WS_12","Wild S",4,"A1",0.0713455944980259
"WS_12","Wild S",4,"A2",0.687959504172071
"WS_12","Wild S",4,"A3",0.116962256092607
"WS_12","Wild S",4,"A4",0.123732645237296
"WS_13","Wild S",4,"A1",0.108470869467588
"WS_13","Wild S",4,"A2",0.73587041506476
"WS_13","Wild S",4,"A3",0.0997862725863561
"WS_13","Wild S",4,"A4",0.0558724428812952
"WS_14","Wild S",4,"A1",0.0867603043327417
"WS_14","Wild S",4,"A2",0.84319542743868
"WS_14","Wild S",4,"A3",0.0462820471223898
"WS_14","Wild S",4,"A4",0.023762221106189
"WS_15","Wild S",4,"A1",0.0287142750602697
"WS_15","Wild S",4,"A2",0.898776546812542
"WS_15","Wild S",4,"A3",0.0190703472965182
"WS_15","Wild S",4,"A4",0.0534388308306702
"WS_16","Wild S",4,"A1",0.105890660522313
"WS_16","Wild S",4,"A2",0.787997994925518
"WS_16","Wild S",4,"A3",0.0864169680302779
"WS_16","Wild S",4,"A4",0.0196943765218912
"WS_17","Wild S",4,"A1",0.0260895311782118
"WS_17","Wild S",4,"A2",0.807933099852296
"WS_17","Wild S",4,"A3",0.0797491780956736
"WS_17","Wild S",4,"A4",0.0862281908738187
"WS_18","Wild S",4,"A1",0.0544524024055293
"WS_18","Wild S",4,"A2",0.835677147402584
"WS_18","Wild S",4,"A3",0.0860852869700212
"WS_18","Wild S",4,"A4",0.0237851632218653
"WS_19","Wild S",4,"A1",0.124583589518778
"WS_19","Wild S",4,"A2",0.692709659831612
"WS_19","Wild S",4,"A3",0.0900175790587047
"WS_19","Wild S",4,"A4",0.0926891715909054
"WS_20","Wild S",4,"A1",0.0320960555320664
"WS_20","Wild S",4,"A2",0.894110451842115
"WS_20","Wild S",4,"A3",0.0386539151468975
"WS_20","Wild S",4,"A4",0.0351395774789215
"LE_01","Landrace E",4,"A1",0.0664909690431078
"LE_01","Landrace E",4,"A2",0.10210811646984
"LE_01","Landrace E",4,"A3",0.779715129197836
"LE_01","Landrace E",4,"A4",0.0516857852892162
"LE_02","Landrace E",4,"A1",0.0452357270774954
"LE_02","Landrace E",4,"A2",0.0376547370363896
"LE_02","Landrace E",4,"A3",0.696476141964538
"LE_02","Landrace E",4,"A4",0.220633393921577
"LE_03","Landrace E",4,"A1",0.146254404657488
"LE_03","Landrace E",4,"A2",0.111584217287655
"LE_03","Landrace E",4,"A3",0.645156864670842
"LE_03","Landrace E",4,"A4",0.0970045133840152
"LE_04","Landrace E",4,"A1",0.0612241319278513
"LE_04","Landrace E",4,"A2",0.0470949711980729
"LE_04","Landrace E",4,"A3",0.823681999707409
"LE_04","Landrace E",4,"A4",0.0679988971666668
"LE_05","Landrace E",4,"A1",0.240074985271277
"LE_05","Landrace E",4,"A2",0.0108654747239395
"LE_05","Landrace E",4,"A3",0.530187005187569
"LE_05","Landrace E",4,"A4",0.218872534817215
"LE_06","Landrace E",4,"A1",0.113293179584709
"LE_06","Landrace E",4,"A2",0.171115580346817
"LE_06","Landrace E",4,"A3",0.546850160579021
"LE_06","Landrace E",4,"A4",0.168741079489453
"LE_07","Landrace E",4,"A1",0.108822128875245
"LE_07","Landrace E",4,"A2",0.0416704704424723
"LE_07","Landrace E",4,"A3",0.817875490647815
"LE_07","Landrace E",4,"A4",0.0316319100344672
"LE_08","Landrace E",4,"A1",0.0846602807663804
"LE_08","Landrace E",4,"A2",0.0671671764842748
"LE_08","Landrace E",4,"A3",0.615743999234804
"LE_08","Landrace E",4,"A4",0.232428543514541
"LE_09","Landrace E",4,"A1",0.133070502642871
"LE_09","Landrace E",4,"A2",0.140089489947371
"LE_09","Landrace E",4,"A3",0.675064521653799
"LE_09","Landrace E",4,"A4",0.0517754857559593
"LE_10","Landrace E",4,"A1",0.117113543275305
"LE_10","Landrace E",4,"A2",0.067088035561699
"LE_10","Landrace E",4,"A3",0.691044814342833
"LE_10","Landrace E",4,"A4",0.124753606820164
"LE_11","Landrace E",4,"A1",0.110274898630555
"LE_11","Landrace E",4,"A2",0.0118724624101819
"LE_11","Landrace E",4,"A3",0.849817082966326
"LE_11","Landrace E",4,"A4",0.0280355559929376
"LE_12","Landrace E",4,"A1",0.0603634056774211
"LE_12","Landrace E",4,"A2",0.0647117209175669
"LE_12","Landrace E",4,"A3",0.761796625208999
"LE_12","Landrace E",4,"A4",0.113128248196013
"LE_13","Landrace E",4,"A1",0.269616253824862
"LE_13","Landrace E",4,"A2",0.0125419915264871
"LE_13","Landrace E",4,"A3",0.56333094324996
"LE_13","Landrace E",4,"A4",0.154510811398692
"LE_14","Landrace E",4,"A1",0.0647259185526994
"LE_14","Landrace E",4,"A2",0.0311338222766352
"LE_14","Landrace E",4,"A3",0.7156485004032
"LE_14","Landrace E",4,"A4",0.188491758767465
"LE_15","Landrace E",4,"A1",0.0527740166321884
"LE_15","Landrace E",4,"A2",0.00199800565809229
"LE_15","Landrace E",4,"A3",0.754907114218304
"LE_15","Landrace E",4,"A4",0.190320863491416
"LE_16","Landrace E",4,"A1",0.0591689823795305
"LE_16","Landrace E",4,"A2",0.119066557543465
"LE_16","Landrace E",4,"A3",0.774333463598973
"LE_16","Landrace E",4,"A4",0.0474309964780312
"LE_17","Landrace E",4,"A1",0.0390910188774321
"LE_17","Landrace E",4,"A2",0.135707920927485
"LE_17","Landrace E",4,"A3",0.76062371242786
"LE_17","Landrace E",4,"A4",0.0645773477672231
"LE_18","Landrace E",4,"A1",0.014875723898101
"LE_18","Landrace E",4,"A2",0.195950647535665
"LE_18","Landrace E",4,"A3",0.69074479273226
"LE_18","Landrace E",4,"A4",0.0984288358339743
"LE_19","Landrace E",4,"A1",0.126651985917021
"LE_19","Landrace E",4,"A2",0.0385245387850865
"LE_19","Landrace E",4,"A3",0.688038553085432
"LE_19","Landrace E",4,"A4",0.146784922212461
"LE_20","Landrace E",4,"A1",0.0986805724492394
"LE_20","Landrace E",4,"A2",0.00804761545368735
"LE_20","Landrace E",4,"A3",0.727770575725101
"LE_20","Landrace E",4,"A4",0.165501236371973
"LW_01","Landrace W",4,"A1",0.123285935489765
"LW_01","Landrace W",4,"A2",0.0296791031153105
"LW_01","Landrace W",4,"A3",0.279388016936499
"LW_01","Landrace W",4,"A4",0.567646944458426
"LW_02","Landrace W",4,"A1",0.0380553505327298
"LW_02","Landrace W",4,"A2",0.104707714381295
"LW_02","Landrace W",4,"A3",0.497818540507518
"LW_02","Landrace W",4,"A4",0.359418394578457
"LW_03","Landrace W",4,"A1",0.0374023858601122
"LW_03","Landrace W",4,"A2",0.307020630368497
"LW_03","Landrace W",4,"A3",0.258757405063687
"LW_03","Landrace W",4,"A4",0.396819578707704
"LW_04","Landrace W",4,"A1",0.0603135293215774
"LW_04","Landrace W",4,"A2",0.174770175791204
"LW_04","Landrace W",4,"A3",0.265797752161053
"LW_04","Landrace W",4,"A4",0.499118542726165
"LW_05","Landrace W",4,"A1",0.15294490799971
"LW_05","Landrace W",4,"A2",0.245749376759313
"LW_05","Landrace W",4,"A3",0.119174912969058
"LW_05","Landrace W",4,"A4",0.482130802271919
"LW_06","Landrace W",4,"A1",0.0650235931940135
"LW_06","Landrace W",4,"A2",0.406274468635148
"LW_06","Landrace W",4,"A3",0.0954965063049647
"LW_06","Landrace W",4,"A4",0.433205431865874
"LW_07","Landrace W",4,"A1",0.0668484644801907
"LW_07","Landrace W",4,"A2",0.055126042092203
"LW_07","Landrace W",4,"A3",0.221320305093641
"LW_07","Landrace W",4,"A4",0.656705188333966
"LW_08","Landrace W",4,"A1",0.142427078889357
"LW_08","Landrace W",4,"A2",0.32369404401336
"LW_08","Landrace W",4,"A3",0.0603382207621524
"LW_08","Landrace W",4,"A4",0.473540656335131
"LW_09","Landrace W",4,"A1",0.084038147246331
"LW_09","Landrace W",4,"A2",0.112408759127717
"LW_09","Landrace W",4,"A3",0.0804531794910639
"LW_09","Landrace W",4,"A4",0.723099914134888
"LW_10","Landrace W",4,"A1",0.083936633789499
"LW_10","Landrace W",4,"A2",0.121178922119841
"LW_10","Landrace W",4,"A3",0.219200257989625
"LW_10","Landrace W",4,"A4",0.575684186101035
"LW_11","Landrace W",4,"A1",0.290287918946955
"LW_11","Landrace W",4,"A2",0.0974643963654276
"LW_11","Landrace W",4,"A3",0.345316391091231
"LW_11","Landrace W",4,"A4",0.266931293596387
"LW_12","Landrace W",4,"A1",0.0167361239485281
"LW_12","Landrace W",4,"A2",0.0805080296946631
"LW_12","Landrace W",4,"A3",0.111004782174895
"LW_12","Landrace W",4,"A4",0.791751064181914
"LW_13","Landrace W",4,"A1",0.0454248114648896
"LW_13","Landrace W",4,"A2",0.0627981085463721
"LW_13","Landrace W",4,"A3",0.132819371269861
"LW_13","Landrace W",4,"A4",0.758957708718877
"LW_14","Landrace W",4,"A1",0.170336248444364
"LW_14","Landrace W",4,"A2",0.260147714514346
"LW_14","Landrace W",4,"A3",0.201382387710263
"LW_14","Landrace W",4,"A4",0.368133649331028
"LW_15","Landrace W",4,"A1",0.229302213028683
"LW_15","Landrace W",4,"A2",0.220015311290092
"LW_15","Landrace W",4,"A3",0.0670699626235056
"LW_15","Landrace W",4,"A4",0.483612513057719
"LW_16","Landrace W",4,"A1",0.15196561581202
"LW_16","Landrace W",4,"A2",0.0100405077568248
"LW_16","Landrace W",4,"A3",0.209335853047275
"LW_16","Landrace W",4,"A4",0.62865802338388
"LW_17","Landrace W",4,"A1",0.215491948764917
"LW_17","Landrace W",4,"A2",0.095822025477365
"LW_17","Landrace W",4,"A3",0.200316905144118
"LW_17","Landrace W",4,"A4",0.4883691206136
"LW_18","Landrace W",4,"A1",0.175600245530831
"LW_18","Landrace W",4,"A2",0.157096936397672
"LW_18","Landrace W",4,"A3",0.19267808251209
"LW_18","Landrace W",4,"A4",0.474624735559407
"LW_19","Landrace W",4,"A1",0.347037336608618
"LW_19","Landrace W",4,"A2",0.158518590662781
"LW_19","Landrace W",4,"A3",0.110892658697895
"LW_19","Landrace W",4,"A4",0.383551414030707
"LW_20","Landrace W",4,"A1",0.0693289936108733
"LW_20","Landrace W",4,"A2",0.212181949931806
"LW_20","Landrace W",4,"A3",0.319867947865759
"LW_20","Landrace W",4,"A4",0.398621108591562
"CA_01","Cultivar A",4,"A1",0.00840939741091621
"CA_01","Cultivar A",4,"A2",0.0319794996516744
"CA_01","Cultivar A",4,"A3",0.153520017010438
"CA_01","Cultivar A",4,"A4",0.806091085926971
"CA_02","Cultivar A",4,"A1",0.0047408305927905
"CA_02","Cultivar A",4,"A2",0.0262329666054374
"CA_02","Cultivar A",4,"A3",0.03917083942664
"CA_02","Cultivar A",4,"A4",0.929855363375132
"CA_03","Cultivar A",4,"A1",0.0277482076197914
"CA_03","Cultivar A",4,"A2",0.00139129256172445
"CA_03","Cultivar A",4,"A3",0.05603059171915
"CA_03","Cultivar A",4,"A4",0.914829908099334
"CA_04","Cultivar A",4,"A1",0.0114234615477423
"CA_04","Cultivar A",4,"A2",0.0288355134918701
"CA_04","Cultivar A",4,"A3",0.0820168538327457
"CA_04","Cultivar A",4,"A4",0.877724171127642
"CA_05","Cultivar A",4,"A1",0.0330379666714559
"CA_05","Cultivar A",4,"A2",0.0103556131451919
"CA_05","Cultivar A",4,"A3",0.0790473147531263
"CA_05","Cultivar A",4,"A4",0.877559105430226
"CA_06","Cultivar A",4,"A1",0.00979061260881066
"CA_06","Cultivar A",4,"A2",0.0252479752755954
"CA_06","Cultivar A",4,"A3",0.109760294502458
"CA_06","Cultivar A",4,"A4",0.855201117613136
"CA_07","Cultivar A",4,"A1",0.0367357522850419
"CA_07","Cultivar A",4,"A2",0.0413708621813415
"CA_07","Cultivar A",4,"A3",0.0838134691220969
"CA_07","Cultivar A",4,"A4",0.83807991641152
"CA_08","Cultivar A",4,"A1",0.0345931110913813
"CA_08","Cultivar A",4,"A2",0.0069329799543952
"CA_08","Cultivar A",4,"A3",0.104065692069503
"CA_08","Cultivar A",4,"A4",0.85440821688472
"CA_09","Cultivar A",4,"A1",0.00804995086591241
"CA_09","Cultivar A",4,"A2",0.0899557763676365
"CA_09","Cultivar A",4,"A3",0.255579439446641
"CA_09","Cultivar A",4,"A4",0.64641483331981
"CA_10","Cultivar A",4,"A1",0.0268669461822562
"CA_10","Cultivar A",4,"A2",0.0120066660334324
"CA_10","Cultivar A",4,"A3",0.0538083955541326
"CA_10","Cultivar A",4,"A4",0.907317992230179
"CA_11","Cultivar A",4,"A1",0.0409522903218201
"CA_11","Cultivar A",4,"A2",0.0305744655570955
"CA_11","Cultivar A",4,"A3",0.076638656756514
"CA_11","Cultivar A",4,"A4",0.85183458736457
"CA_12","Cultivar A",4,"A1",0.0305352071346507
"CA_12","Cultivar A",4,"A2",0.0403336678891907
"CA_12","Cultivar A",4,"A3",0.1194271985271
"CA_12","Cultivar A",4,"A4",0.809703926449059
"CA_13","Cultivar A",4,"A1",0.0246251685568235
"CA_13","Cultivar A",4,"A2",0.00950458998413381
"CA_13","Cultivar A",4,"A3",0.0961989076490343
"CA_13","Cultivar A",4,"A4",0.869671333810008
"CA_14","Cultivar A",4,"A1",0.0162475910935229
"CA_14","Cultivar A",4,"A2",0.0160472565771374
"CA_14","Cultivar A",4,"A3",0.12191931502129
"CA_14","Cultivar A",4,"A4",0.845785837308049
"CA_15","Cultivar A",4,"A1",0.034348234498975
"CA_15","Cultivar A",4,"A2",0.0993265594685587
"CA_15","Cultivar A",4,"A3",0.042405727579432
"CA_15","Cultivar A",4,"A4",0.823919478453034
"CA_16","Cultivar A",4,"A1",0.0385337516058874
"CA_16","Cultivar A",4,"A2",0.0692098357093363
"CA_16","Cultivar A",4,"A3",0.121477222597795
"CA_16","Cultivar A",4,"A4",0.770779190086981
"CA_17","Cultivar A",4,"A1",0.0443739378606205
"CA_17","Cultivar A",4,"A2",0.0888139534194168
"CA_17","Cultivar A",4,"A3",0.09655598045669
"CA_17","Cultivar A",4,"A4",0.770256128263273
"CA_18","Cultivar A",4,"A1",0.0496184061317838
"CA_18","Cultivar A",4,"A2",0.0414665680305146
"CA_18","Cultivar A",4,"A3",0.0833575291481574
"CA_18","Cultivar A",4,"A4",0.825557496689544
"CA_19","Cultivar A",4,"A1",0.0236167703363446
"CA_19","Cultivar A",4,"A2",0.0520693132300413
"CA_19","Cultivar A",4,"A3",0.0722491264290623
"CA_19","Cultivar A",4,"A4",0.852064790004552
"CA_20","Cultivar A",4,"A1",0.00997097860605783
"CA_20","Cultivar A",4,"A2",0.0642491219002775
"CA_20","Cultivar A",4,"A3",0.0298137780647492
"CA_20","Cultivar A",4,"A4",0.895966121428915
"CB_01","Cultivar B",4,"A1",0.0308944424420378
"CB_01","Cultivar B",4,"A2",0.0321780660042371
"CB_01","Cultivar B",4,"A3",0.11025596101178
"CB_01","Cultivar B",4,"A4",0.826671530541946
"CB_02","Cultivar B",4,"A1",0.0374360971038258
"CB_02","Cultivar B",4,"A2",0.051985657046591
"CB_02","Cultivar B",4,"A3",0.101198440854901
"CB_02","Cultivar B",4,"A4",0.809379804994682
"CB_03","Cultivar B",4,"A1",0.0455335836195773
"CB_03","Cultivar B",4,"A2",0.067818461492062
"CB_03","Cultivar B",4,"A3",0.0858516217175454
"CB_03","Cultivar B",4,"A4",0.800796333170815
"CB_04","Cultivar B",4,"A1",0.0162152541367741
"CB_04","Cultivar B",4,"A2",0.0486295980737529
"CB_04","Cultivar B",4,"A3",0.0979372289247181
"CB_04","Cultivar B",4,"A4",0.837217918864755
"CB_05","Cultivar B",4,"A1",0.065372547574059
"CB_05","Cultivar B",4,"A2",0.0504886297028536
"CB_05","Cultivar B",4,"A3",0.0415684162549864
"CB_05","Cultivar B",4,"A4",0.842570406468101
"CB_06","Cultivar B",4,"A1",0.075946733124996
"CB_06","Cultivar B",4,"A2",0.169288812689946
"CB_06","Cultivar B",4,"A3",0.0465131471472026
"CB_06","Cultivar B",4,"A4",0.708251307037856
"CB_07","Cultivar B",4,"A1",0.000503311496422917
"CB_07","Cultivar B",4,"A2",0.0733250309630688
"CB_07","Cultivar B",4,"A3",0.157464132685305
"CB_07","Cultivar B",4,"A4",0.768707524855203
"CB_08","Cultivar B",4,"A1",0.0383830554947954
"CB_08","Cultivar B",4,"A2",0.0577824811178948
"CB_08","Cultivar B",4,"A3",0.171010738640153
"CB_08","Cultivar B",4,"A4",0.732823724747157
"CB_09","Cultivar B",4,"A1",0.0859122950805537
"CB_09","Cultivar B",4,"A2",0.0528416229384684
"CB_09","Cultivar B",4,"A3",0.0669140035431686
"CB_09","Cultivar B",4,"A4",0.794332078437809
"CB_10","Cultivar B",4,"A1",0.106656510014446
"CB_10","Cultivar B",4,"A2",0.0650136086188597
"CB_10","Cultivar B",4,"A3",0.0329753303773963
"CB_10","Cultivar B",4,"A4",0.795354550989298
"CB_11","Cultivar B",4,"A1",0.0161258008437769
"CB_11","Cultivar B",4,"A2",0.0103831882357365
"CB_11","Cultivar B",4,"A3",0.22165629046221
"CB_11","Cultivar B",4,"A4",0.751834720458276
"CB_12","Cultivar B",4,"A1",0.036577765700112
"CB_12","Cultivar B",4,"A2",0.106083885077589
"CB_12","Cultivar B",4,"A3",0.129056611899281
"CB_12","Cultivar B",4,"A4",0.728281737323018
"CB_13","Cultivar B",4,"A1",0.0140086372655638
"CB_13","Cultivar B",4,"A2",0.0589723168432628
"CB_13","Cultivar B",4,"A3",0.109666864259216
"CB_13","Cultivar B",4,"A4",0.817352181631958
"CB_14","Cultivar B",4,"A1",0.0238401803884155
"CB_14","Cultivar B",4,"A2",0.0635430756509108
"CB_14","Cultivar B",4,"A3",0.211940820535277
"CB_14","Cultivar B",4,"A4",0.700675923425396
"CB_15","Cultivar B",4,"A1",0.0521049695027026
"CB_15","Cultivar B",4,"A2",0.0401629337828938
"CB_15","Cultivar B",4,"A3",0.206750590290283
"CB_15","Cultivar B",4,"A4",0.70098150642412
"CB_16","Cultivar B",4,"A1",0.0365900416860351
"CB_16","Cultivar B",4,"A2",0.12221901214682
"CB_16","Cultivar B",4,"A3",0.105562809578372
"CB_16","Cultivar B",4,"A4",0.735628136588773
"CB_17","Cultivar B",4,"A1",0.0612633415741319
"CB_17","Cultivar B",4,"A2",0.0254277506836492
"CB_17","Cultivar B",4,"A3",0.0799595009892622
"CB_17","Cultivar B",4,"A4",0.833349406752957
"CB_18","Cultivar B",4,"A1",0.0518242966128811
"CB_18","Cultivar B",4,"A2",0.0098252062606924
"CB_18","Cultivar B",4,"A3",0.191836756182677
"CB_18","Cultivar B",4,"A4",0.74651374094375
"CB_19","Cultivar B",4,"A1",0.163721000011636
"CB_19","Cultivar B",4,"A2",0.0111763682485748
"CB_19","Cultivar B",4,"A3",0.0154653962027048
"CB_19","Cultivar B",4,"A4",0.809637235537085
"CB_20","Cultivar B",4,"A1",0.0287850550139514
"CB_20","Cultivar B",4,"A2",0.0349152006353815
"CB_20","Cultivar B",4,"A3",0.0652598802948399
"CB_20","Cultivar B",4,"A4",0.871039864055827
"WN_01","Wild N",5,"A1",0.624701493004232
"WN_01","Wild N",5,"A2",0.0558173284379318
"WN_01","Wild N",5,"A3",0.122941125058258
"WN_01","Wild N",5,"A4",0.0263620829328472
"WN_01","Wild N",5,"A5",0.170177970566732
"WN_02","Wild N",5,"A1",0.702862709375107
"WN_02","Wild N",5,"A2",0.157381805222543
"WN_02","Wild N",5,"A3",0.0945526449389495
"WN_02","Wild N",5,"A4",0.0403069421637095
"WN_02","Wild N",5,"A5",0.00489589829969099
"WN_03","Wild N",5,"A1",0.822911733878218
"WN_03","Wild N",5,"A2",0.0872405747194383
"WN_03","Wild N",5,"A3",0.0282432656775185
"WN_03","Wild N",5,"A4",0.0286070899519419
"WN_03","Wild N",5,"A5",0.0329973357728831
"WN_04","Wild N",5,"A1",0.781777622330792
"WN_04","Wild N",5,"A2",0.125956473128269
"WN_04","Wild N",5,"A3",0.0304550230614405
"WN_04","Wild N",5,"A4",0.0489506647591233
"WN_04","Wild N",5,"A5",0.0128602167203752
"WN_05","Wild N",5,"A1",0.641580233060167
"WN_05","Wild N",5,"A2",0.144756461642012
"WN_05","Wild N",5,"A3",0.100102464905544
"WN_05","Wild N",5,"A4",0.112192953680134
"WN_05","Wild N",5,"A5",0.00136788671214288
"WN_06","Wild N",5,"A1",0.900911073771799
"WN_06","Wild N",5,"A2",0.0757145641001526
"WN_06","Wild N",5,"A3",0.0152068365248273
"WN_06","Wild N",5,"A4",0.0059967912132952
"WN_06","Wild N",5,"A5",0.00217073438992558
"WN_07","Wild N",5,"A1",0.680090461105695
"WN_07","Wild N",5,"A2",0.100033112904803
"WN_07","Wild N",5,"A3",0.0966468786237609
"WN_07","Wild N",5,"A4",0.00786066549959646
"WN_07","Wild N",5,"A5",0.115368881866144
"WN_08","Wild N",5,"A1",0.838974335702554
"WN_08","Wild N",5,"A2",0.103264124325925
"WN_08","Wild N",5,"A3",0.0224029767318967
"WN_08","Wild N",5,"A4",0.0279184727712969
"WN_08","Wild N",5,"A5",0.00744009046832805
"WN_09","Wild N",5,"A1",0.753994286283238
"WN_09","Wild N",5,"A2",0.069767893134777
"WN_09","Wild N",5,"A3",0.0667930573393959
"WN_09","Wild N",5,"A4",0.105029515674856
"WN_09","Wild N",5,"A5",0.00441524756773361
"WN_10","Wild N",5,"A1",0.701243060514725
"WN_10","Wild N",5,"A2",0.0430398238023126
"WN_10","Wild N",5,"A3",0.0548603996877751
"WN_10","Wild N",5,"A4",0.18718886926255
"WN_10","Wild N",5,"A5",0.0136678467326382
"WN_11","Wild N",5,"A1",0.745546275154733
"WN_11","Wild N",5,"A2",0.118664102103898
"WN_11","Wild N",5,"A3",0.0771847386299609
"WN_11","Wild N",5,"A4",0.0529073254760015
"WN_11","Wild N",5,"A5",0.00569755863540654
"WN_12","Wild N",5,"A1",0.791172321416974
"WN_12","Wild N",5,"A2",0.121316651220867
"WN_12","Wild N",5,"A3",0.0147397593188028
"WN_12","Wild N",5,"A4",0.0354657687004571
"WN_12","Wild N",5,"A5",0.0373054993428991
"WN_13","Wild N",5,"A1",0.661032104455573
"WN_13","Wild N",5,"A2",0.0973807612946011
"WN_13","Wild N",5,"A3",0.107002933054132
"WN_13","Wild N",5,"A4",0.102171995610985
"WN_13","Wild N",5,"A5",0.032412205584709
"WN_14","Wild N",5,"A1",0.815533167620722
"WN_14","Wild N",5,"A2",0.0719492655027654
"WN_14","Wild N",5,"A3",0.04492619776423
"WN_14","Wild N",5,"A4",0.0225407640911601
"WN_14","Wild N",5,"A5",0.0450506050211227
"WN_15","Wild N",5,"A1",0.854339494626161
"WN_15","Wild N",5,"A2",0.0473260258037173
"WN_15","Wild N",5,"A3",0.0367079859934275
"WN_15","Wild N",5,"A4",0.025447580660582
"WN_15","Wild N",5,"A5",0.0361789129161119
"WN_16","Wild N",5,"A1",0.749508951811706
"WN_16","Wild N",5,"A2",0.125307578807521
"WN_16","Wild N",5,"A3",0.0136490778883531
"WN_16","Wild N",5,"A4",0.110987535495497
"WN_16","Wild N",5,"A5",0.00054685599692353
"WN_17","Wild N",5,"A1",0.580059219927718
"WN_17","Wild N",5,"A2",0.137987012950167
"WN_17","Wild N",5,"A3",0.0812958678134986
"WN_17","Wild N",5,"A4",0.100964323350402
"WN_17","Wild N",5,"A5",0.0996935759582145
"WN_18","Wild N",5,"A1",0.905334694412697
"WN_18","Wild N",5,"A2",0.0105183820104259
"WN_18","Wild N",5,"A3",0.0158009527794709
"WN_18","Wild N",5,"A4",0.00761565299477857
"WN_18","Wild N",5,"A5",0.0607303178026271
"WN_19","Wild N",5,"A1",0.737846663184743
"WN_19","Wild N",5,"A2",0.0274370945621128
"WN_19","Wild N",5,"A3",0.139270328750499
"WN_19","Wild N",5,"A4",0.0825687793929593
"WN_19","Wild N",5,"A5",0.0128771341096858
"WN_20","Wild N",5,"A1",0.819825017535497
"WN_20","Wild N",5,"A2",0.00650466454439771
"WN_20","Wild N",5,"A3",0.0156179672922591
"WN_20","Wild N",5,"A4",0.142377674534879
"WN_20","Wild N",5,"A5",0.0156746760929674
"WS_01","Wild S",5,"A1",0.0626971978533845
"WS_01","Wild S",5,"A2",0.731155025197906
"WS_01","Wild S",5,"A3",0.0675955307656434
"WS_01","Wild S",5,"A4",0.0267456931710283
"WS_01","Wild S",5,"A5",0.111806553012037
"WS_02","Wild S",5,"A1",0.0321111174210659
"WS_02","Wild S",5,"A2",0.72833499537941
"WS_02","Wild S",5,"A3",0.127051443891218
"WS_02","Wild S",5,"A4",0.0556155148952748
"WS_02","Wild S",5,"A5",0.0568869284130316
"WS_03","Wild S",5,"A1",0.0033323513976925
"WS_03","Wild S",5,"A2",0.80739706030215
"WS_03","Wild S",5,"A3",0.0490194720483536
"WS_03","Wild S",5,"A4",0.0574398143382476
"WS_03","Wild S",5,"A5",0.0828113019135562
"WS_04","Wild S",5,"A1",0.0793577514463976
"WS_04","Wild S",5,"A2",0.790206916732523
"WS_04","Wild S",5,"A3",0.0322371854605382
"WS_04","Wild S",5,"A4",0.00628893171962253
"WS_04","Wild S",5,"A5",0.0919092146409186
"WS_05","Wild S",5,"A1",0.0315038745811085
"WS_05","Wild S",5,"A2",0.761752483767845
"WS_05","Wild S",5,"A3",0.0556148063594348
"WS_05","Wild S",5,"A4",0.0918007272239503
"WS_05","Wild S",5,"A5",0.0593281080676614
"WS_06","Wild S",5,"A1",0.045824855861002
"WS_06","Wild S",5,"A2",0.716591222817908
"WS_06","Wild S",5,"A3",0.0703783320363962
"WS_06","Wild S",5,"A4",0.0800747524948024
"WS_06","Wild S",5,"A5",0.0871308367898918
"WS_07","Wild S",5,"A1",0.068855319242947
"WS_07","Wild S",5,"A2",0.802652821418474
"WS_07","Wild S",5,"A3",0.056342467719171
"WS_07","Wild S",5,"A4",0.0579370090935095
"WS_07","Wild S",5,"A5",0.014212382525898
"WS_08","Wild S",5,"A1",0.0604054020231605
"WS_08","Wild S",5,"A2",0.85723036217789
"WS_08","Wild S",5,"A3",0.0277397154373778
"WS_08","Wild S",5,"A4",0.0220760940482801
"WS_08","Wild S",5,"A5",0.0325484263132915
"WS_09","Wild S",5,"A1",0.148043483778627
"WS_09","Wild S",5,"A2",0.649244553379671
"WS_09","Wild S",5,"A3",0.145678064939753
"WS_09","Wild S",5,"A4",0.0250125192836611
"WS_09","Wild S",5,"A5",0.0320213786182879
"WS_10","Wild S",5,"A1",0.0781619271331605
"WS_10","Wild S",5,"A2",0.743364872839189
"WS_10","Wild S",5,"A3",0.151846305974934
"WS_10","Wild S",5,"A4",0.0156013880439146
"WS_10","Wild S",5,"A5",0.0110255060088016
"WS_11","Wild S",5,"A1",0.0311947996015746
"WS_11","Wild S",5,"A2",0.8364168783056
"WS_11","Wild S",5,"A3",0.0509728496930694
"WS_11","Wild S",5,"A4",0.0207296027589781
"WS_11","Wild S",5,"A5",0.0606858696407783
"WS_12","Wild S",5,"A1",0.119466236450232
"WS_12","Wild S",5,"A2",0.589067992164483
"WS_12","Wild S",5,"A3",0.148406965293645
"WS_12","Wild S",5,"A4",0.0399821324367915
"WS_12","Wild S",5,"A5",0.103076673654849
"WS_13","Wild S",5,"A1",0.0231603706892697
"WS_13","Wild S",5,"A2",0.746447539351437
"WS_13","Wild S",5,"A3",0.12427002052738
"WS_13","Wild S",5,"A4",0.0282142594814211
"WS_13","Wild S",5,"A5",0.0779078099504922
"WS_14","Wild S",5,"A1",0.0463250662369215
"WS_14","Wild S",5,"A2",0.679498341490209
"WS_14","Wild S",5,"A3",0.129280812536984
"WS_14","Wild S",5,"A4",0.0584981129185029
"WS_14","Wild S",5,"A5",0.0863976668173835
"WS_15","Wild S",5,"A1",0.0411765188862824
"WS_15","Wild S",5,"A2",0.739095794845475
"WS_15","Wild S",5,"A3",0.0216502976077021
"WS_15","Wild S",5,"A4",0.0593440651263381
"WS_15","Wild S",5,"A5",0.138733323534202
"WS_16","Wild S",5,"A1",0.0309837544580154
"WS_16","Wild S",5,"A2",0.859325086505594
"WS_16","Wild S",5,"A3",0.0587410175811832
"WS_16","Wild S",5,"A4",0.0428162340235491
"WS_16","Wild S",5,"A5",0.00813390743165827
"WS_17","Wild S",5,"A1",0.0870421181177133
"WS_17","Wild S",5,"A2",0.781410426143692
"WS_17","Wild S",5,"A3",0.0554539749653976
"WS_17","Wild S",5,"A4",0.017650967960573
"WS_17","Wild S",5,"A5",0.0584425128126242
"WS_18","Wild S",5,"A1",0.030173308086747
"WS_18","Wild S",5,"A2",0.806033895499341
"WS_18","Wild S",5,"A3",0.101850094317068
"WS_18","Wild S",5,"A4",0.0272927268338829
"WS_18","Wild S",5,"A5",0.0346499752629612
"WS_19","Wild S",5,"A1",0.0536976054205746
"WS_19","Wild S",5,"A2",0.754172379310103
"WS_19","Wild S",5,"A3",0.0192618660057334
"WS_19","Wild S",5,"A4",0.104937026105166
"WS_19","Wild S",5,"A5",0.0679311231584227
"WS_20","Wild S",5,"A1",0.0580086580747864
"WS_20","Wild S",5,"A2",0.80998605928155
"WS_20","Wild S",5,"A3",0.0780651949506424
"WS_20","Wild S",5,"A4",0.0174345503831207
"WS_20","Wild S",5,"A5",0.036505537309901
"LE_01","Landrace E",5,"A1",0.134109176476448
"LE_01","Landrace E",5,"A2",0.056986702044113
"LE_01","Landrace E",5,"A3",0.577067906645144
"LE_01","Landrace E",5,"A4",0.167563533927436
"LE_01","Landrace E",5,"A5",0.0642726809068601
"LE_02","Landrace E",5,"A1",0.0313576220476203
"LE_02","Landrace E",5,"A2",0.013066089322328
"LE_02","Landrace E",5,"A3",0.778436526978637
"LE_02","Landrace E",5,"A4",0.063658316081563
"LE_02","Landrace E",5,"A5",0.113481445569852
"LE_03","Landrace E",5,"A1",0.156094735066117
"LE_03","Landrace E",5,"A2",0.0294591920365298
"LE_03","Landrace E",5,"A3",0.654457604500116
"LE_03","Landrace E",5,"A4",0.0126809313987347
"LE_03","Landrace E",5,"A5",0.147307536998503
"LE_04","Landrace E",5,"A1",0.121319715344735
"LE_04","Landrace E",5,"A2",0.0497973792872474
"LE_04","Landrace E",5,"A3",0.776553759487544
"LE_04","Landrace E",5,"A4",0.00829029675148318
"LE_04","Landrace E",5,"A5",0.0440388491289911
"LE_05","Landrace E",5,"A1",0.0662978817448537
"LE_05","Landrace E",5,"A2",0.0537594303952508
"LE_05","Landrace E",5,"A3",0.442488179564883
"LE_05","Landrace E",5,"A4",0.18329997888534
"LE_05","Landrace E",5,"A5",0.254154529409673
"LE_06","Landrace E",5,"A1",0.0741184798616589
"LE_06","Landrace E",5,"A2",0.0698567203907657
"LE_06","Landrace E",5,"A3",0.63480986536471
"LE_06","Landrace E",5,"A4",0.0227247012279234
"LE_06","Landrace E",5,"A5",0.198490233154942
"LE_07","Landrace E",5,"A1",0.0819332341602915
"LE_07","Landrace E",5,"A2",0.164659390743562
"LE_07","Landrace E",5,"A3",0.536525796498289
"LE_07","Landrace E",5,"A4",0.108648160894479
"LE_07","Landrace E",5,"A5",0.108233417703378
"LE_08","Landrace E",5,"A1",0.044932483192106
"LE_08","Landrace E",5,"A2",0.0834393133256755
"LE_08","Landrace E",5,"A3",0.701658749945511
"LE_08","Landrace E",5,"A4",0.0532301259607693
"LE_08","Landrace E",5,"A5",0.116739327575939
"LE_09","Landrace E",5,"A1",0.0919601848970854
"LE_09","Landrace E",5,"A2",0.0855013887405001
"LE_09","Landrace E",5,"A3",0.663957060349031
"LE_09","Landrace E",5,"A4",0.0677790361277242
"LE_09","Landrace E",5,"A5",0.090802329885659
"LE_10","Landrace E",5,"A1",0.0990514644046136
"LE_10","Landrace E",5,"A2",0.163837545830775
"LE_10","Landrace E",5,"A3",0.616565017011702
"LE_10","Landrace E",5,"A4",0.0787241016331918
"LE_10","Landrace E",5,"A5",0.0418218711197172
"LE_11","Landrace E",5,"A1",0.0534096498555267
"LE_11","Landrace E",5,"A2",0.0103367790080962
"LE_11","Landrace E",5,"A3",0.833944464822615
"LE_11","Landrace E",5,"A4",0.0521878551389561
"LE_11","Landrace E",5,"A5",0.0501212511748057
"LE_12","Landrace E",5,"A1",0.0695093129826179
"LE_12","Landrace E",5,"A2",0.0850847821439971
"LE_12","Landrace E",5,"A3",0.830497035893209
"LE_12","Landrace E",5,"A4",0.0108752230538863
"LE_12","Landrace E",5,"A5",0.00403364592628949
"LE_13","Landrace E",5,"A1",0.231227093082083
"LE_13","Landrace E",5,"A2",0.105608160595327
"LE_13","Landrace E",5,"A3",0.446345782620201
"LE_13","Landrace E",5,"A4",0.0861133638747128
"LE_13","Landrace E",5,"A5",0.130705599827676
"LE_14","Landrace E",5,"A1",0.0275067720929774
"LE_14","Landrace E",5,"A2",0.0758625071504614
"LE_14","Landrace E",5,"A3",0.71377019825618
"LE_14","Landrace E",5,"A4",0.109273457703099
"LE_14","Landrace E",5,"A5",0.0735870647972819
"LE_15","Landrace E",5,"A1",0.200836787777038
"LE_15","Landrace E",5,"A2",0.0611880546622643
"LE_15","Landrace E",5,"A3",0.585143077922719
"LE_15","Landrace E",5,"A4",0.0684561716555676
"LE_15","Landrace E",5,"A5",0.0843759079824115
"LE_16","Landrace E",5,"A1",0.0933238989520202
"LE_16","Landrace E",5,"A2",0.0788772469844901
"LE_16","Landrace E",5,"A3",0.701608682384413
"LE_16","Landrace E",5,"A4",0.0116991042440362
"LE_16","Landrace E",5,"A5",0.114491067435041
"LE_17","Landrace E",5,"A1",0.134573685321428
"LE_17","Landrace E",5,"A2",0.0238718033790617
"LE_17","Landrace E",5,"A3",0.618746605401443
"LE_17","Landrace E",5,"A4",0.0832511021675664
"LE_17","Landrace E",5,"A5",0.139556803730501
"LE_18","Landrace E",5,"A1",0.181358321843324
"LE_18","Landrace E",5,"A2",0.0750842461562885
"LE_18","Landrace E",5,"A3",0.663611795788548
"LE_18","Landrace E",5,"A4",0.0328148624787775
"LE_18","Landrace E",5,"A5",0.0471307737330623
"LE_19","Landrace E",5,"A1",0.0975075257028462
"LE_19","Landrace E",5,"A2",0.0127834410665115
"LE_19","Landrace E",5,"A3",0.718603133537352
"LE_19","Landrace E",5,"A4",0.0728058868198531
"LE_19","Landrace E",5,"A5",0.098300012873437
"LE_20","Landrace E",5,"A1",0.0138782970022169
"LE_20","Landrace E",5,"A2",0.0453959805326507
"LE_20","Landrace E",5,"A3",0.638424734699475
"LE_20","Landrace E",5,"A4",0.095145436030033
"LE_20","Landrace E",5,"A5",0.207155551735625
"LW_01","Landrace W",5,"A1",0.051649998120022
"LW_01","Landrace W",5,"A2",0.11634049902489
"LW_01","Landrace W",5,"A3",0.243192637756021
"LW_01","Landrace W",5,"A4",0.219814299538013
"LW_01","Landrace W",5,"A5",0.369002565561053
"LW_02","Landrace W",5,"A1",0.0113052064389515
"LW_02","Landrace W",5,"A2",0.00148711546051555
"LW_02","Landrace W",5,"A3",0.143444810132583
"LW_02","Landrace W",5,"A4",0.566855998044251
"LW_02","Landrace W",5,"A5",0.276906869923698
"LW_03","Landrace W",5,"A1",0.0806752498794812
"LW_03","Landrace W",5,"A2",0.154668891328708
"LW_03","Landrace W",5,"A3",0.170423133231583
"LW_03","Landrace W",5,"A4",0.385053262666146
"LW_03","Landrace W",5,"A5",0.209179462894082
"LW_04","Landrace W",5,"A1",0.0714112790933523
"LW_04","Landrace W",5,"A2",0.131266121079263
"LW_04","Landrace W",5,"A3",0.15344043148992
"LW_04","Landrace W",5,"A4",0.264638587123421
"LW_04","Landrace W",5,"A5",0.379243581214044
"LW_05","Landrace W",5,"A1",0.0704225982051486
"LW_05","Landrace W",5,"A2",0.213541991155624
"LW_05","Landrace W",5,"A3",0.172766148867278
"LW_05","Landrace W",5,"A4",0.257361224668202
"LW_05","Landrace W",5,"A5",0.285908037103746
"LW_06","Landrace W",5,"A1",0.141957396811975
"LW_06","Landrace W",5,"A2",0.0497874222857986
"LW_06","Landrace W",5,"A3",0.114480028961074
"LW_06","Landrace W",5,"A4",0.426401477558188
"LW_06","Landrace W",5,"A5",0.267373674382964
"LW_07","Landrace W",5,"A1",0.076576078103691
"LW_07","Landrace W",5,"A2",0.164904351622877
"LW_07","Landrace W",5,"A3",0.160232566210306
"LW_07","Landrace W",5,"A4",0.309653763573219
"LW_07","Landrace W",5,"A5",0.288633240489908
"LW_08","Landrace W",5,"A1",0.0133782750170689
"LW_08","Landrace W",5,"A2",0.00617698545996301
"LW_08","Landrace W",5,"A3",0.430919714768504
"LW_08","Landrace W",5,"A4",0.129277409669613
"LW_08","Landrace W",5,"A5",0.420247615084851
"LW_09","Landrace W",5,"A1",0.344335584631503
"LW_09","Landrace W",5,"A2",0.111036766011969
"LW_09","Landrace W",5,"A3",0.2673626398447
"LW_09","Landrace W",5,"A4",0.191321213196305
"LW_09","Landrace W",5,"A5",0.085943796315523
"LW_10","Landrace W",5,"A1",0.053929875699822
"LW_10","Landrace W",5,"A2",0.141638623678603
"LW_10","Landrace W",5,"A3",0.284510657350699
"LW_10","Landrace W",5,"A4",0.2773893995463
"LW_10","Landrace W",5,"A5",0.242531443724577
"LW_11","Landrace W",5,"A1",0.0305982352635882
"LW_11","Landrace W",5,"A2",0.122173484574808
"LW_11","Landrace W",5,"A3",0.308443176187626
"LW_11","Landrace W",5,"A4",0.244823494811636
"LW_11","Landrace W",5,"A5",0.293961609162342
"LW_12","Landrace W",5,"A1",0.126498795067595
"LW_12","Landrace W",5,"A2",0.0362100019759552
"LW_12","Landrace W",5,"A3",0.137079848377081
"LW_12","Landrace W",5,"A4",0.398676282513985
"LW_12","Landrace W",5,"A5",0.301535072065384
"LW_13","Landrace W",5,"A1",0.122157242165889
"LW_13","Landrace W",5,"A2",0.215835666160174
"LW_13","Landrace W",5,"A3",0.292168461569915
"LW_13","Landrace W",5,"A4",0.124118488893268
"LW_13","Landrace W",5,"A5",0.245720141210755
"LW_14","Landrace W",5,"A1",0.421396217353787
"LW_14","Landrace W",5,"A2",0.147873236136217
"LW_14","Landrace W",5,"A3",0.063548361269566
"LW_14","Landrace W",5,"A4",0.264265479519413
"LW_14","Landrace W",5,"A5",0.102916705721017
"LW_15","Landrace W",5,"A1",0.0238797279584486
"LW_15","Landrace W",5,"A2",0.0722389790607687
"LW_15","Landrace W",5,"A3",0.36842443593897
"LW_15","Landrace W",5,"A4",0.175880400454734
"LW_15","Landrace W",5,"A5",0.359576456587078
"LW_16","Landrace W",5,"A1",0.034616104255965
"LW_16","Landrace W",5,"A2",0.0406945465847364
"LW_16","Landrace W",5,"A3",0.284845338673819
"LW_16","Landrace W",5,"A4",0.155412316692396
"LW_16","Landrace W",5,"A5",0.484431693793083
"LW_17","Landrace W",5,"A1",0.00721479963251604
"LW_17","Landrace W",5,"A2",0.417544309109625
"LW_17","Landrace W",5,"A3",0.095954666956606
"LW_17","Landrace W",5,"A4",0.342230012064371
"LW_17","Landrace W",5,"A5",0.137056212236882
"LW_18","Landrace W",5,"A1",0.0177622352463596
"LW_18","Landrace W",5,"A2",0.176656875336678
"LW_18","Landrace W",5,"A3",0.16147071944925
"LW_18","Landrace W",5,"A4",0.266115143919445
"LW_18","Landrace W",5,"A5",0.377995026048267
"LW_19","Landrace W",5,"A1",0.0346497134956594
"LW_19","Landrace W",5,"A2",0.115076637862864
"LW_19","Landrace W",5,"A3",0.398840191035487
"LW_19","Landrace W",5,"A4",0.272221142667463
"LW_19","Landrace W",5,"A5",0.179212314938526
"LW_20","Landrace W",5,"A1",0.0101249277629069
"LW_20","Landrace W",5,"A2",0.246623231671516
"LW_20","Landrace W",5,"A3",0.0444123477117069
"LW_20","Landrace W",5,"A4",0.527270411898881
"LW_20","Landrace W",5,"A5",0.171569080954989
"CA_01","Cultivar A",5,"A1",0.0708360994193649
"CA_01","Cultivar A",5,"A2",0.0137522783839383
"CA_01","Cultivar A",5,"A3",0.102565563553159
"CA_01","Cultivar A",5,"A4",0.740816926946593
"CA_01","Cultivar A",5,"A5",0.0720291316969441
"CA_02","Cultivar A",5,"A1",0.0139142124575671
"CA_02","Cultivar A",5,"A2",0.0128991648746942
"CA_02","Cultivar A",5,"A3",0.0890948283626675
"CA_02","Cultivar A",5,"A4",0.841263496710462
"CA_02","Cultivar A",5,"A5",0.0428282975946093
"CA_03","Cultivar A",5,"A1",0.0468007086176641
"CA_03","Cultivar A",5,"A2",0.0284685620529569
"CA_03","Cultivar A",5,"A3",0.0156938384688604
"CA_03","Cultivar A",5,"A4",0.852289779393997
"CA_03","Cultivar A",5,"A5",0.056747111466521
"CA_04","Cultivar A",5,"A1",0.023196719205434
"CA_04","Cultivar A",5,"A2",0.0769206028628755
"CA_04","Cultivar A",5,"A3",0.0182962491763216
"CA_04","Cultivar A",5,"A4",0.786911931863216
"CA_04","Cultivar A",5,"A5",0.0946744968921534
"CA_05","Cultivar A",5,"A1",0.0116859520372193
"CA_05","Cultivar A",5,"A2",0.0169055046653663
"CA_05","Cultivar A",5,"A3",0.0616061757195119
"CA_05","Cultivar A",5,"A4",0.739123047115345
"CA_05","Cultivar A",5,"A5",0.170679320462558
"CA_06","Cultivar A",5,"A1",0.00375481820638095
"CA_06","Cultivar A",5,"A2",0.00960637076166271
"CA_06","Cultivar A",5,"A3",0.0254755719611542
"CA_06","Cultivar A",5,"A4",0.721815468140587
"CA_06","Cultivar A",5,"A5",0.239347770930215
"CA_07","Cultivar A",5,"A1",0.0564139993517224
"CA_07","Cultivar A",5,"A2",0.0232961699594465
"CA_07","Cultivar A",5,"A3",0.039897797363302
"CA_07","Cultivar A",5,"A4",0.778813540952455
"CA_07","Cultivar A",5,"A5",0.101578492373074
"CA_08","Cultivar A",5,"A1",0.0323077412304271
"CA_08","Cultivar A",5,"A2",0.0771175892073754
"CA_08","Cultivar A",5,"A3",0.0512155321051095
"CA_08","Cultivar A",5,"A4",0.754089159700232
"CA_08","Cultivar A",5,"A5",0.0852699777568558
"CA_09","Cultivar A",5,"A1",0.0315802594403024
"CA_09","Cultivar A",5,"A2",0.0148480279248975
"CA_09","Cultivar A",5,"A3",0.118368762185437
"CA_09","Cultivar A",5,"A4",0.783501792508743
"CA_09","Cultivar A",5,"A5",0.0517011579406202
"CA_10","Cultivar A",5,"A1",0.0132861615336441
"CA_10","Cultivar A",5,"A2",0.0333228766470449
"CA_10","Cultivar A",5,"A3",0.0230909767899888
"CA_10","Cultivar A",5,"A4",0.894148719731577
"CA_10","Cultivar A",5,"A5",0.0361512652977447
"CA_11","Cultivar A",5,"A1",0.00867811776547855
"CA_11","Cultivar A",5,"A2",0.00495951141254883
"CA_11","Cultivar A",5,"A3",0.0422335007985477
"CA_11","Cultivar A",5,"A4",0.898927150824497
"CA_11","Cultivar A",5,"A5",0.0452017191989276
"CA_12","Cultivar A",5,"A1",0.00135799380429787
"CA_12","Cultivar A",5,"A2",0.120837656158387
"CA_12","Cultivar A",5,"A3",0.0458673237190035
"CA_12","Cultivar A",5,"A4",0.681284889276323
"CA_12","Cultivar A",5,"A5",0.150652137041988
"CA_13","Cultivar A",5,"A1",0.00380458032856651
"CA_13","Cultivar A",5,"A2",0.0121063070278158
"CA_13","Cultivar A",5,"A3",0.00874208561647798
"CA_13","Cultivar A",5,"A4",0.907440348072292
"CA_13","Cultivar A",5,"A5",0.0679066789548479
"CA_14","Cultivar A",5,"A1",0.0221659138399487
"CA_14","Cultivar A",5,"A2",0.00402152042864798
"CA_14","Cultivar A",5,"A3",0.0371552386432542
"CA_14","Cultivar A",5,"A4",0.895111764003042
"CA_14","Cultivar A",5,"A5",0.0415455630851075
"CA_15","Cultivar A",5,"A1",0.00447572048530288
"CA_15","Cultivar A",5,"A2",0.0134688455332233
"CA_15","Cultivar A",5,"A3",0.0329053319318077
"CA_15","Cultivar A",5,"A4",0.764358912128516
"CA_15","Cultivar A",5,"A5",0.18479118992115
"CA_16","Cultivar A",5,"A1",0.000986133559959939
"CA_16","Cultivar A",5,"A2",0.0242980876019742
"CA_16","Cultivar A",5,"A3",0.0663760014496269
"CA_16","Cultivar A",5,"A4",0.800194887259608
"CA_16","Cultivar A",5,"A5",0.108144890128831
"CA_17","Cultivar A",5,"A1",0.0639122520945373
"CA_17","Cultivar A",5,"A2",0.0603197931091775
"CA_17","Cultivar A",5,"A3",0.0368590338260929
"CA_17","Cultivar A",5,"A4",0.79516583778586
"CA_17","Cultivar A",5,"A5",0.0437430831843325
"CA_18","Cultivar A",5,"A1",0.0106740100677944
"CA_18","Cultivar A",5,"A2",0.00532188658433358
"CA_18","Cultivar A",5,"A3",0.0992614214407186
"CA_18","Cultivar A",5,"A4",0.81629609210265
"CA_18","Cultivar A",5,"A5",0.0684465898045039
"CA_19","Cultivar A",5,"A1",0.0434467210096826
"CA_19","Cultivar A",5,"A2",0.0197626635362709
"CA_19","Cultivar A",5,"A3",0.0102246588514499
"CA_19","Cultivar A",5,"A4",0.669571552316757
"CA_19","Cultivar A",5,"A5",0.25699440428584
"CA_20","Cultivar A",5,"A1",0.00298975382640862
"CA_20","Cultivar A",5,"A2",0.00543520584438161
"CA_20","Cultivar A",5,"A3",0.0499639971321462
"CA_20","Cultivar A",5,"A4",0.798026431098963
"CA_20","Cultivar A",5,"A5",0.143584612098101
"CB_01","Cultivar B",5,"A1",0.0288205091065863
"CB_01","Cultivar B",5,"A2",0.0267205260488484
"CB_01","Cultivar B",5,"A3",0.0108348677032754
"CB_01","Cultivar B",5,"A4",0.134422138824404
"CB_01","Cultivar B",5,"A5",0.799201958316886
"CB_02","Cultivar B",5,"A1",0.0346154110807825
"CB_02","Cultivar B",5,"A2",0.0217789919696722
"CB_02","Cultivar B",5,"A3",0.0451790995030534
"CB_02","Cultivar B",5,"A4",0.0302462590131383
"CB_02","Cultivar B",5,"A5",0.868180238433354
"CB_03","Cultivar B",5,"A1",0.0206992245484494
"CB_03","Cultivar B",5,"A2",0.0313894094589565
"CB_03","Cultivar B",5,"A3",0.0335827539003143
"CB_03","Cultivar B",5,"A4",0.0489689341999118
"CB_03","Cultivar B",5,"A5",0.865359677892368
"CB_04","Cultivar B",5,"A1",0.0730643064930076
"CB_04","Cultivar B",5,"A2",0.0245130196951209
"CB_04","Cultivar B",5,"A3",0.0202793022207287
"CB_04","Cultivar B",5,"A4",0.15125289589212
"CB_04","Cultivar B",5,"A5",0.730890475699023
"CB_05","Cultivar B",5,"A1",0.0162800504464984
"CB_05","Cultivar B",5,"A2",0.0534628456814747
"CB_05","Cultivar B",5,"A3",0.1566232713698
"CB_05","Cultivar B",5,"A4",0.0458466700672207
"CB_05","Cultivar B",5,"A5",0.727787162435006
"CB_06","Cultivar B",5,"A1",0.0621958889876069
"CB_06","Cultivar B",5,"A2",0.0141125582766677
"CB_06","Cultivar B",5,"A3",0.120355268544507
"CB_06","Cultivar B",5,"A4",0.128618547278971
"CB_06","Cultivar B",5,"A5",0.674717736912248
"CB_07","Cultivar B",5,"A1",0.00790671480530031
"CB_07","Cultivar B",5,"A2",0.0130736500220845
"CB_07","Cultivar B",5,"A3",0.142830265996165
"CB_07","Cultivar B",5,"A4",0.151545145404278
"CB_07","Cultivar B",5,"A5",0.684644223772173
"CB_08","Cultivar B",5,"A1",0.0848771656981087
"CB_08","Cultivar B",5,"A2",0.0536831884943243
"CB_08","Cultivar B",5,"A3",0.0369819400120303
"CB_08","Cultivar B",5,"A4",0.130992032123008
"CB_08","Cultivar B",5,"A5",0.693465673672529
"CB_09","Cultivar B",5,"A1",0.120095290466671
"CB_09","Cultivar B",5,"A2",0.0491420409307212
"CB_09","Cultivar B",5,"A3",0.0366222338446283
"CB_09","Cultivar B",5,"A4",0.189986530501276
"CB_09","Cultivar B",5,"A5",0.604153904256704
"CB_10","Cultivar B",5,"A1",0.0561336508160554
"CB_10","Cultivar B",5,"A2",0.0220905089197055
"CB_10","Cultivar B",5,"A3",0.00870549157804155
"CB_10","Cultivar B",5,"A4",0.0980787344400527
"CB_10","Cultivar B",5,"A5",0.814991614246145
"CB_11","Cultivar B",5,"A1",0.0172135441160939
"CB_11","Cultivar B",5,"A2",0.0570899858345006
"CB_11","Cultivar B",5,"A3",0.0236715065975796
"CB_11","Cultivar B",5,"A4",0.200024753234544
"CB_11","Cultivar B",5,"A5",0.702000210217282
"CB_12","Cultivar B",5,"A1",0.0204840890249823
"CB_12","Cultivar B",5,"A2",0.00155235013274983
"CB_12","Cultivar B",5,"A3",0.029978828412556
"CB_12","Cultivar B",5,"A4",0.0423364518926666
"CB_12","Cultivar B",5,"A5",0.905648280537045
"CB_13","Cultivar B",5,"A1",0.0223294471283207
"CB_13","Cultivar B",5,"A2",0.0531632071140178
"CB_13","Cultivar B",5,"A3",0.139675092899351
"CB_13","Cultivar B",5,"A4",0.0675976790435765
"CB_13","Cultivar B",5,"A5",0.717234573814734
"CB_14","Cultivar B",5,"A1",0.0461641168118495
"CB_14","Cultivar B",5,"A2",0.022474617096612
"CB_14","Cultivar B",5,"A3",0.0864858517748291
"CB_14","Cultivar B",5,"A4",0.0980686779896195
"CB_14","Cultivar B",5,"A5",0.74680673632709
"CB_15","Cultivar B",5,"A1",0.0338205435542055
"CB_15","Cultivar B",5,"A2",0.0500064561011018
"CB_15","Cultivar B",5,"A3",0.0328927337512657
"CB_15","Cultivar B",5,"A4",0.0666373123119356
"CB_15","Cultivar B",5,"A5",0.816642954281491
"CB_16","Cultivar B",5,"A1",0.0482446732403429
"CB_16","Cultivar B",5,"A2",0.056639608221385
"CB_16","Cultivar B",5,"A3",0.018113097031536
"CB_16","Cultivar B",5,"A4",0.201864987189766
"CB_16","Cultivar B",5,"A5",0.67513763431697
"CB_17","Cultivar B",5,"A1",0.0376431230579304
"CB_17","Cultivar B",5,"A2",0.0559651878817437
"CB_17","Cultivar B",5,"A3",0.0258371230942931
"CB_17","Cultivar B",5,"A4",0.0724453458611458
"CB_17","Cultivar B",5,"A5",0.808109220104887
"CB_18","Cultivar B",5,"A1",0.0334844827468526
"CB_18","Cultivar B",5,"A2",0.115546440598925
"CB_18","Cultivar B",5,"A3",0.0197786975612924
"CB_18","Cultivar B",5,"A4",0.0983854309371297
"CB_18","Cultivar B",5,"A5",0.732804948155801
"CB_19","Cultivar B",5,"A1",0.0816512644959972
"CB_19","Cultivar B",5,"A2",0.0189452442168494
"CB_19","Cultivar B",5,"A3",0.0118461174516218
"CB_19","Cultivar B",5,"A4",0.126978684789032
"CB_19","Cultivar B",5,"A5",0.760578689046499
"CB_20","Cultivar B",5,"A1",0.0734390999865287
"CB_20","Cultivar B",5,"A2",0.0522210526420249
"CB_20","Cultivar B",5,"A3",0.0350342216530385
"CB_20","Cultivar B",5,"A4",0.0792030019935678
"CB_20","Cultivar B",5,"A5",0.76010262372484
"WN_01","Wild N",6,"A1",0.652152212370426
"WN_01","Wild N",6,"A2",0.100457650472214
"WN_01","Wild N",6,"A3",0.1513154473733
"WN_01","Wild N",6,"A4",0.0546906497569154
"WN_01","Wild N",6,"A5",0.0228677634938662
"WN_01","Wild N",6,"A6",0.0185162765332784
"WN_02","Wild N",6,"A1",0.82580063220574
"WN_02","Wild N",6,"A2",0.0752400091900295
"WN_02","Wild N",6,"A3",0.0184297881113354
"WN_02","Wild N",6,"A4",0.0110043780740194
"WN_02","Wild N",6,"A5",0.0632646747276576
"WN_02","Wild N",6,"A6",0.00626051769121861
"WN_03","Wild N",6,"A1",0.618188155307681
"WN_03","Wild N",6,"A2",0.120612647596092
"WN_03","Wild N",6,"A3",0.19422642905989
"WN_03","Wild N",6,"A4",0.0054418372375996
"WN_03","Wild N",6,"A5",0.0484426271132194
"WN_03","Wild N",6,"A6",0.0130883036855185
"WN_04","Wild N",6,"A1",0.791867300036456
"WN_04","Wild N",6,"A2",0.0625150977778319
"WN_04","Wild N",6,"A3",0.0437587990218038
"WN_04","Wild N",6,"A4",0.0175376911646335
"WN_04","Wild N",6,"A5",0.0663400295497216
"WN_04","Wild N",6,"A6",0.0179810824495534
"WN_05","Wild N",6,"A1",0.798214725477749
"WN_05","Wild N",6,"A2",0.0977682330677877
"WN_05","Wild N",6,"A3",0.0435966345650853
"WN_05","Wild N",6,"A4",0.0285796405636021
"WN_05","Wild N",6,"A5",0.0162817797745401
"WN_05","Wild N",6,"A6",0.0155589865512356
"WN_06","Wild N",6,"A1",0.678030859991595
"WN_06","Wild N",6,"A2",0.121388727858571
"WN_06","Wild N",6,"A3",0.0307359771505248
"WN_06","Wild N",6,"A4",0.025778294106585
"WN_06","Wild N",6,"A5",0.0415063140800506
"WN_06","Wild N",6,"A6",0.102559826812674
"WN_07","Wild N",6,"A1",0.584201063852186
"WN_07","Wild N",6,"A2",0.11299199601608
"WN_07","Wild N",6,"A3",0.0293742472069587
"WN_07","Wild N",6,"A4",0.00483198251650964
"WN_07","Wild N",6,"A5",0.174876151506012
"WN_07","Wild N",6,"A6",0.0937245589022531
"WN_08","Wild N",6,"A1",0.840011739115883
"WN_08","Wild N",6,"A2",0.0566932090050374
"WN_08","Wild N",6,"A3",0.0296768755906813
"WN_08","Wild N",6,"A4",0.0111978116710641
"WN_08","Wild N",6,"A5",0.00548877435186463
"WN_08","Wild N",6,"A6",0.0569315902654698
"WN_09","Wild N",6,"A1",0.641210322234007
"WN_09","Wild N",6,"A2",0.0818027929151977
"WN_09","Wild N",6,"A3",0.0679137624515494
"WN_09","Wild N",6,"A4",0.00452089371852205
"WN_09","Wild N",6,"A5",0.118782796496116
"WN_09","Wild N",6,"A6",0.085769432184608
"WN_10","Wild N",6,"A1",0.779730780228249
"WN_10","Wild N",6,"A2",0.120715408542011
"WN_10","Wild N",6,"A3",0.0175379471060239
"WN_10","Wild N",6,"A4",0.00358716181576169
"WN_10","Wild N",6,"A5",0.0501635708497584
"WN_10","Wild N",6,"A6",0.0282651314581969
"WN_11","Wild N",6,"A1",0.879382312392778
"WN_11","Wild N",6,"A2",0.0586772707783783
"WN_11","Wild N",6,"A3",0.0102380793673744
"WN_11","Wild N",6,"A4",0.0211615097020866
"WN_11","Wild N",6,"A5",0.00510032385396569
"WN_11","Wild N",6,"A6",0.0254405039054172
"WN_12","Wild N",6,"A1",0.855465290630494
"WN_12","Wild N",6,"A2",0.0140399457414654
"WN_12","Wild N",6,"A3",0.000607758863028403
"WN_12","Wild N",6,"A4",0.0188802924738858
"WN_12","Wild N",6,"A5",0.0565224569911139
"WN_12","Wild N",6,"A6",0.0544842553000123
"WN_13","Wild N",6,"A1",0.830691359077582
"WN_13","Wild N",6,"A2",0.026789502129883
"WN_13","Wild N",6,"A3",0.0671946690356393
"WN_13","Wild N",6,"A4",0.0137703330015615
"WN_13","Wild N",6,"A5",0.00993465635970349
"WN_13","Wild N",6,"A6",0.0516194803956303
"WN_14","Wild N",6,"A1",0.809483022904473
"WN_14","Wild N",6,"A2",0.0820289170289765
"WN_14","Wild N",6,"A3",0.0425938749830919
"WN_14","Wild N",6,"A4",0.0378407089792548
"WN_14","Wild N",6,"A5",0.00592053859731602
"WN_14","Wild N",6,"A6",0.0221329375068874
"WN_15","Wild N",6,"A1",0.813140805945466
"WN_15","Wild N",6,"A2",0.0420530485111615
"WN_15","Wild N",6,"A3",0.0111359174521661
"WN_15","Wild N",6,"A4",0.0206005019017509
"WN_15","Wild N",6,"A5",0.108921187533203
"WN_15","Wild N",6,"A6",0.00414853865625215
"WN_16","Wild N",6,"A1",0.705303391365839
"WN_16","Wild N",6,"A2",0.0155692404075726
"WN_16","Wild N",6,"A3",0.166803563026242
"WN_16","Wild N",6,"A4",0.0256017484826988
"WN_16","Wild N",6,"A5",0.0368931587343394
"WN_16","Wild N",6,"A6",0.0498288979833079
"WN_17","Wild N",6,"A1",0.769679074340011
"WN_17","Wild N",6,"A2",0.0686575072658508
"WN_17","Wild N",6,"A3",0.0310412844450876
"WN_17","Wild N",6,"A4",0.115199021303055
"WN_17","Wild N",6,"A5",0.0147460345054386
"WN_17","Wild N",6,"A6",0.000677078140557844
"WN_18","Wild N",6,"A1",0.919879951661329
"WN_18","Wild N",6,"A2",0.0386345608393416
"WN_18","Wild N",6,"A3",0.015481172787077
"WN_18","Wild N",6,"A4",0.00758970814204133
"WN_18","Wild N",6,"A5",0.00639152973091193
"WN_18","Wild N",6,"A6",0.012023076839299
"WN_19","Wild N",6,"A1",0.681813274866152
"WN_19","Wild N",6,"A2",0.0638849216857
"WN_19","Wild N",6,"A3",0.0936199185007223
"WN_19","Wild N",6,"A4",0.0743508735173149
"WN_19","Wild N",6,"A5",0.0823648118129015
"WN_19","Wild N",6,"A6",0.00396619961720922
"WN_20","Wild N",6,"A1",0.811736570682828
"WN_20","Wild N",6,"A2",0.0691957495898811
"WN_20","Wild N",6,"A3",0.00478198453468028
"WN_20","Wild N",6,"A4",0.0276930912101726
"WN_20","Wild N",6,"A5",0.0245300860539997
"WN_20","Wild N",6,"A6",0.0620625179284385
"WS_01","Wild S",6,"A1",0.0396218738793667
"WS_01","Wild S",6,"A2",0.613617341046664
"WS_01","Wild S",6,"A3",0.0091740359629242
"WS_01","Wild S",6,"A4",0.124776493339206
"WS_01","Wild S",6,"A5",0.109563978384531
"WS_01","Wild S",6,"A6",0.103246277387309
"WS_02","Wild S",6,"A1",0.00717238925093864
"WS_02","Wild S",6,"A2",0.786441134775506
"WS_02","Wild S",6,"A3",0.0579802291575363
"WS_02","Wild S",6,"A4",0.00823254746425973
"WS_02","Wild S",6,"A5",0.0156506269157141
"WS_02","Wild S",6,"A6",0.124523072436045
"WS_03","Wild S",6,"A1",0.0642171794557828
"WS_03","Wild S",6,"A2",0.666249608193832
"WS_03","Wild S",6,"A3",0.0361932916536857
"WS_03","Wild S",6,"A4",0.137188940157411
"WS_03","Wild S",6,"A5",0.0831016193528376
"WS_03","Wild S",6,"A6",0.013049361186451
"WS_04","Wild S",6,"A1",0.100036554020932
"WS_04","Wild S",6,"A2",0.742730051917813
"WS_04","Wild S",6,"A3",0.0436899306226466
"WS_04","Wild S",6,"A4",0.0299833600310034
"WS_04","Wild S",6,"A5",0.0648922750085577
"WS_04","Wild S",6,"A6",0.0186678283990472
"WS_05","Wild S",6,"A1",0.13705481648084
"WS_05","Wild S",6,"A2",0.560885313222052
"WS_05","Wild S",6,"A3",0.173883108332035
"WS_05","Wild S",6,"A4",0.082885357004415
"WS_05","Wild S",6,"A5",0.00582303949071221
"WS_05","Wild S",6,"A6",0.0394683654699457
"WS_06","Wild S",6,"A1",0.144561789504004
"WS_06","Wild S",6,"A2",0.697522425018767
"WS_06","Wild S",6,"A3",0.0190943287926521
"WS_06","Wild S",6,"A4",0.0564690555073089
"WS_06","Wild S",6,"A5",0.0544322903039633
"WS_06","Wild S",6,"A6",0.0279201108733043
"WS_07","Wild S",6,"A1",0.17627415771654
"WS_07","Wild S",6,"A2",0.648186164871501
"WS_07","Wild S",6,"A3",0.0284023838760941
"WS_07","Wild S",6,"A4",0.0362076186117086
"WS_07","Wild S",6,"A5",0.0530911957151899
"WS_07","Wild S",6,"A6",0.0578384792089658
"WS_08","Wild S",6,"A1",0.117865484976941
"WS_08","Wild S",6,"A2",0.527463768872603
"WS_08","Wild S",6,"A3",0.0656318744759601
"WS_08","Wild S",6,"A4",0.0626155098606699
"WS_08","Wild S",6,"A5",0.207774047705626
"WS_08","Wild S",6,"A6",0.0186493141082005
"WS_09","Wild S",6,"A1",0.103505222095504
"WS_09","Wild S",6,"A2",0.598524345328048
"WS_09","Wild S",6,"A3",0.0670317765904037
"WS_09","Wild S",6,"A4",0.0362240355574114
"WS_09","Wild S",6,"A5",0.175608861295567
"WS_09","Wild S",6,"A6",0.0191057591330666
"WS_10","Wild S",6,"A1",0.112974128287822
"WS_10","Wild S",6,"A2",0.542192209264969
"WS_10","Wild S",6,"A3",0.161187698543586
"WS_10","Wild S",6,"A4",0.0263216876370722
"WS_10","Wild S",6,"A5",0.137784595438389
"WS_10","Wild S",6,"A6",0.0195396808281616
"WS_11","Wild S",6,"A1",0.0744833369333699
"WS_11","Wild S",6,"A2",0.674656512251699
"WS_11","Wild S",6,"A3",0.222916156815472
"WS_11","Wild S",6,"A4",0.00619823053852841
"WS_11","Wild S",6,"A5",0.00811186599267754
"WS_11","Wild S",6,"A6",0.013633897468253
"WS_12","Wild S",6,"A1",0.0563385818270175
"WS_12","Wild S",6,"A2",0.733454958814222
"WS_12","Wild S",6,"A3",0.0787731545074532
"WS_12","Wild S",6,"A4",0.0704595976869636
"WS_12","Wild S",6,"A5",0.0474280954823258
"WS_12","Wild S",6,"A6",0.0135456116820175
"WS_13","Wild S",6,"A1",0.01385426158659
"WS_13","Wild S",6,"A2",0.793915832561885
"WS_13","Wild S",6,"A3",0.109015139708157
"WS_13","Wild S",6,"A4",0.00644800763388226
"WS_13","Wild S",6,"A5",0.0131118696259737
"WS_13","Wild S",6,"A6",0.0636548888835122
"WS_14","Wild S",6,"A1",0.0521036437076601
"WS_14","Wild S",6,"A2",0.589395872188333
"WS_14","Wild S",6,"A3",0.134258096522806
"WS_14","Wild S",6,"A4",0.0601501403946872
"WS_14","Wild S",6,"A5",0.0481393560164287
"WS_14","Wild S",6,"A6",0.115952891170085
"WS_15","Wild S",6,"A1",0.00305670035293516
"WS_15","Wild S",6,"A2",0.837940127776881
"WS_15","Wild S",6,"A3",0.0231303324540586
"WS_15","Wild S",6,"A4",0.00847910333069868
"WS_15","Wild S",6,"A5",0.0501901469968962
"WS_15","Wild S",6,"A6",0.0772035890885302
"WS_16","Wild S",6,"A1",0.0902396149883795
"WS_16","Wild S",6,"A2",0.638653699136413
"WS_16","Wild S",6,"A3",0.100554267996522
"WS_16","Wild S",6,"A4",0.106442083795999
"WS_16","Wild S",6,"A5",0.0259675472413447
"WS_16","Wild S",6,"A6",0.0381427868413428
"WS_17","Wild S",6,"A1",0.0943212114812608
"WS_17","Wild S",6,"A2",0.457530695195526
"WS_17","Wild S",6,"A3",0.130360140960271
"WS_17","Wild S",6,"A4",0.13656646671182
"WS_17","Wild S",6,"A5",0.0771346590665912
"WS_17","Wild S",6,"A6",0.104086826584532
"WS_18","Wild S",6,"A1",0.0274729537715614
"WS_18","Wild S",6,"A2",0.722828401924463
"WS_18","Wild S",6,"A3",0.129158532700578
"WS_18","Wild S",6,"A4",0.0629111912060492
"WS_18","Wild S",6,"A5",0.0145028877358354
"WS_18","Wild S",6,"A6",0.0431260326615127
"WS_19","Wild S",6,"A1",0.06889650637144
"WS_19","Wild S",6,"A2",0.823052642486478
"WS_19","Wild S",6,"A3",0.0489807942854578
"WS_19","Wild S",6,"A4",0.00958824762649245
"WS_19","Wild S",6,"A5",0.00942052264961006
"WS_19","Wild S",6,"A6",0.0400612865805213
"WS_20","Wild S",6,"A1",0.0351788949440511
"WS_20","Wild S",6,"A2",0.68357679497747
"WS_20","Wild S",6,"A3",0.171968033150849
"WS_20","Wild S",6,"A4",0.0490941222607563
"WS_20","Wild S",6,"A5",0.029346967052395
"WS_20","Wild S",6,"A6",0.0308351876144787
"LE_01","Landrace E",6,"A1",0.0167694130426054
"LE_01","Landrace E",6,"A2",0.0609709114080542
"LE_01","Landrace E",6,"A3",0.698741407725642
"LE_01","Landrace E",6,"A4",0.119906894713817
"LE_01","Landrace E",6,"A5",0.0535591844693839
"LE_01","Landrace E",6,"A6",0.0500521886404975
"LE_02","Landrace E",6,"A1",0.0132792830464237
"LE_02","Landrace E",6,"A2",0.0581786781118147
"LE_02","Landrace E",6,"A3",0.760897342570481
"LE_02","Landrace E",6,"A4",0.155401292847338
"LE_02","Landrace E",6,"A5",0.00375773873767221
"LE_02","Landrace E",6,"A6",0.00848566468627053
"LE_03","Landrace E",6,"A1",0.0408759745671813
"LE_03","Landrace E",6,"A2",0.0235867273852235
"LE_03","Landrace E",6,"A3",0.643088558842965
"LE_03","Landrace E",6,"A4",0.134953997017125
"LE_03","Landrace E",6,"A5",0.128200953435043
"LE_03","Landrace E",6,"A6",0.0292937887524618
"LE_04","Landrace E",6,"A1",0.0421500088852552
"LE_04","Landrace E",6,"A2",0.0389548530787815
"LE_04","Landrace E",6,"A3",0.674931519829438
"LE_04","Landrace E",6,"A4",0.129601259665957
"LE_04","Landrace E",6,"A5",0.0471352670077606
"LE_04","Landrace E",6,"A6",0.0672270915328068
"LE_05","Landrace E",6,"A1",0.0291881735110157
"LE_05","Landrace E",6,"A2",0.103984805447727
"LE_05","Landrace E",6,"A3",0.662680046801302
"LE_05","Landrace E",6,"A4",0.058853690830025
"LE_05","Landrace E",6,"A5",0.040580260040425
"LE_05","Landrace E",6,"A6",0.104713023369505
"LE_06","Landrace E",6,"A1",0.0373372534092365
"LE_06","Landrace E",6,"A2",0.0383048341455456
"LE_06","Landrace E",6,"A3",0.67477738020924
"LE_06","Landrace E",6,"A4",0.060311754912429
"LE_06","Landrace E",6,"A5",0.162840582706181
"LE_06","Landrace E",6,"A6",0.026428194617368
"LE_07","Landrace E",6,"A1",0.089428526426678
"LE_07","Landrace E",6,"A2",0.103083757403467
"LE_07","Landrace E",6,"A3",0.524310951902923
"LE_07","Landrace E",6,"A4",0.128510653584465
"LE_07","Landrace E",6,"A5",0.0720479796990973
"LE_07","Landrace E",6,"A6",0.0826181309833698
"LE_08","Landrace E",6,"A1",0.0148584915299654
"LE_08","Landrace E",6,"A2",0.191103505222144
"LE_08","Landrace E",6,"A3",0.500200551602333
"LE_08","Landrace E",6,"A4",0.122670022061032
"LE_08","Landrace E",6,"A5",0.0739550388503067
"LE_08","Landrace E",6,"A6",0.0972123907342196
"LE_09","Landrace E",6,"A1",0.0241564802650045
"LE_09","Landrace E",6,"A2",0.0264339721736467
"LE_09","Landrace E",6,"A3",0.636718445794965
"LE_09","Landrace E",6,"A4",0.147093350554301
"LE_09","Landrace E",6,"A5",0.120692629979998
"LE_09","Landrace E",6,"A6",0.0449051212320846
"LE_10","Landrace E",6,"A1",0.0265859903562694
"LE_10","Landrace E",6,"A2",0.0382442457355512
"LE_10","Landrace E",6,"A3",0.863831432891485
"LE_10","Landrace E",6,"A4",0.0271617781143455
"LE_10","Landrace E",6,"A5",0.0150411685948518
"LE_10","Landrace E",6,"A6",0.0291353843074968
"LE_11","Landrace E",6,"A1",0.0604902757073912
"LE_11","Landrace E",6,"A2",0.122770567039006
"LE_11","Landrace E",6,"A3",0.661758996385041
"LE_11","Landrace E",6,"A4",0.0687511953615927
"LE_11","Landrace E",6,"A5",0.0248943315427761
"LE_11","Landrace E",6,"A6",0.0613346339641932
"LE_12","Landrace E",6,"A1",0.127709764063562
"LE_12","Landrace E",6,"A2",0.10066818590034
"LE_12","Landrace E",6,"A3",0.634364803281144
"LE_12","Landrace E",6,"A4",0.0458835525584337
"LE_12","Landrace E",6,"A5",0.0271076577636755
"LE_12","Landrace E",6,"A6",0.0642660364328451
"LE_13","Landrace E",6,"A1",0.0372843275270688
"LE_13","Landrace E",6,"A2",0.0938561773887136
"LE_13","Landrace E",6,"A3",0.750885068092642
"LE_13","Landrace E",6,"A4",0.0181445285884963
"LE_13","Landrace E",6,"A5",0.0887156487307687
"LE_13","Landrace E",6,"A6",0.0111142496723104
"LE_14","Landrace E",6,"A1",0.0270690001046179
"LE_14","Landrace E",6,"A2",0.0234594657101344
"LE_14","Landrace E",6,"A3",0.726599112318494
"LE_14","Landrace E",6,"A4",0.142061830545432
"LE_14","Landrace E",6,"A5",0.0259036586928026
"LE_14","Landrace E",6,"A6",0.0549069326285198
"LE_15","Landrace E",6,"A1",0.0135095823638612
"LE_15","Landrace E",6,"A2",0.14832811668694
"LE_15","Landrace E",6,"A3",0.652651068179473
"LE_15","Landrace E",6,"A4",0.0374643289181463
"LE_15","Landrace E",6,"A5",0.111154993586969
"LE_15","Landrace E",6,"A6",0.0368919102646112
"LE_16","Landrace E",6,"A1",0.0432926841450158
"LE_16","Landrace E",6,"A2",0.104145747002077
"LE_16","Landrace E",6,"A3",0.631462454914223
"LE_16","Landrace E",6,"A4",0.11638217648198
"LE_16","Landrace E",6,"A5",0.0596760764105227
"LE_16","Landrace E",6,"A6",0.0450408610461817
"LE_17","Landrace E",6,"A1",0.120373135273328
"LE_17","Landrace E",6,"A2",0.0655779610826297
"LE_17","Landrace E",6,"A3",0.487692478652047
"LE_17","Landrace E",6,"A4",0.1775323837534
"LE_17","Landrace E",6,"A5",0.0818938509945169
"LE_17","Landrace E",6,"A6",0.0669301902440785
"LE_18","Landrace E",6,"A1",0.100498196131583
"LE_18","Landrace E",6,"A2",0.0999853860156711
"LE_18","Landrace E",6,"A3",0.666401603658029
"LE_18","Landrace E",6,"A4",0.0486445247249779
"LE_18","Landrace E",6,"A5",0.0199244747430392
"LE_18","Landrace E",6,"A6",0.0645458147267002
"LE_19","Landrace E",6,"A1",0.0730513315672395
"LE_19","Landrace E",6,"A2",0.0196033337238921
"LE_19","Landrace E",6,"A3",0.630753019947504
"LE_19","Landrace E",6,"A4",0.132970328861142
"LE_19","Landrace E",6,"A5",0.0771928621197115
"LE_19","Landrace E",6,"A6",0.0664291237805109
"LE_20","Landrace E",6,"A1",0.09733699390768
"LE_20","Landrace E",6,"A2",0.0479067257063941
"LE_20","Landrace E",6,"A3",0.617171975390092
"LE_20","Landrace E",6,"A4",0.124039106863083
"LE_20","Landrace E",6,"A5",0.0966306137455357
"LE_20","Landrace E",6,"A6",0.0169145843872154
"LW_01","Landrace W",6,"A1",0.0663468943439821
"LW_01","Landrace W",6,"A2",0.121685048223793
"LW_01","Landrace W",6,"A3",0.184622253287382
"LW_01","Landrace W",6,"A4",0.590782792139651
"LW_01","Landrace W",6,"A5",0.0234593044093447
"LW_01","Landrace W",6,"A6",0.0131037075958468
"LW_02","Landrace W",6,"A1",0.125661363408422
"LW_02","Landrace W",6,"A2",0.102605600221962
"LW_02","Landrace W",6,"A3",0.166587688339485
"LW_02","Landrace W",6,"A4",0.439095715352464
"LW_02","Landrace W",6,"A5",0.118202505450717
"LW_02","Landrace W",6,"A6",0.0478471272269506
"LW_03","Landrace W",6,"A1",0.0450910362071289
"LW_03","Landrace W",6,"A2",0.0515765249716133
"LW_03","Landrace W",6,"A3",0.0544331688952345
"LW_03","Landrace W",6,"A4",0.664918334409123
"LW_03","Landrace W",6,"A5",0.0534274859361298
"LW_03","Landrace W",6,"A6",0.13055344958077
"LW_04","Landrace W",6,"A1",0.102240533814745
"LW_04","Landrace W",6,"A2",0.110047312799075
"LW_04","Landrace W",6,"A3",0.0332580293203741
"LW_04","Landrace W",6,"A4",0.430618273932408
"LW_04","Landrace W",6,"A5",0.206206241817242
"LW_04","Landrace W",6,"A6",0.117629608316156
"LW_05","Landrace W",6,"A1",0.156347041410034
"LW_05","Landrace W",6,"A2",0.190997387839857
"LW_05","Landrace W",6,"A3",0.157234134359693
"LW_05","Landrace W",6,"A4",0.363461411713755
"LW_05","Landrace W",6,"A5",0.0876498997137314
"LW_05","Landrace W",6,"A6",0.0443101249629296
"LW_06","Landrace W",6,"A1",0.209677686280252
"LW_06","Landrace W",6,"A2",0.0290009318249566
"LW_06","Landrace W",6,"A3",0.0997015110315
"LW_06","Landrace W",6,"A4",0.487824930886398
"LW_06","Landrace W",6,"A5",0.166353502603218
"LW_06","Landrace W",6,"A6",0.0074414373736756
"LW_07","Landrace W",6,"A1",0.119748993475352
"LW_07","Landrace W",6,"A2",0.0259555750397138
"LW_07","Landrace W",6,"A3",0.145497307300593
"LW_07","Landrace W",6,"A4",0.518359028730639
"LW_07","Landrace W",6,"A5",0.122155324534654
"LW_07","Landrace W",6,"A6",0.0682837709190472
"LW_08","Landrace W",6,"A1",0.0625614070891487
"LW_08","Landrace W",6,"A2",0.0286384482696289
"LW_08","Landrace W",6,"A3",0.306332582232474
"LW_08","Landrace W",6,"A4",0.245953144589149
"LW_08","Landrace W",6,"A5",0.0680004149113903
"LW_08","Landrace W",6,"A6",0.288514002908209
"LW_09","Landrace W",6,"A1",0.0273600165983507
"LW_09","Landrace W",6,"A2",0.0758520487883106
"LW_09","Landrace W",6,"A3",0.0926400506039597
"LW_09","Landrace W",6,"A4",0.651833814790985
"LW_09","Landrace W",6,"A5",0.103516290808136
"LW_09","Landrace W",6,"A6",0.0487977784102575
"LW_10","Landrace W",6,"A1",0.13314782696534
"LW_10","Landrace W",6,"A2",0.105423864749011
"LW_10","Landrace W",6,"A3",0.33105494831452
"LW_10","Landrace W",6,"A4",0.307472257459981
"LW_10","Landrace W",6,"A5",0.109639408652596
"LW_10","Landrace W",6,"A6",0.0132616938585519
"LW_11","Landrace W",6,"A1",0.103532561161117
"LW_11","Landrace W",6,"A2",0.0567471880274931
"LW_11","Landrace W",6,"A3",0.0945017452172173
"LW_11","Landrace W",6,"A4",0.316884375411836
"LW_11","Landrace W",6,"A5",0.259557919631249
"LW_11","Landrace W",6,"A6",0.168776210551087
"LW_12","Landrace W",6,"A1",0.00942308694229481
"LW_12","Landrace W",6,"A2",0.0825859863935477
"LW_12","Landrace W",6,"A3",0.0504145799944255
"LW_12","Landrace W",6,"A4",0.454481079019609
"LW_12","Landrace W",6,"A5",0.310206444719759
"LW_12","Landrace W",6,"A6",0.0928888229303638
"LW_13","Landrace W",6,"A1",0.136297463624153
"LW_13","Landrace W",6,"A2",0.170293186106337
"LW_13","Landrace W",6,"A3",0.320497847210796
"LW_13","Landrace W",6,"A4",0.320462351082776
"LW_13","Landrace W",6,"A5",0.00652660966621567
"LW_13","Landrace W",6,"A6",0.0459225423097213
"LW_14","Landrace W",6,"A1",0.0952492851524929
"LW_14","Landrace W",6,"A2",0.178427537280962
"LW_14","Landrace W",6,"A3",0.0193519168508302
"LW_14","Landrace W",6,"A4",0.596939256042223
"LW_14","Landrace W",6,"A5",0.0429223776390981
"LW_14","Landrace W",6,"A6",0.0671096270343935
"LW_15","Landrace W",6,"A1",0.0608495205191475
"LW_15","Landrace W",6,"A2",0.151373103346673
"LW_15","Landrace W",6,"A3",0.0691805135511781
"LW_15","Landrace W",6,"A4",0.594958967101779
"LW_15","Landrace W",6,"A5",0.08737796465495
"LW_15","Landrace W",6,"A6",0.0362599308262724
"LW_16","Landrace W",6,"A1",0.0326619130860338
"LW_16","Landrace W",6,"A2",0.120622680754077
"LW_16","Landrace W",6,"A3",0.107847528161607
"LW_16","Landrace W",6,"A4",0.387093191873705
"LW_16","Landrace W",6,"A5",0.22879503461344
"LW_16","Landrace W",6,"A6",0.122979651511137
"LW_17","Landrace W",6,"A1",0.0560672641486929
"LW_17","Landrace W",6,"A2",0.106913855761618
"LW_17","Landrace W",6,"A3",0.170727963874752
"LW_17","Landrace W",6,"A4",0.500302651401025
"LW_17","Landrace W",6,"A5",0.147718798859115
"LW_17","Landrace W",6,"A6",0.0182694659547972
"LW_18","Landrace W",6,"A1",0.176852492413063
"LW_18","Landrace W",6,"A2",0.145642264489111
"LW_18","Landrace W",6,"A3",0.226294833352896
"LW_18","Landrace W",6,"A4",0.360158289155248
"LW_18","Landrace W",6,"A5",0.0607541274351549
"LW_18","Landrace W",6,"A6",0.0302979931545266
"LW_19","Landrace W",6,"A1",0.344589230543354
"LW_19","Landrace W",6,"A2",0.0103824008235951
"LW_19","Landrace W",6,"A3",0.0459743428395385
"LW_19","Landrace W",6,"A4",0.35569100676653
"LW_19","Landrace W",6,"A5",0.0777897231657075
"LW_19","Landrace W",6,"A6",0.165573295861275
"LW_20","Landrace W",6,"A1",0.0255723333978027
"LW_20","Landrace W",6,"A2",0.0766154736524326
"LW_20","Landrace W",6,"A3",0.029024938763348
"LW_20","Landrace W",6,"A4",0.481828352799467
"LW_20","Landrace W",6,"A5",0.0644476697621192
"LW_20","Landrace W",6,"A6",0.32251123162483
"CA_01","Cultivar A",6,"A1",7.30553562890401e-05
"CA_01","Cultivar A",6,"A2",0.0332198754512769
"CA_01","Cultivar A",6,"A3",0.0497410966929468
"CA_01","Cultivar A",6,"A4",0.0266645734120367
"CA_01","Cultivar A",6,"A5",0.823085764503611
"CA_01","Cultivar A",6,"A6",0.0672156345838394
"CA_02","Cultivar A",6,"A1",0.0204054892248073
"CA_02","Cultivar A",6,"A2",0.00603459694677483
"CA_02","Cultivar A",6,"A3",0.0487648448194126
"CA_02","Cultivar A",6,"A4",0.0247817349932983
"CA_02","Cultivar A",6,"A5",0.661418927139554
"CA_02","Cultivar A",6,"A6",0.238594406876152
"CA_03","Cultivar A",6,"A1",0.0178488451024566
"CA_03","Cultivar A",6,"A2",0.00899576872229809
"CA_03","Cultivar A",6,"A3",0.0810824420880283
"CA_03","Cultivar A",6,"A4",0.103460636521926
"CA_03","Cultivar A",6,"A5",0.677334451998227
"CA_03","Cultivar A",6,"A6",0.111277855567064
"CA_04","Cultivar A",6,"A1",0.0211621704612184
"CA_04","Cultivar A",6,"A2",0.0315787826032512
"CA_04","Cultivar A",6,"A3",0.081146543961464
"CA_04","Cultivar A",6,"A4",0.0272098976329926
"CA_04","Cultivar A",6,"A5",0.779655508745291
"CA_04","Cultivar A",6,"A6",0.0592470965957828
"CA_05","Cultivar A",6,"A1",0.0482491940862892
"CA_05","Cultivar A",6,"A2",0.0146349171093391
"CA_05","Cultivar A",6,"A3",0.10124948326733
"CA_05","Cultivar A",6,"A4",0.10205570313711
"CA_05","Cultivar A",6,"A5",0.638768616774817
"CA_05","Cultivar A",6,"A6",0.0950420856251145
"CA_06","Cultivar A",6,"A1",0.013721220647841
"CA_06","Cultivar A",6,"A2",0.00745749082275395
"CA_06","Cultivar A",6,"A3",0.00855804619525722
"CA_06","Cultivar A",6,"A4",0.131767903796858
"CA_06","Cultivar A",6,"A5",0.795282825808925
"CA_06","Cultivar A",6,"A6",0.0432125127283652
"CA_07","Cultivar A",6,"A1",0.0205414224442385
"CA_07","Cultivar A",6,"A2",0.0335373379376968
"CA_07","Cultivar A",6,"A3",0.119709085725662
"CA_07","Cultivar A",6,"A4",0.012950334570839
"CA_07","Cultivar A",6,"A5",0.763553712559174
"CA_07","Cultivar A",6,"A6",0.04970810676239
"CA_08","Cultivar A",6,"A1",0.00646081825055183
"CA_08","Cultivar A",6,"A2",0.0118893581900612
"CA_08","Cultivar A",6,"A3",0.043432910529888
"CA_08","Cultivar A",6,"A4",0.0586184003254015
"CA_08","Cultivar A",6,"A5",0.782069049395373
"CA_08","Cultivar A",6,"A6",0.0975294633087241
"CA_09","Cultivar A",6,"A1",0.00756037957308902
"CA_09","Cultivar A",6,"A2",0.0774790170450723
"CA_09","Cultivar A",6,"A3",0.0373176768470897
"CA_09","Cultivar A",6,"A4",0.0899886358022707
"CA_09","Cultivar A",6,"A5",0.708562945878296
"CA_09","Cultivar A",6,"A6",0.0790913448541826
"CA_10","Cultivar A",6,"A1",0.0055667992562673
"CA_10","Cultivar A",6,"A2",0.0248440235691759
"CA_10","Cultivar A",6,"A3",0.132826224341349
"CA_10","Cultivar A",6,"A4",0.0336287808385459
"CA_10","Cultivar A",6,"A5",0.696645249620728
"CA_10","Cultivar A",6,"A6",0.106488922373934
"CA_11","Cultivar A",6,"A1",0.0368870302627192
"CA_11","Cultivar A",6,"A2",0.0378386190494261
"CA_11","Cultivar A",6,"A3",0.042739048047768
"CA_11","Cultivar A",6,"A4",0.0399263769964841
"CA_11","Cultivar A",6,"A5",0.745105502442721
"CA_11","Cultivar A",6,"A6",0.0975034232008813
"CA_12","Cultivar A",6,"A1",0.0678700026712496
"CA_12","Cultivar A",6,"A2",0.0389943628328652
"CA_12","Cultivar A",6,"A3",0.0170099295289453
"CA_12","Cultivar A",6,"A4",0.026232813863287
"CA_12","Cultivar A",6,"A5",0.77494803637961
"CA_12","Cultivar A",6,"A6",0.0749448547240425
"CA_13","Cultivar A",6,"A1",0.0224696466393022
"CA_13","Cultivar A",6,"A2",0.0807296940198459
"CA_13","Cultivar A",6,"A3",0.0662738202053291
"CA_13","Cultivar A",6,"A4",0.0783284627512267
"CA_13","Cultivar A",6,"A5",0.674120379444992
"CA_13","Cultivar A",6,"A6",0.0780779969393043
"CA_14","Cultivar A",6,"A1",0.0319485591257941
"CA_14","Cultivar A",6,"A2",0.0742716250501316
"CA_14","Cultivar A",6,"A3",0.0182882207673228
"CA_14","Cultivar A",6,"A4",0.0680185633684618
"CA_14","Cultivar A",6,"A5",0.637627099605294
"CA_14","Cultivar A",6,"A6",0.169845932082996
"CA_15","Cultivar A",6,"A1",0.0223024856621801
"CA_15","Cultivar A",6,"A2",0.00132510785266276
"CA_15","Cultivar A",6,"A3",0.0459464198430589
"CA_15","Cultivar A",6,"A4",0.0523189401511456
"CA_15","Cultivar A",6,"A5",0.740829094304109
"CA_15","Cultivar A",6,"A6",0.137277952186843
"CA_16","Cultivar A",6,"A1",0.00354876862964698
"CA_16","Cultivar A",6,"A2",0.00694170697086106
"CA_16","Cultivar A",6,"A3",0.0367559575233917
"CA_16","Cultivar A",6,"A4",0.0376480619155194
"CA_16","Cultivar A",6,"A5",0.79262424120496
"CA_16","Cultivar A",6,"A6",0.122481263755621
"CA_17","Cultivar A",6,"A1",0.0261487226883301
"CA_17","Cultivar A",6,"A2",0.0229533005210603
"CA_17","Cultivar A",6,"A3",0.0757309653557857
"CA_17","Cultivar A",6,"A4",0.0149352164922421
"CA_17","Cultivar A",6,"A5",0.790089054291226
"CA_17","Cultivar A",6,"A6",0.0701427406513556
"CA_18","Cultivar A",6,"A1",0.0265222430114023
"CA_18","Cultivar A",6,"A2",0.00156455070433778
"CA_18","Cultivar A",6,"A3",0.0514955651031709
"CA_18","Cultivar A",6,"A4",0.0543625840981833
"CA_18","Cultivar A",6,"A5",0.833504299953811
"CA_18","Cultivar A",6,"A6",0.032550757129095
"CA_19","Cultivar A",6,"A1",0.0228958426856507
"CA_19","Cultivar A",6,"A2",0.0531419177933427
"CA_19","Cultivar A",6,"A3",0.0130329111708538
"CA_19","Cultivar A",6,"A4",0.0128197687824557
"CA_19","Cultivar A",6,"A5",0.84944428534492
"CA_19","Cultivar A",6,"A6",0.0486652742227769
"CA_20","Cultivar A",6,"A1",0.0172604584945848
"CA_20","Cultivar A",6,"A2",0.055906303065723
"CA_20","Cultivar A",6,"A3",0.0712340741656735
"CA_20","Cultivar A",6,"A4",0.0157379288521796
"CA_20","Cultivar A",6,"A5",0.716020180635507
"CA_20","Cultivar A",6,"A6",0.123841054786332
"CB_01","Cultivar B",6,"A1",0.0223776098771593
"CB_01","Cultivar B",6,"A2",0.0662116648268302
"CB_01","Cultivar B",6,"A3",0.0662992964437965
"CB_01","Cultivar B",6,"A4",0.118318354207893
"CB_01","Cultivar B",6,"A5",0.0427016258226754
"CB_01","Cultivar B",6,"A6",0.684091448821646
"CB_02","Cultivar B",6,"A1",0.0791621572139037
"CB_02","Cultivar B",6,"A2",0.0373196526645448
"CB_02","Cultivar B",6,"A3",0.13037562940561
"CB_02","Cultivar B",6,"A4",0.0515190344108542
"CB_02","Cultivar B",6,"A5",0.0490811575388671
"CB_02","Cultivar B",6,"A6",0.652542368766221
"CB_03","Cultivar B",6,"A1",0.088118982093746
"CB_03","Cultivar B",6,"A2",0.0171237881113882
"CB_03","Cultivar B",6,"A3",0.0453509759879798
"CB_03","Cultivar B",6,"A4",0.0450352509926234
"CB_03","Cultivar B",6,"A5",0.0698746743691814
"CB_03","Cultivar B",6,"A6",0.734496328445081
"CB_04","Cultivar B",6,"A1",0.0623813021724252
"CB_04","Cultivar B",6,"A2",0.00930322144444406
"CB_04","Cultivar B",6,"A3",0.0802304452864026
"CB_04","Cultivar B",6,"A4",0.162714639738448
"CB_04","Cultivar B",6,"A5",0.102042180459416
"CB_04","Cultivar B",6,"A6",0.583328210898864
"CB_05","Cultivar B",6,"A1",0.0651691208814979
"CB_05","Cultivar B",6,"A2",0.00797307781777508
"CB_05","Cultivar B",6,"A3",0.0527943667078113
"CB_05","Cultivar B",6,"A4",0.0907822470897824
"CB_05","Cultivar B",6,"A5",0.11086837535246
"CB_05","Cultivar B",6,"A6",0.672412812150674
"CB_06","Cultivar B",6,"A1",0.00401480631631087
"CB_06","Cultivar B",6,"A2",0.0556138036675478
"CB_06","Cultivar B",6,"A3",0.0184532246000543
"CB_06","Cultivar B",6,"A4",0.223987715106895
"CB_06","Cultivar B",6,"A5",0.109418339241109
"CB_06","Cultivar B",6,"A6",0.588512111068083
"CB_07","Cultivar B",6,"A1",0.1373671693228
"CB_07","Cultivar B",6,"A2",0.0185693194858534
"CB_07","Cultivar B",6,"A3",0.0494112140573449
"CB_07","Cultivar B",6,"A4",0.0357308400366807
"CB_07","Cultivar B",6,"A5",0.0948901997772547
"CB_07","Cultivar B",6,"A6",0.664031257320066
"CB_08","Cultivar B",6,"A1",0.00336238834778809
"CB_08","Cultivar B",6,"A2",0.0486996906753544
"CB_08","Cultivar B",6,"A3",0.0240174009916919
"CB_08","Cultivar B",6,"A4",0.0650723043817196
"CB_08","Cultivar B",6,"A5",0.17848656080501
"CB_08","Cultivar B",6,"A6",0.680361654798436
"CB_09","Cultivar B",6,"A1",0.0426739822226291
"CB_09","Cultivar B",6,"A2",0.0563689900295113
"CB_09","Cultivar B",6,"A3",0.0116481230140701
"CB_09","Cultivar B",6,"A4",0.0459586059014337
"CB_09","Cultivar B",6,"A5",0.0902443826530617
"CB_09","Cultivar B",6,"A6",0.753105916179294
"CB_10","Cultivar B",6,"A1",0.0160200457396953
"CB_10","Cultivar B",6,"A2",0.0652068917156537
"CB_10","Cultivar B",6,"A3",0.0667123502820196
"CB_10","Cultivar B",6,"A4",0.110811887536247
"CB_10","Cultivar B",6,"A5",0.11867444190237
"CB_10","Cultivar B",6,"A6",0.622574382824014
"CB_11","Cultivar B",6,"A1",0.0277258360511995
"CB_11","Cultivar B",6,"A2",0.146918553266883
"CB_11","Cultivar B",6,"A3",0.0305639500579522
"CB_11","Cultivar B",6,"A4",0.133341054165059
"CB_11","Cultivar B",6,"A5",0.0817273021837549
"CB_11","Cultivar B",6,"A6",0.579723304275151
"CB_12","Cultivar B",6,"A1",0.075538654010321
"CB_12","Cultivar B",6,"A2",0.0126802234702141
"CB_12","Cultivar B",6,"A3",0.0532318713023149
"CB_12","Cultivar B",6,"A4",0.0487110996285359
"CB_12","Cultivar B",6,"A5",0.107849423368275
"CB_12","Cultivar B",6,"A6",0.701988728220339
"CB_13","Cultivar B",6,"A1",0.0730459318417317
"CB_13","Cultivar B",6,"A2",0.0560570216892611
"CB_13","Cultivar B",6,"A3",0.0827124961182071
"CB_13","Cultivar B",6,"A4",0.0472729510851375
"CB_13","Cultivar B",6,"A5",0.150241125724616
"CB_13","Cultivar B",6,"A6",0.590670473541047
"CB_14","Cultivar B",6,"A1",0.0567083429444003
"CB_14","Cultivar B",6,"A2",0.0964141210282626
"CB_14","Cultivar B",6,"A3",0.0543582254637149
"CB_14","Cultivar B",6,"A4",0.0207818613990955
"CB_14","Cultivar B",6,"A5",0.0887516226655871
"CB_14","Cultivar B",6,"A6",0.68298582649894
"CB_15","Cultivar B",6,"A1",0.00360061048916748
"CB_15","Cultivar B",6,"A2",0.0118083069872714
"CB_15","Cultivar B",6,"A3",0.0421539598252986
"CB_15","Cultivar B",6,"A4",0.0962357801428327
"CB_15","Cultivar B",6,"A5",0.0354402234050836
"CB_15","Cultivar B",6,"A6",0.810761119150346
"CB_16","Cultivar B",6,"A1",0.00631077646343972
"CB_16","Cultivar B",6,"A2",0.0648898420304296
"CB_16","Cultivar B",6,"A3",0.0588345459409557
"CB_16","Cultivar B",6,"A4",0.0785744901701204
"CB_16","Cultivar B",6,"A5",0.0892377356995382
"CB_16","Cultivar B",6,"A6",0.702152609695516
"CB_17","Cultivar B",6,"A1",0.0446754814607202
"CB_17","Cultivar B",6,"A2",0.0121719803724373
"CB_17","Cultivar B",6,"A3",0.0747606747577055
"CB_17","Cultivar B",6,"A4",0.0368486950162004
"CB_17","Cultivar B",6,"A5",0.139775898588881
"CB_17","Cultivar B",6,"A6",0.691767269804055
"CB_18","Cultivar B",6,"A1",0.0174283187509403
"CB_18","Cultivar B",6,"A2",0.0251009715427165
"CB_18","Cultivar B",6,"A3",0.0131922478532948
"CB_18","Cultivar B",6,"A4",0.0523009771002861
"CB_18","Cultivar B",6,"A5",0.032450763650456
"CB_18","Cultivar B",6,"A6",0.859526721102306
"CB_19","Cultivar B",6,"A1",0.0296317448777177
"CB_19","Cultivar B",6,"A2",0.0733335829885812
"CB_19","Cultivar B",6,"A3",0.0132177262186787
"CB_19","Cultivar B",6,"A4",0.0197637865020697
"CB_19","Cultivar B",6,"A5",0.0888940028224808
"CB_19","Cultivar B",6,"A6",0.775159156590472
"CB_20","Cultivar B",6,"A1",0.0108419051987267
"CB_20","Cultivar B",6,"A2",0.0293895603618965
"CB_20","Cultivar B",6,"A3",0.108151476257764
"CB_20","Cultivar B",6,"A4",0.114200087282928
"CB_20","Cultivar B",6,"A5",0.0339389882933948
"CB_20","Cultivar B",6,"A6",0.70347798260529
