gene,base_mean,log2fc,pvalue
G1,3.31,-0.267,0.808
G2,3.29,0.901,0.414
G3,6.08,0.32,0.713
G4,723.36,-0.382,0.172
G5,57.67,0.03,0.944
G6,32.77,-0.654,0.19
G7,272.99,-0.351,0.268
G8,33.15,-0.198,0.691
G9,627.54,0.446,0.116
G10,415.29,-0.169,0.571
G11,118.68,0.08,0.827
G12,4.32,1.292,0.192
G13,15.05,0.606,0.338
G14,117.94,-0.724,0.0487
G15,5.48,-1.695,0.0606
G16,1.54,1.489,0.324
G17,39.73,0.114,0.81
G18,200.75,-0.388,0.244
G19,41.78,1.062,0.0231
G20,13.58,-0.801,0.221
G21,130.94,0.116,0.747
G22,209.9,0.005,0.988
G23,313.47,0.331,0.286
G24,65.61,-0.956,0.022
G25,121.08,0.195,0.594
G26,61.74,0.192,0.65
G27,16.74,0.621,0.31
G28,9.06,0.083,0.912
G29,7.62,-0.072,0.928
G30,119.7,-0.371,0.311
G31,49.28,-0.624,0.164
G32,660.09,0.186,0.51
G33,60.74,0.067,0.875
G34,5287.39,1.681,3.75e-12
G35,158.73,-0.302,0.384
G36,150.78,-0.825,0.0185
G37,23.75,0.147,0.789
G38,18.66,-0.22,0.709
G39,172.89,0.256,0.454
G40,125.65,-1.634,6.65e-06
G41,1.55,-1.06,0.481
G42,36.06,-0.267,0.583
G43,492.29,-0.164,0.575
G44,11.3,0.796,0.253
G45,57.95,0.155,0.719
G46,527.29,0.175,0.546
G47,97.6,0.673,0.0781
G48,60.12,0.336,0.431
G49,60.05,0.482,0.258
G50,52.35,-0.827,0.0608
G51,3090.36,0.31,0.213
G52,42.34,-0.376,0.42
G53,61.9,-0.15,0.723
G54,20.45,-0.658,0.251
G55,1407.49,0.262,0.319
G56,34.14,-1.472,0.00288
G57,198.33,-0.322,0.334
G58,31.8,-0.577,0.252
G59,8.11,1.061,0.175
G60,167.51,-0.235,0.494
G61,46.76,-0.136,0.765
G62,77.13,0.12,0.765
G63,85.43,-0.012,0.976
G64,47.07,-3.399,1e-12
G65,12.13,-0.71,0.296
G66,67.09,-0.802,0.0535
G67,28.62,1.003,0.0533
G68,584.78,-0.11,0.701
G69,240.02,0.1,0.757
G70,225.79,0.068,0.835
G71,208.07,0.028,0.933
G72,371.09,-0.107,0.724
G73,50.96,-0.507,0.254
G74,8.18,0.207,0.791
G75,47.29,0.182,0.688
G76,234.9,-0.008,0.98
G77,18.48,-0.646,0.275
G78,80.11,0.492,0.217
G79,305.19,0.814,0.00899
G80,12.42,0.338,0.616
G81,220.09,0.021,0.949
G82,75.46,0.6,0.138
G83,257.83,0.657,0.0398
G84,35.5,0.351,0.472
G85,3582.7,-0.469,0.0573
G86,47.11,0.023,0.96
G87,100.79,-0.321,0.397
G88,21.64,1.025,0.0691
G89,267.53,0.073,0.818
G90,43.07,0.427,0.357
G91,43.55,0.358,0.439
G92,84.37,0.424,0.282
G93,64.33,-0.167,0.691
G94,43.08,-0.445,0.337
G95,6.89,0.632,0.446
G96,5.12,0.349,0.707
G97,345.04,-0.464,0.13
G98,58.43,-0.001,0.998
G99,30.98,-0.109,0.83
G100,3.14,1.273,0.257
G101,119.26,0.513,0.162
G102,115.36,-0.562,0.128
G103,208.95,-0.096,0.772
G104,929.83,0.002,0.994
G105,24.88,-0.333,0.538
G106,224.35,-0.109,0.739
G107,1937.68,-0.27,0.292
G108,126.62,0.225,0.534
G109,915.88,-0.515,0.0591
G110,57.59,0.617,0.152
G111,746.97,-0.038,0.891
G112,83.32,-0.02,0.96
G113,11.74,-0.11,0.873
G114,390.31,0.37,0.219
G115,4.88,-0.465,0.622
G116,35.55,0.125,0.798
G117,258.68,-0.346,0.279
G118,83.68,-0.043,0.913
G119,41.6,0.038,0.935
G120,4.74,1.718,0.072
G121,15.77,-0.315,0.613
G122,2.46,0.701,0.572
G123,14.52,-0.083,0.897
G124,9.5,2.755,0.000193
G125,40.64,-0.133,0.778
G126,20.13,-1.063,0.0653
G127,282.85,0.092,0.77
G128,59.3,-0.308,0.472
G129,515.03,0.072,0.804
G130,799.86,-0.337,0.223
G131,6.95,1.304,0.115
G132,129.32,-0.254,0.481
G133,320.2,0.133,0.667
G134,100.71,-0.797,0.0357
G135,34.18,0.667,0.177
G136,11.64,-0.942,0.172
G137,315.96,0.037,0.905
G138,8.46,1.054,0.171
G139,628.15,0.105,0.711
G140,1.78,0.137,0.923
G141,646.93,-0.078,0.783
G142,201,0.411,0.217
G143,2.52,0.033,0.979
G144,100.75,0.29,0.445
G145,3175.65,-0.049,0.844
G146,123.19,-0.686,0.0596
G147,71.76,0.291,0.477
G148,24.52,-0.547,0.314
G149,286.12,0.198,0.529
G150,31.81,-0.212,0.674
G151,221.93,-0.023,0.944
G152,11.07,1.499,0.0325
G153,47.68,0.222,0.623
G154,58.39,-0.106,0.805
G155,475.41,0.275,0.349
G156,33.92,0.858,0.0829
G157,70.71,0.141,0.731
G158,14.57,-0.658,0.303
G159,9.46,-0.319,0.666
G160,450.81,0.29,0.326
G161,18.32,0.369,0.534
G162,811.93,1.552,1.91e-08
G163,85.71,0.032,0.935
G164,225.11,0.003,0.993
G165,70.65,-0.928,0.0237
G166,3640.11,-0.222,0.368
G167,28.87,0.493,0.341
G168,167.43,0.024,0.944
G169,387.34,0.42,0.163
G170,1.62,0.526,0.722
G171,91.5,-0.339,0.381
G172,97.99,-0.039,0.919
G173,33.25,-0.033,0.947
G174,1392.36,0.467,0.0757
G175,119.4,-0.067,0.855
G176,32.79,0.242,0.628
G177,491,0.104,0.722
G178,106.24,-0.316,0.4
G179,15.78,0.704,0.258
G180,19.05,0.026,0.965
G181,157.73,-0.057,0.87
G182,297.62,0.036,0.908
G183,2.56,2.919,0.0167
G184,57.46,-0.331,0.443
G185,225.64,-0.306,0.349
G186,99.34,-0.295,0.438
G187,43.98,-0.387,0.401
G188,212.09,0.402,0.223
G189,51.69,0.329,0.457
G190,161.02,0.64,0.0644
G191,47.84,0.26,0.565
G192,160.98,-0.132,0.703
G193,8.68,0.257,0.736
G194,4.16,-0.317,0.752
G195,25.82,0.013,0.981
G196,9.46,-0.995,0.179
G197,257.75,0.16,0.617
G198,264.48,-0.204,0.522
G199,69.72,0.498,0.226
G200,5.58,1.834,0.041
G201,18.53,-0.504,0.394
G202,7.3,2.827,5e-04
G203,726.87,-0.008,0.977
G204,43.73,0.996,0.0311
G205,10.72,-0.417,0.556
G206,48.16,-0.384,0.394
G207,25.33,-0.489,0.363
G208,105.69,0.433,0.249
G209,612.01,-0.805,0.00469
G210,47.21,-0.371,0.413
G211,1.34,0.849,0.596
G212,2.01,-0.471,0.727
G213,2.43,1.848,0.138
G214,8.05,0.404,0.606
G215,518.72,-0.054,0.852
G216,1.33,-0.732,0.649
G217,1926.94,-0.515,0.0446
G218,174.92,0.081,0.812
G219,2.31,-0.59,0.643
G220,99.2,-0.023,0.952
G221,54.03,-0.163,0.71
G222,8.91,-0.081,0.915
G223,37,-0.018,0.97
G224,218.47,-0.339,0.302
G225,272.44,0.118,0.71
G226,71.61,0.001,0.998
G227,1079.66,-0.202,0.452
G228,291.6,0.358,0.254
G229,257.32,-0.079,0.805
G230,29.19,-0.677,0.19
G231,120.29,0.19,0.604
G232,59.43,0.082,0.848
G233,4.95,-0.501,0.594
G234,3.95,-0.356,0.728
G235,14.05,-1.114,0.085
G236,9.77,-1.517,0.0382
G237,46.6,-0.032,0.944
G238,25.17,1.714,0.00147
G239,12.32,0.17,0.801
G240,136.46,0.269,0.451
G241,11.8,1.56,0.0229
G242,52.15,0.04,0.928
G243,409.02,-0.684,0.0222
G244,275.57,0.081,0.798
G245,597.42,-0.071,0.804
G246,14.17,-0.034,0.958
G247,268.58,0.54,0.0891
G248,74.29,-1.472,0.000285
G249,24.3,-0.518,0.342
G250,227.89,0.263,0.42
G251,10.77,0.253,0.721
G252,528.46,-0.308,0.288
G253,15.53,1.558,0.0128
G254,18.75,-0.644,0.275
G255,182.84,0.152,0.653
G256,647.6,0.015,0.958
G257,329.98,0.434,0.159
G258,74.24,0.249,0.539
G259,24.7,-0.11,0.839
G260,20.4,0.671,0.243
G261,81.73,-0.14,0.724
G262,0.53,-4.33,0.0733
G263,49.84,-0.227,0.611
G264,68.31,-0.408,0.324
G265,27.67,0.829,0.114
G266,32.39,0.475,0.343
G267,33.28,1.282,0.00995
G268,75.6,-0.511,0.206
G269,206.9,-0.255,0.441
G270,26.78,-0.63,0.234
G271,1226.86,0.178,0.503
G272,4.92,1.363,0.148
G273,41.3,-0.603,0.199
G274,17.47,-0.147,0.807
G275,35.39,0.443,0.365
G276,377.99,0.033,0.913
G277,287.52,0.232,0.461
G278,164.67,0.287,0.405
G279,19.34,0.873,0.135
G280,614.9,-0.004,0.989
G281,8.09,0.739,0.345
G282,77.93,0.617,0.124
G283,15.21,-0.32,0.612
G284,5.86,-0.086,0.922
G285,1520.81,0.523,0.0451
G286,19.1,0.245,0.676
G287,26.72,0.175,0.741
G288,1271.29,-0.64,0.0157
G289,16.37,-0.743,0.227
G290,63.89,-0.176,0.675
G291,35.9,0.205,0.674
G292,28.84,-0.685,0.186
G293,3494.89,0.398,0.107
G294,34.59,0.233,0.636
G295,31.63,0.944,0.0613
G296,93.25,-0.337,0.382
G297,33.3,-0.161,0.746
G298,18.94,-0.197,0.737
G299,32.06,0.553,0.271
G300,10.63,0.721,0.31
G301,208.87,-0.223,0.5
G302,7.2,-0.882,0.28
G303,20.4,0.309,0.591
G304,199.5,-0.369,0.268
G305,141.91,-0.082,0.817
G306,1305.61,-0.016,0.952
G307,201.15,-2.28,7.35e-12
G308,5.4,-0.919,0.312
G309,735.52,0.097,0.728
G310,28.87,0.096,0.853
G311,241.75,0.157,0.627
G312,150.6,-0.041,0.907
G313,7.66,-0.994,0.213
G314,266.34,0.155,0.626
G315,140.8,-0.122,0.731
G316,16.73,0.117,0.848
G317,13.01,-1.053,0.113
G318,113.94,-0.267,0.47
G319,59.97,-0.258,0.545
G320,24.54,-0.448,0.409
G321,6.55,-0.071,0.933
G322,6.17,-0.187,0.829
G323,70.54,0.296,0.471
G324,12.56,-1.9,0.00466
G325,7.94,-1.435,0.0685
G326,68.72,-0.288,0.486
G327,23.22,-0.199,0.718
G328,69.01,-0.035,0.932
G329,401.68,0.148,0.622
G330,11.17,1.162,0.0963
G331,419.48,0.019,0.949
G332,10.12,-0.203,0.779
G333,75.62,0.203,0.615
G334,71.55,-0.258,0.528
G335,75.12,-0.42,0.299
G336,20.55,0.05,0.93
G337,75.46,-0.071,0.861
G338,7.62,-0.064,0.936
G339,197.48,0.142,0.671
G340,1192.09,-0.082,0.758
G341,0.6,2.699,0.238
G342,29.3,-0.446,0.387
G343,28.81,1.072,0.0385
G344,31.65,-0.61,0.227
G345,239.6,0.338,0.296
G346,5.84,-0.254,0.773
G347,187.33,-0.151,0.654
G348,15.62,1.694,0.00671
G349,13.21,0.415,0.53
G350,39.42,0.547,0.249
G351,39.6,0.174,0.714
G352,222.27,0.133,0.684
G353,55.64,-0.855,0.0491
G354,3.34,-0.815,0.457
G355,74.27,-0.121,0.765
G356,34.24,0.444,0.368
G357,5.73,0.321,0.718
G358,7.06,0.338,0.681
G359,176.6,-0.368,0.28
G360,26.55,-0.373,0.482
G361,20.84,-0.864,0.13
G362,1.92,-1.306,0.342
G363,747,-0.078,0.779
G364,57.34,-0.259,0.548
G365,546.84,0.201,0.486
G366,1.11,-0.358,0.837
G367,7.82,-0.178,0.822
G368,83.65,-0.685,0.0828
G369,1169.6,0.175,0.512
G370,18.36,-0.883,0.137
G371,8.44,0.912,0.237
G372,2.02,-0.017,0.99
G373,226,0.047,0.886
G374,37.68,-0.207,0.667
G375,521.52,2.021,3.23e-12
G376,1023.55,-0.106,0.695
G377,26.5,-0.436,0.411
G378,18.22,0.484,0.416
G379,36.41,0.08,0.869
G380,359.36,0.294,0.334
G381,176.56,0.41,0.228
G382,89.77,0.099,0.799
G383,37.72,0.68,0.157
G384,143.86,0.237,0.502
G385,746.94,0.432,0.121
G386,20.72,0.48,0.401
G387,65.19,-0.172,0.681
G388,9.82,0.486,0.506
G389,24.92,-0.134,0.804
G390,176.55,0.122,0.72
G391,273.8,0.402,0.204
G392,199.42,-0.252,0.45
G393,9.05,0.275,0.715
G394,78.8,-0.527,0.188
G395,5.01,-0.876,0.349
G396,10.68,0.11,0.877
G397,27.05,0.105,0.842
G398,146.79,0.491,0.163
G399,11.32,-0.272,0.696
G400,8.76,-1.187,0.119
G401,560.93,0.181,0.529
G402,41.54,0.046,0.922
G403,162.6,-0.061,0.86
G404,46.96,0.256,0.572
G405,420.63,-0.453,0.128
G406,224.9,0.53,0.105
G407,553.64,0.379,0.188
G408,11.04,-0.532,0.448
G409,31.02,0.196,0.699
G410,5.87,0.858,0.33
G411,9.02,0.33,0.661
G412,10.44,-0.489,0.494
G413,19.35,0.083,0.887
G414,2.83,0.263,0.822
G415,8.95,-0.132,0.861
G416,602.64,-0.178,0.533
G417,25.64,-0.079,0.883
G418,52.35,0.145,0.742
G419,100.85,0.305,0.421
G420,18.1,0.546,0.36
G421,15.53,-0.296,0.636
G422,6.46,0.116,0.891
G423,2.63,-2.232,0.0643
G424,17.26,0.765,0.206
G425,8.53,-0.618,0.421
G426,79.85,0.82,0.0399
G427,260,-0.362,0.257
G428,2.17,-1.545,0.237
G429,18.68,-1.28,0.0301
G430,94.61,0.04,0.917
G431,52.9,0.272,0.536
G432,9.99,0.025,0.973
G433,1834.22,0.413,0.109
G434,14.39,-0.738,0.25
G435,276.3,0.22,0.487
G436,65.31,-0.563,0.178
G437,55.15,-0.111,0.799
G438,24.32,0.214,0.694
G439,111.19,-0.127,0.733
G440,9.57,-0.268,0.716
G441,518.91,0.469,0.106
G442,29.84,-0.672,0.19
G443,48.31,0.064,0.887
G444,88.81,0.028,0.943
G445,24.32,-0.362,0.506
G446,159.07,0.399,0.25
G447,17.45,-0.465,0.441
G448,10.22,-1.283,0.075
G449,277.32,0.425,0.179
G450,96.24,-0.291,0.447
G451,15.58,0.07,0.911
G452,548.54,-0.015,0.959
G453,285.72,0.112,0.722
G454,157.79,0.228,0.512
G455,640.19,-0.403,0.155
G456,54.72,-0.392,0.369
G457,11.27,-2.065,0.00303
G458,40.22,-0.453,0.337
G459,2541.62,-0.243,0.334
G460,5.12,-0.534,0.565
G461,144.08,-0.053,0.881
G462,3.3,-0.423,0.701
G463,89.45,-0.333,0.392
G464,3.43,-0.514,0.635
G465,34.83,0.115,0.815
G466,1329.87,-0.452,0.0867
G467,20.65,1.033,0.071
G468,37.41,0.606,0.208
G469,37.68,0.425,0.377
G470,13.9,-0.096,0.882
G471,189.61,0.279,0.407
G472,330.62,-0.348,0.259
G473,23.98,0,1
G474,447.89,0.097,0.743
G475,46.16,-0.845,0.0636
G476,43.74,0.711,0.124
G477,14.95,0.664,0.295
G478,161.43,-0.789,0.0226
G479,37.2,-0.347,0.472
G480,93.24,0.292,0.449
G481,27.93,1.081,0.0386
G482,17.37,1.137,0.0597
G483,3710.2,-0.168,0.495
G484,5.89,0.534,0.544
G485,171.57,-0.469,0.17
G486,93.33,-0.341,0.377
G487,39.24,-0.216,0.65
G488,60.42,0.074,0.862
G489,3.87,0.789,0.445
G490,7.73,0.14,0.86
G491,146.77,0.386,0.273
G492,15.92,-0.25,0.687
G493,381.35,0.277,0.359
G494,6.8,-0.26,0.755
G495,12.93,0.382,0.566
G496,10.15,-0.303,0.675
G497,17.82,-0.829,0.166
G498,230.07,0.05,0.878
G499,13.46,0.847,0.197
G500,3.69,1.795,0.0882
G501,59.05,0.669,0.118
G502,22.91,1.406,0.0112
G503,30.79,-0.644,0.205
G504,57.91,0.59,0.17
G505,118.17,0.115,0.754
G506,39.57,-0.386,0.416
G507,26.12,0.424,0.426
G508,156.94,-0.195,0.575
G509,82.35,0.218,0.582
G510,212.45,-0.217,0.511
G511,29.28,0.162,0.753
G512,8.01,-0.307,0.696
G513,97.92,0.449,0.239
G514,21,-0.646,0.256
G515,1.54,-1.491,0.323
G516,127.74,0.431,0.233
G517,40.42,0.266,0.573
G518,67.29,0.462,0.266
G519,230.96,0.439,0.177
G520,10.92,0.73,0.3
G521,27.15,0.058,0.912
G522,337.37,-0.005,0.987
G523,23.27,-0.263,0.634
G524,54.47,0.253,0.562
G525,90.08,0.065,0.867
G526,77.01,0.067,0.868
G527,81.37,1.218,0.00218
G528,96.16,0.116,0.762
G529,30.53,1.667,0.00107
G530,26.25,-0.197,0.711
G531,1153.24,-0.121,0.651
G532,196.26,0.597,0.0741
G533,90.09,-0.164,0.673
G534,81.54,-0.174,0.661
G535,3007.41,-0.137,0.582
G536,138.23,-0.159,0.655
G537,9.55,-0.733,0.32
G538,106.99,-0.084,0.823
G539,31.72,0.109,0.829
G540,40.44,-0.155,0.742
G541,51.53,0.239,0.589
G542,9.49,-0.021,0.977
G543,9.92,-0.382,0.6
G544,706.83,0.102,0.716
G545,20.31,0.595,0.301
G546,81.19,0.366,0.357
G547,39.74,-0.354,0.455
G548,33.59,1.033,0.0373
G549,199.26,0.484,0.147
G550,18.72,0.414,0.483
G551,321.09,0.217,0.483
G552,176.99,0.193,0.571
G553,212.63,0.303,0.358
G554,80.53,-0.412,0.301
G555,136.94,1.067,0.00278
G556,136.08,-0.193,0.589
G557,28.21,-0.118,0.821
G558,393.93,0.453,0.132
G559,18.36,0.025,0.966
G560,19.16,-0.02,0.973
G561,17.03,0.777,0.201
G562,23.16,-0.101,0.855
G563,8.38,0.865,0.263
G564,32.94,-0.137,0.784
G565,39.8,0.097,0.838
G566,102.28,-0.241,0.524
G567,79.15,-0.56,0.161
G568,1246.31,0.465,0.0797
G569,182.59,0.396,0.242
G570,225.1,-0.111,0.734
G571,11.71,1.087,0.114
G572,2.49,-0.886,0.473
G573,1.64,-1.136,0.439
G574,724.41,-0.083,0.766
G575,8.32,0.181,0.815
G576,14.73,0.537,0.399
G577,53.87,0.525,0.231
G578,7.57,0.148,0.854
G579,55.46,0.02,0.963
G580,370.96,0.343,0.258
G581,115.07,-0.694,0.0601
G582,166.19,-0.045,0.896
G583,49.48,0.106,0.813
G584,1573.73,0.235,0.367
G585,127.06,0.116,0.749
G586,50.47,0.545,0.221
G587,59.78,-0.297,0.487
G588,33.87,0.569,0.25
G589,331.89,0.064,0.835
G590,365.18,-0.057,0.851
G591,2.62,-0.561,0.642
G592,582.02,-0.054,0.85
G593,321.13,1.121,0.00029
G594,250.32,-0.749,0.0197
G595,21.87,0.04,0.943
G596,20.44,-0.614,0.285
G597,89.16,0.771,0.0477
G598,39.9,0.375,0.428
G599,279.77,0.384,0.224
G600,1292.16,0.099,0.708
G601,58.97,0.478,0.264
G602,118.82,-0.543,0.139
G603,0.99,-0.01,0.996
G604,26.36,-0.406,0.445
G605,103.61,0.09,0.811
G606,29.42,1,0.0522
G607,17.03,1.892,0.00185
G608,2.68,1.033,0.388
G609,120.89,0.006,0.987
G610,107.41,0.613,0.102
G611,42.83,0.682,0.142
G612,0.49,-2.053,0.408
G613,8.55,-0.402,0.6
G614,17.09,0.013,0.983
G615,15.51,0.528,0.399
G616,84.84,-0.555,0.159
G617,318.07,-0.08,0.796
G618,198.6,0.351,0.293
G619,52.54,-0.128,0.771
G620,28.47,0.998,0.0549
G621,2.58,0.112,0.927
G622,145.22,0.218,0.537
G623,33.92,-0.69,0.163
G624,283.33,0.051,0.871
G625,160.88,0.193,0.577
G626,627.03,-0.632,0.026
G627,2.56,-2.956,0.0154
G628,133.07,-0.56,0.118
G629,115.48,0.325,0.378
G630,81.69,-0.157,0.693
G631,256.45,0.018,0.955
G632,142.87,0.233,0.51
G633,233.35,-0.388,0.232
G634,1601.87,0.032,0.902
G635,187.87,-0.092,0.785
G636,82.32,0.116,0.77
G637,6.12,0.54,0.533
G638,20.37,0.473,0.41
G639,0.1,2.968,0.232
G640,300.31,-0.254,0.416
G641,19.97,0.818,0.157
G642,1.57,-0.77,0.607
G643,288.78,0.141,0.654
G644,2.02,0.53,0.694
G645,74.41,-0.539,0.184
G646,46.28,-0.554,0.224
G647,75.49,0.081,0.841
G648,2070.93,0.156,0.541
G649,318.2,0.084,0.786
G650,4.3,0.694,0.484
G651,226.78,-0.321,0.325
G652,37.39,-0.314,0.514
G653,284.65,-0.353,0.262
G654,33.08,0.05,0.92
G655,61.05,0.125,0.769
G656,276.6,0.453,0.152
G657,14.44,0.162,0.8
G658,10.1,-0.252,0.728
G659,4597.37,0.035,0.886
G660,327.07,0.103,0.738
G661,198.6,-0.251,0.452
G662,104.77,-0.527,0.161
G663,693.24,0.407,0.147
G664,6.8,-1.497,0.0725
G665,17.66,-0.707,0.239
G666,90.3,-0.964,0.0131
G667,107.59,1.811,1.31e-06
G668,7.02,-0.231,0.779
G669,705.35,0.01,0.972
G670,220.32,0.002,0.995
G671,16.92,2.906,1.82e-06
G672,18.29,0.093,0.876
G673,13.82,0.031,0.962
G674,215.98,-0.399,0.225
G675,76.23,-1.168,0.00377
G676,53.55,0.614,0.162
G677,5.46,1.641,0.0697
G678,1691.96,0.061,0.814
G679,394.61,0.177,0.556
G680,412.86,0.116,0.698
G681,406.52,0.718,0.0165
G682,63.74,0.067,0.873
G683,29.39,0.197,0.702
G684,67.48,-0.289,0.486
G685,237.27,-0.343,0.29
G686,15.27,0.375,0.551
G687,193.58,-0.915,0.00631
G688,2.84,-0.638,0.585
G689,7.48,-1.401,0.0818
G690,157.52,-0.239,0.492
G691,16.09,-0.396,0.522
G692,58,0.605,0.16
G693,40.48,-0.649,0.169
G694,86.61,-0.328,0.403
G695,654.58,-0.085,0.764
G696,60.17,-0.961,0.0242
G697,19.99,-0.088,0.879
G698,9.66,-0.098,0.894
G699,187.42,0.396,0.24
G700,14.82,0.211,0.74
G701,4241.09,0.144,0.556
G702,29.15,-0.158,0.76
G703,178.48,0.396,0.244
G704,330.48,-0.148,0.631
G705,857.54,-1.033,0.000169
G706,163.42,0.065,0.851
G707,35.21,0.103,0.833
G708,64.49,0.211,0.615
G709,161.09,0.595,0.0856
G710,124.11,-0.189,0.603
G711,13.38,-0.765,0.245
G712,33.33,0.003,0.995
G713,145.44,-0.535,0.129
G714,188.47,-0.22,0.513
G715,3.52,-1.043,0.331
G716,15.41,-0.029,0.963
G717,47.6,0.077,0.865
G718,7.96,0.253,0.748
G719,103.23,-0.423,0.262
G720,274.31,-0.018,0.955
G721,141.22,0.006,0.987
G722,102.89,0.922,0.0147
G723,4.26,-1.427,0.152
G724,398.66,0.029,0.923
G725,9.87,1.078,0.139
G726,57.71,0.614,0.154
G727,0.93,0.954,0.612
G728,14.12,0.179,0.782
G729,19.33,-0.213,0.715
G730,651.72,0.182,0.52
G731,5.29,-0.623,0.496
G732,19.98,0.036,0.95
G733,30.63,-0.479,0.347
G734,3.9,0.76,0.461
G735,137.39,-0.679,0.0568
G736,1093.5,0.294,0.273
G737,280.08,-0.075,0.812
G738,100.03,0.181,0.634
G739,0.71,2.062,0.33
G740,17.5,-0.265,0.66
G741,2.97,-0.867,0.45
G742,13.09,0.277,0.676
G743,15.16,-0.025,0.968
G744,56.08,0.811,0.0615
G745,781.36,-0.006,0.983
G746,94.29,-0.415,0.281
G747,20.34,0.131,0.82
G748,5.6,-0.953,0.288
G749,111.12,-0.596,0.109
G750,188.1,0.603,0.0733
G751,470.23,-2.87,1e-12
G752,142.78,0.313,0.376
G753,285.01,-0.22,0.485
G754,525.74,-0.152,0.6
G755,42.86,0.546,0.24
G756,77.84,0.106,0.792
G757,17.87,1.229,0.04
G758,241.1,-0.271,0.402
G759,2.66,1.021,0.395
G760,133.31,0.365,0.309
G761,123.31,-0.2,0.583
G762,261.34,-0.044,0.89
G763,14.83,-0.354,0.577
G764,50.58,-0.851,0.0558
G765,2.43,1.582,0.204
G766,465.46,0.333,0.258
G767,104.62,-0.753,0.0455
G768,62.98,0.226,0.592
G769,78.84,-0.027,0.946
G770,6.8,-0.043,0.959
G771,18.75,0.135,0.819
G772,19.9,-0.303,0.601
G773,11.45,0.827,0.233
G774,215.39,0.019,0.954
G775,57.59,0.216,0.616
G776,83.83,0.204,0.605
G777,24.71,0.561,0.301
G778,124.52,0.142,0.696
G779,475.98,0.372,0.205
G780,54.27,-0.224,0.608
G781,6.47,-0.632,0.457
G782,85.28,0.198,0.615
G783,27.25,-0.126,0.811
G784,13.75,0.5,0.443
G785,31.08,-0.033,0.948
G786,6.33,-0.657,0.443
G787,183.63,0.362,0.284
G788,196.02,-2.198,4.85e-11
G789,37.92,0.128,0.79
G790,291.05,0.162,0.606
G791,22.16,-0.048,0.932
G792,0.89,-3.676,0.055
G793,205.11,-0.099,0.765
G794,259.63,-0.267,0.403
G795,153.18,0.844,0.0157
G796,133.92,-0.063,0.86
G797,10.95,0.819,0.244
G798,69.58,-0.097,0.814
G799,58.95,0.234,0.585
G800,7.41,-0.824,0.308
G801,412.67,0.478,0.11
G802,4.19,-0.367,0.714
G803,89.63,0.09,0.817
G804,544.7,-0.259,0.369
G805,124.36,-0.284,0.435
G806,4.8,-0.751,0.429
G807,6.44,-1.496,0.0786
G808,248.19,0.438,0.173
G809,14.98,-0.322,0.611
G810,7.51,0.033,0.967
G811,72.29,0.161,0.693
G812,8.57,-0.48,0.531
G813,23.63,-0.556,0.311
G814,318.24,0.537,0.0829
G815,70.02,-0.687,0.0948
G816,8.1,-0.703,0.369
G817,9.88,0.535,0.463
G818,337.83,2.72,1e-12
G819,99.3,-0.143,0.707
G820,9.46,0.489,0.509
G821,532.23,0.345,0.233
G822,248.85,0.156,0.627
G823,0.26,1.308,0.598
G824,84.27,0.038,0.923
G825,98.04,-0.332,0.384
G826,7.48,0.204,0.8
G827,77,-0.574,0.154
G828,5.68,0.067,0.94
G829,1231.34,0.235,0.376
G830,26.25,-0.074,0.889
G831,31.59,-0.639,0.205
G832,19.92,-0.713,0.218
G833,16.27,0.628,0.308
G834,7.89,-0.402,0.611
G835,3.66,0.719,0.496
G836,183.43,0.733,0.0302
G837,292.29,-0.131,0.676
G838,7.34,0.13,0.873
G839,223.34,-0.222,0.497
G840,113.77,0.302,0.414
G841,514.44,-0.235,0.419
G842,15.79,0.169,0.786
G843,149.74,-0.012,0.973
G844,16.09,-0.434,0.483
G845,34.24,0.026,0.958
G846,5.51,0.194,0.83
G847,283.55,0.177,0.574
G848,58.1,-0.192,0.655
G849,126.03,0.233,0.52
G850,107.03,-0.527,0.16
G851,19.13,-0.094,0.873
G852,1403.24,-0.181,0.491
G853,15.94,-0.911,0.142
G854,23.54,-0.006,0.991
G855,8.3,1.234,0.111
G856,54.53,0.509,0.244
G857,79.49,-0.243,0.543
G858,490.02,0.62,0.0339
G859,105.89,0.422,0.261
G860,63.08,-0.3,0.477
G861,107.75,-0.717,0.0553
G862,6.35,-0.826,0.334
G863,272.7,0.273,0.389
G864,431.74,0.046,0.877
G865,51.68,0.472,0.286
G866,26.28,0.241,0.651
G867,3.64,1.566,0.139
G868,292.69,-0.03,0.924
G869,51.29,-0.395,0.373
G870,23.5,0.242,0.66
G871,261.24,0.046,0.885
G872,3.4,1.096,0.314
G873,6.29,-0.758,0.377
G874,25.81,-0.119,0.824
G875,63.46,-1.495,0.000382
G876,90.56,-0.338,0.384
G877,6.15,0.799,0.356
G878,337.14,-0.027,0.93
G879,27.81,0.684,0.191
G880,4.67,0.586,0.542
G881,211.57,-0.066,0.841
G882,51.31,0.187,0.673
G883,15.07,-0.164,0.795
G884,181.72,-0.197,0.561
G885,1378.89,-0.092,0.727
G886,57.95,-0.218,0.612
G887,39.4,-0.079,0.868
G888,149.09,-0.194,0.581
G889,53.24,0.637,0.147
G890,18.37,-0.804,0.175
G891,256.81,-0.144,0.653
G892,37.92,0.52,0.278
G893,30.89,0.558,0.272
G894,67.76,-0.132,0.75
G895,14.9,-0.382,0.547
G896,32.76,-0.295,0.555
G897,6.85,-0.351,0.673
G898,33.88,0.421,0.395
G899,8.15,0.254,0.745
G900,6.32,-0.323,0.706
G901,57.31,-0.404,0.349
G902,46.28,0.629,0.167
G903,7.94,0.736,0.35
G904,196.84,-0.257,0.442
G905,43.13,0.189,0.684
G906,84.8,-0.288,0.465
G907,20.02,0.319,0.581
G908,164.69,-0.193,0.576
G909,79.87,0.806,0.0434
G910,35.04,-0.19,0.698
G911,168.34,0.306,0.373
G912,20.81,-0.48,0.4
G913,202.82,0.333,0.316
G914,12.47,-0.002,0.998
G915,677.98,0.174,0.536
G916,12.96,-0.751,0.258
G917,45.03,-0.103,0.822
G918,11.13,-2.192,0.00173
G919,236.09,0.023,0.943
G920,479.23,-0.321,0.273
G921,56.17,0.819,0.0588
G922,68.06,-0.687,0.097
G923,31.84,-0.478,0.342
G924,21.11,-0.842,0.138
G925,12.05,-0.426,0.532
G926,91.94,0.379,0.327
G927,78.46,0.247,0.538
G928,103.25,-0.194,0.607
G929,236.57,0.379,0.242
G930,19.28,-0.369,0.528
G931,20.97,0.114,0.841
G932,242.85,0.675,0.0364
G933,50.38,-0.09,0.84
G934,79.02,0.557,0.164
G935,37.09,-0.092,0.849
G936,47.06,0.591,0.192
G937,89.09,0.285,0.464
G938,9.03,0.057,0.94
G939,6.95,-0.951,0.25
G940,340.46,0.217,0.479
G941,12.77,1.096,0.101
G942,657.9,0.022,0.938
G943,287.32,0.261,0.406
G944,7.9,-0.86,0.276
G945,219.14,-0.018,0.956
G946,246.06,-0.168,0.602
G947,21.48,-0.682,0.228
G948,102.59,-2.246,2.81e-09
G949,95.29,0.752,0.0501
G950,11.2,-0.28,0.688
G951,65.4,-0.547,0.191
G952,264.84,0.182,0.567
G953,277.46,-0.283,0.371
G954,215.68,0.162,0.622
G955,279.82,-0.088,0.78
G956,129.84,0.717,0.0467
G957,26.22,0.06,0.91
G958,15.87,0.002,0.997
G959,145.63,0.148,0.675
G960,169.08,0.311,0.365
G961,102.1,-0.352,0.352
G962,40.64,0.8,0.0894
G963,146.28,0.212,0.547
G964,82.32,-0.458,0.248
G965,1.21,4.304,0.0102
G966,16.18,-0.665,0.282
G967,358.65,-0.13,0.669
G968,11.46,-0.266,0.701
G969,4.52,1.443,0.138
G970,329.44,0.384,0.213
G971,63.49,-0.325,0.44
G972,11.92,-0.889,0.193
G973,11.87,-0.427,0.533
G974,77.82,0.392,0.329
G975,71.25,0.141,0.731
G976,182.64,0.035,0.918
G977,823.94,-0.168,0.542
G978,14.59,0.441,0.49
G979,9.9,-0.124,0.865
G980,23.08,-1.046,0.0586
G981,2719.57,0.063,0.802
G982,2.27,0.62,0.629
G983,124.35,-0.12,0.741
G984,1177.92,0.248,0.352
G985,543.59,-0.131,0.65
G986,36.95,-0.611,0.206
G987,701.73,-0.003,0.991
G988,39.6,0.482,0.309
G989,1.36,-0.349,0.826
G990,16.07,0.285,0.645
G991,74.99,0.151,0.709
G992,68.56,0.285,0.49
G993,354.43,0.11,0.718
G994,31.21,0.216,0.67
G995,3.09,0.536,0.635
G996,11.99,0.607,0.374
G997,26.76,-0.781,0.14
G998,84.7,0.138,0.726
G999,10.96,0.28,0.691
G1000,54.44,-0.097,0.824
G1001,126.55,-0.45,0.214
G1002,12.71,0.065,0.923
G1003,0.7,-0.557,0.794
G1004,238.19,0.192,0.553
G1005,346.17,0.073,0.811
G1006,135.34,0.086,0.81
G1007,232.54,-0.173,0.594
G1008,42.53,0.061,0.896
G1009,40.01,0.269,0.57
G1010,26.3,-0.155,0.771
G1011,54.7,0.408,0.35
G1012,314.53,-0.032,0.918
G1013,160.51,-0.258,0.456
G1014,26.18,0.287,0.59
G1015,660.32,-0.06,0.832
G1016,20.67,0.174,0.761
G1017,463.63,0.085,0.773
G1018,895.58,-0.33,0.228
G1019,13.96,0.801,0.217
G1020,15.17,0.163,0.796
G1021,205.55,-0.348,0.294
G1022,12.52,0.424,0.528
G1023,109.14,0.26,0.486
G1024,181.22,-0.396,0.243
G1025,8.32,0.338,0.663
G1026,64.99,-0.715,0.0875
G1027,19.47,-0.291,0.617
G1028,381.22,-0.195,0.518
G1029,630.86,-0.082,0.773
G1030,52.28,-0.099,0.822
G1031,29.86,0.738,0.15
G1032,294.17,0.56,0.0739
G1033,52.93,-0.034,0.938
G1034,371.61,0.188,0.535
G1035,66.56,0.529,0.204
G1036,51.85,-2.445,3.22e-08
G1037,25.05,0.944,0.0803
G1038,5.31,0.37,0.686
G1039,6.56,1.01,0.232
G1040,27.46,0.478,0.363
G1041,930.25,-0.024,0.93
G1042,4.05,0.381,0.707
G1043,34.16,0.099,0.841
G1044,30.69,0.417,0.412
G1045,1604.83,0.392,0.132
G1046,175.94,0.503,0.14
G1047,23.63,0.42,0.444
G1048,3.58,-1.011,0.343
G1049,97.1,0.183,0.632
G1050,908.09,-0.275,0.314
G1051,149.17,0.232,0.509
G1052,1.92,0.501,0.716
G1053,71.29,-0.646,0.115
G1054,76.07,-0.228,0.572
G1055,35.21,-0.291,0.552
G1056,69.32,-0.214,0.604
G1057,34.43,0.181,0.713
G1058,52.94,-0.099,0.822
G1059,670.84,-0.234,0.406
G1060,41.64,-0.559,0.232
G1061,1181.21,-0.258,0.333
G1062,112.75,0.494,0.183
G1063,82.54,-0.641,0.106
G1064,25.56,0.226,0.674
G1065,27.2,1.988,0.000161
G1066,16.74,-0.385,0.529
G1067,4.19,-1.806,0.0714
G1068,61.55,-1.099,0.00953
G1069,13.23,-0.097,0.883
G1070,6.44,0.912,0.284
G1071,24.32,-0.523,0.337
G1072,170.2,-0.457,0.182
G1073,3614.21,-0.313,0.204
G1074,130.91,-0.066,0.854
G1075,888.37,0.119,0.664
G1076,485.99,-0.132,0.652
G1077,41.78,0.443,0.343
G1078,45.92,0.099,0.828
G1079,61.65,-0.707,0.0952
G1080,1.08,0.187,0.915
G1081,1362.22,-0.019,0.942
G1082,22.06,0.372,0.507
G1083,287.52,-0.647,0.0396
G1084,10.9,-0.5,0.478
G1085,569.28,0.111,0.699
G1086,49.05,-0.083,0.853
G1087,49.08,0.25,0.577
G1088,37.22,-0.375,0.437
G1089,16.66,1.058,0.0839
G1090,161.25,0.347,0.316
G1091,12.96,-0.036,0.957
G1092,80.65,0.37,0.353
G1093,154.43,-0.14,0.688
G1094,23.5,-0.242,0.66
G1095,71.86,0.02,0.961
G1096,11.37,0.24,0.73
G1097,49.88,0.141,0.752
G1098,86.17,0.121,0.758
G1099,482.67,0.49,0.0943
G1100,628.42,0.516,0.0691
G1101,36.72,-0.752,0.12
G1102,92.56,-0.13,0.736
G1103,19.59,1.044,0.0726
G1104,5.19,1.688,0.0672
G1105,26.42,1.071,0.0438
G1106,748.72,-0.236,0.397
G1107,50.67,0.481,0.279
G1108,7.93,-1.25,0.113
G1109,11.92,-1.732,0.0113
G1110,50.21,0.206,0.644
G1111,1046.27,-0.031,0.908
G1112,0.3,1.761,0.478
G1113,21.53,0.681,0.228
G1114,113.61,-0.593,0.109
G1115,128.34,-0.406,0.261
G1116,29.38,-0.148,0.774
G1117,39.89,-0.114,0.81
G1118,189.45,-0.489,0.146
G1119,5.72,0.256,0.773
G1120,1956.38,0.094,0.714
G1121,434.04,0.12,0.686
G1122,242.71,-0.131,0.685
G1123,137.39,-0.329,0.356
G1124,205.95,0.008,0.981
G1125,31.29,-0.378,0.455
G1126,16.6,0.572,0.351
G1127,184.79,0.22,0.515
G1128,39.52,0.438,0.356
G1129,1083.42,0.07,0.794
G1130,150.56,1.65,2.49e-06
G1131,59.73,0.346,0.418
G1132,18.82,0.346,0.557
G1133,2429.48,0.331,0.19
G1134,23.93,-0.3,0.583
G1135,939.64,-0.419,0.124
G1136,40.87,-0.387,0.411
G1137,149.85,0.196,0.576
G1138,114.81,-0.021,0.955
G1139,21.73,-0.421,0.455
G1140,19.27,-0.155,0.791
G1141,15,-0.017,0.979
G1142,13.4,-0.485,0.46
G1143,119.52,-0.454,0.215
G1144,15.26,-0.486,0.44
G1145,252.2,-0.069,0.83
G1146,8.79,-0.633,0.405
G1147,1137.07,0.101,0.706
G1148,7.04,-0.229,0.781
G1149,23.47,-0.563,0.306
G1150,822.91,0.276,0.317
G1151,89.44,0.12,0.758
G1152,97.01,-0.613,0.109
G1153,53.56,0.091,0.836
G1154,109.84,-0.068,0.855
G1155,117.47,-0.043,0.907
G1156,28.83,-0.211,0.684
G1157,552.22,0.585,0.0423
G1158,7.77,-0.798,0.315
G1159,7734.19,-0.172,0.47
G1160,100.33,0.026,0.945
G1161,439.36,0.209,0.481
G1162,6.12,0.103,0.905
G1163,167.93,0.345,0.315
G1164,428.02,-0.502,0.0913
G1165,81.72,-0.679,0.0872
G1166,85.01,0.081,0.837
G1167,461.53,0.199,0.499
G1168,1270.02,0.161,0.543
G1169,6.3,-0.546,0.524
G1170,264.74,0.179,0.574
G1171,151.76,0.5,0.153
G1172,15.54,-1.233,0.0488
G1173,5.89,1.847,0.0357
G1174,10.97,2.391,0.000672
G1175,143.32,-0.347,0.326
G1176,10.57,-0.155,0.828
G1177,827.28,-0.241,0.382
G1178,98.76,0.785,0.0394
G1179,417.99,0.036,0.904
G1180,63.91,-0.493,0.241
G1181,51.99,-0.102,0.817
G1182,111.65,-0.035,0.925
G1183,26.81,0.725,0.171
G1184,61.28,-1.326,0.00178
G1185,80.87,-0.06,0.88
G1186,67.71,-0.308,0.457
G1187,54.34,-0.006,0.989
G1188,6.18,-0.196,0.82
G1189,208.1,-0.639,0.0535
G1190,53.95,0.309,0.48
G1191,5.65,0.742,0.406
G1192,915.09,-0.166,0.543
G1193,285.28,0.066,0.834
G1194,145.76,-0.933,0.00813
G1195,319.62,-0.218,0.481
G1196,50.87,-0.122,0.784
G1197,184.87,1.145,0.000697
G1198,19.43,0.081,0.889
G1199,5.78,-0.871,0.325
G1200,70.9,1.003,0.0144
G1201,89.82,-0.175,0.653
G1202,15.37,4.856,1e-12
G1203,320.34,0.025,0.936
G1204,37.84,-0.959,0.0458
G1205,306.79,-0.4,0.199
G1206,126.41,0.259,0.475
G1207,61.14,0.867,0.0412
G1208,9.3,-0.378,0.612
G1209,1404.53,0.064,0.808
G1210,15.94,-0.65,0.295
G1211,3.52,0.529,0.622
G1212,47.42,0.247,0.585
G1213,6.5,0.818,0.334
G1214,118.76,-0.014,0.97
G1215,18.01,0.05,0.933
G1216,9.51,-0.511,0.489
G1217,7.89,0.363,0.646
G1218,35.19,-0.106,0.829
G1219,6.36,-1.034,0.226
G1220,41.05,0.863,0.0662
G1221,127.5,0.143,0.693
G1222,30.5,0.374,0.463
G1223,73.84,-0.312,0.442
G1224,41.84,-0.43,0.358
G1225,12.54,-0.392,0.56
G1226,1630.26,-0.011,0.966
G1227,125.61,-0.639,0.0782
G1228,53.59,0.136,0.756
G1229,8.76,1.757,0.0209
G1230,168.27,-0.699,0.0418
G1231,145.25,0.092,0.794
G1232,128.59,-0.086,0.812
G1233,2.96,0.162,0.888
G1234,54.33,0.109,0.803
G1235,62.86,0.366,0.386
G1236,68.63,0.158,0.702
G1237,136.33,-0.149,0.676
G1238,7.85,-0.585,0.46
G1239,85.22,-0.197,0.616
G1240,185.84,-0.229,0.497
G1241,1088.3,0.299,0.265
G1242,5.61,1.146,0.201
G1243,30.85,0.277,0.586
G1244,41.96,0.112,0.81
G1245,68.71,-0.224,0.588
G1246,233.7,-0.552,0.0891
G1247,66.9,0.194,0.641
G1248,22.18,0.09,0.872
G1249,1.73,1.601,0.265
G1250,13.08,0.822,0.215
G1251,5.2,-0.206,0.823
G1252,4.6,-1.358,0.16
G1253,390.64,0.144,0.632
G1254,443.24,-0.016,0.957
G1255,41.91,0.224,0.632
G1256,38.32,0.607,0.205
G1257,47.84,-0.327,0.469
G1258,43.36,-0.714,0.123
G1259,64.25,-0.229,0.585
G1260,249.79,0.222,0.49
G1261,69.93,0.009,0.983
G1262,28.49,0.069,0.894
G1263,15.02,1.08,0.0879
G1264,17.64,-0.018,0.976
G1265,850.07,0.172,0.531
G1266,258.16,0.244,0.445
G1267,73.08,0.272,0.504
G1268,406.19,-0.571,0.0565
G1269,714.64,0.241,0.389
G1270,107.98,0.14,0.708
G1271,45.32,0.1,0.827
G1272,10.89,-0.938,0.183
G1273,992.69,0.292,0.281
G1274,786.71,0.031,0.911
G1275,33.16,0.39,0.433
G1276,38.4,-0.125,0.794
G1277,17.9,-0.792,0.185
G1278,974.53,-0.164,0.545
G1279,45.56,-0.127,0.781
G1280,47.48,-0.367,0.417
G1281,134.54,-0.27,0.451
G1282,183.51,0.326,0.335
G1283,35.96,-1.242,0.0107
G1284,62.85,0.705,0.0947
G1285,36.88,1.124,0.0201
G1286,896.97,0.08,0.77
G1287,86.63,-0.419,0.285
G1288,22.15,-0.516,0.357
G1289,36.99,0.372,0.441
G1290,873.46,-0.274,0.318
G1291,15.43,-0.765,0.223
G1292,105.67,0.072,0.848
G1293,373.3,0.139,0.646
G1294,138.22,0.647,0.0692
G1295,4.25,-2.034,0.0412
G1296,44.54,-0.845,0.0661
G1297,79.95,0.602,0.131
G1298,9.02,0.38,0.614
G1299,24.39,-0.896,0.0995
G1300,0.74,3.838,0.065
G1301,15.58,0.462,0.46
G1302,69.63,-0.595,0.148
G1303,122.81,0.603,0.098
G1304,1075.66,0.109,0.685
G1305,17.17,0.702,0.247
G1306,15.56,-1.299,0.0379
G1307,424.19,0.243,0.414
G1308,52.29,-0.063,0.886
G1309,35.04,0.17,0.729
G1310,56.2,-0.017,0.969
G1311,229.56,0.711,0.029
G1312,0.67,-5.043,0.0204
G1313,25.37,-0.387,0.472
G1314,394.29,-0.096,0.749
G1315,1236.4,-0.094,0.723
G1316,4.51,0.132,0.892
G1317,153.49,0.61,0.0806
G1318,48.15,-0.121,0.788
G1319,68.72,0.775,0.0606
G1320,77.88,-0.112,0.78
G1321,33.07,-0.086,0.863
G1322,7.64,0.61,0.445
G1323,221.2,0.094,0.774
G1324,83.26,-0.515,0.193
G1325,39.98,-0.066,0.889
G1326,5.92,-1.074,0.221
G1327,79.1,0.303,0.449
G1328,30.05,0.001,0.998
G1329,34.08,-0.064,0.897
G1330,71.41,-0.029,0.944
G1331,28.43,-0.229,0.66
G1332,26.15,0.385,0.47
G1333,49.65,-0.383,0.392
G1334,65.12,-0.103,0.805
G1335,10.88,0.088,0.901
G1336,8.67,-0.698,0.361
G1337,226.8,-0.477,0.144
G1338,1430.13,0.027,0.918
G1339,13.08,-1.319,0.0465
G1340,9.6,0.929,0.207
G1341,95.02,-0.259,0.5
G1342,48.55,-1.086,0.0157
G1343,5.26,0.616,0.502
G1344,69.78,0.175,0.671
G1345,87.29,0.303,0.439
G1346,93.7,-0.328,0.395
G1347,63.36,0.058,0.89
G1348,254.41,-1.026,0.00136
G1349,151.29,0.277,0.429
G1350,4.68,-0.299,0.755
G1351,15.39,-0.049,0.938
G1352,13.23,0.749,0.256
G1353,46.71,-0.875,0.054
G1354,19.66,0.712,0.22
G1355,26.52,0.066,0.901
G1356,86.8,0.19,0.628
G1357,176.5,-0.347,0.308
G1358,5.78,0.406,0.647
G1359,55.03,-0.361,0.407
G1360,36.67,-0.211,0.663
G1361,16.19,-0.804,0.193
G1362,74.36,0.409,0.313
G1363,8.64,-0.391,0.609
G1364,3.44,-0.847,0.434
G1365,10.02,-0.734,0.312
G1366,42.83,-0.586,0.207
G1367,26.78,0.578,0.275
G1368,554.94,0.051,0.859
G1369,939.71,0.274,0.314
G1370,5.39,-0.677,0.456
G1371,225.61,-0.875,0.00737
G1372,34.41,-0.517,0.294
G1373,1.72,1.753,0.223
G1374,284.91,0.352,0.263
G1375,75.63,-0.253,0.531
G1376,6.47,0.384,0.651
G1377,68.92,-0.039,0.925
G1378,1.31,-1.38,0.394
G1379,1317.23,-0.083,0.753
G1380,93.8,-0.49,0.203
G1381,23.72,0.818,0.136
G1382,485.61,-0.242,0.408
G1383,98.39,0.841,0.0274
G1384,105.44,-0.344,0.36
G1385,270.86,-0.442,0.164
G1386,207.33,0.205,0.536
G1387,24.42,0.044,0.936
G1388,442.71,0.187,0.528
G1389,102.31,-0.125,0.741
G1390,22.77,0.111,0.842
G1391,3721.04,-0.247,0.316
G1392,29.19,-0.967,0.061
G1393,4.98,-0.07,0.94
G1394,264.1,-0.185,0.561
G1395,39.43,0.021,0.965
G1396,48.55,0.512,0.255
G1397,29.34,0.078,0.88
G1398,231.83,-0.366,0.26
G1399,1.08,-0.129,0.942
G1400,150.93,-0.082,0.815
G1401,95.78,-1.5,9.17e-05
G1402,98.3,0.095,0.803
G1403,1080.8,-0.334,0.214
G1404,120.69,-0.061,0.868
G1405,1.85,0.075,0.957
G1406,281.76,0.09,0.775
G1407,0.61,-4.01,0.0771
G1408,91.1,0.133,0.732
G1409,4.69,0.506,0.598
G1410,12.5,-0.747,0.267
G1411,15.08,0.596,0.346
G1412,3772.72,0.39,0.113
G1413,96.33,-0.296,0.44
G1414,1237.35,-0.204,0.442
G1415,124.42,-0.122,0.737
G1416,8.49,1.193,0.121
G1417,106.72,0.328,0.382
G1418,800.38,0.004,0.988
G1419,925.04,0.293,0.282
G1420,1.28,-4.079,0.0126
G1421,6.01,0.452,0.604
G1422,13.61,0.05,0.939
G1423,152.22,-0.293,0.402
G1424,74.66,0.269,0.507
G1425,14.84,-0.676,0.287
G1426,4.97,0.631,0.501
G1427,58.78,0.067,0.876
G1428,54.46,0.4,0.36
G1429,85.74,-0.525,0.181
G1430,55.28,-0.65,0.135
G1431,309.71,-0.243,0.434
G1432,828.34,0.303,0.272
G1433,7.92,0.994,0.207
G1434,31.15,-0.046,0.928
G1435,12.78,-0.664,0.32
G1436,10.94,-0.205,0.771
G1437,99.36,1.681,9.98e-06
G1438,2.67,-0.472,0.694
G1439,14.01,-0.049,0.94
G1440,45.42,0.698,0.127
G1441,487.77,0.085,0.771
G1442,219.89,0.114,0.728
G1443,261.63,0.103,0.747
G1444,19.12,-0.746,0.203
G1445,32.3,-0.142,0.777
G1446,21.86,-0.164,0.771
G1447,200.57,1.968,3.41e-09
G1448,2.67,-0.134,0.911
G1449,64.88,0.385,0.358
G1450,12.06,0.25,0.713
G1451,41,0.39,0.407
G1452,109.39,-0.006,0.987
G1453,843.37,-0.149,0.588
G1454,249.2,0.146,0.65
G1455,14.55,1.53,0.0167
G1456,41.33,-0.014,0.976
G1457,25.06,0.331,0.54
G1458,0.91,1.754,0.355
G1459,91.53,0.122,0.753
G1460,588.22,0.686,0.0164
G1461,91.29,-0.123,0.751
G1462,115.39,-0.025,0.946
G1463,142.66,0.225,0.525
G1464,4945.76,-0.355,0.144
G1465,1.35,0.137,0.932
G1466,14.84,-0.561,0.377
G1467,325.98,-0.116,0.707
G1468,6.55,1.707,0.0434
G1469,412.67,-0.252,0.399
G1470,39.04,-0.219,0.646
G1471,82.24,0.119,0.764
G1472,10.38,-0.167,0.816
G1473,606.46,0.255,0.371
G1474,1.2,-3.305,0.0492
G1475,272.64,-0.094,0.767
G1476,58.73,-1.234,0.004
G1477,20.18,0.56,0.331
G1478,92.41,0.203,0.599
G1479,249.98,0.262,0.415
G1480,287.87,0.327,0.298
G1481,1516.16,0.352,0.178
G1482,27.24,-0.143,0.786
G1483,22.1,-0.015,0.979
G1484,500.85,-0.376,0.197
G1485,89.44,-0.194,0.618
G1486,8.11,1.847,0.0182
G1487,52.12,-0.815,0.065
G1488,15.77,-0.234,0.707
G1489,17.9,-0.054,0.928
G1490,558.83,0.242,0.4
G1491,14.02,0.058,0.929
G1492,33.99,0.507,0.305
G1493,1516.28,0.312,0.232
G1494,91.49,-0.609,0.116
G1495,94.5,0.324,0.4
G1496,9.71,0.348,0.635
G1497,72.37,-0.183,0.654
G1498,286.62,-0.044,0.889
G1499,46.2,-0.143,0.754
G1500,10.28,0.747,0.299
G1501,52.21,-1.568,0.000382
G1502,345.35,-0.148,0.629
G1503,38.41,-0.271,0.571
G1504,25.44,-0.361,0.502
G1505,59.82,-0.055,0.897
G1506,954.58,-0.157,0.563
G1507,37.14,-0.52,0.281
G1508,122.68,-0.043,0.906
G1509,10.79,3.115,1.06e-05
G1510,19.13,-0.882,0.132
G1511,20.42,-0.417,0.468
G1512,37.44,-0.185,0.701
G1513,47.16,0.07,0.877
G1514,11.36,1.551,0.0256
G1515,34.25,-1.167,0.018
G1516,5.3,-1.042,0.255
G1517,45.37,0.543,0.235
G1518,16.47,-0.663,0.28
G1519,261.75,-0.191,0.549
G1520,150.28,0.151,0.667
G1521,365.96,0.299,0.325
G1522,21.74,-0.245,0.664
G1523,73.83,-0.086,0.832
G1524,8.9,1.005,0.184
G1525,369.02,0.238,0.433
G1526,73.59,-0.866,0.0331
G1527,70.42,0.321,0.434
G1528,7.85,-1.204,0.128
G1529,83.96,0.997,0.0115
G1530,4.7,0.049,0.959
G1531,3.91,-1.321,0.199
G1532,44.72,0.801,0.0811
G1533,30.38,-0.086,0.866
G1534,3.05,1.397,0.219
G1535,24.55,-0.171,0.753
G1536,160.33,0.94,0.00665
G1537,92.44,-0.018,0.963
G1538,20.58,-0.621,0.278
G1539,17.48,0.048,0.937
G1540,22.1,-0.517,0.356
G1541,44.95,0.146,0.75
G1542,200.25,0.086,0.796
G1543,41.94,0.343,0.463
G1544,5.04,0.924,0.322
G1545,19.03,0.078,0.894
G1546,28.43,1.048,0.0439
G1547,20.28,-2.14,0.000199
G1548,22.82,-1.457,0.00865
G1549,398.5,0.123,0.682
G1550,248.31,-0.668,0.0378
G1551,12.42,0.715,0.289
G1552,120.66,0.027,0.941
G1553,23.51,-0.845,0.124
G1554,41.53,0.05,0.915
G1555,6.46,1.112,0.191
G1556,9.17,-0.257,0.731
G1557,47.95,-0.737,0.102
G1558,11.97,-0.663,0.331
G1559,40.27,-0.149,0.752
G1560,126.8,0.95,0.0087
G1561,116.04,-0.393,0.286
G1562,9.95,1.128,0.121
G1563,717.84,-0.2,0.475
G1564,26.54,-0.052,0.922
G1565,526.09,-0.01,0.972
G1566,74.08,0.088,0.828
G1567,95.15,0.882,0.0216
G1568,7.71,0.159,0.842
G1569,70.24,-0.552,0.179
G1570,6.09,0.42,0.629
G1571,404.26,0.57,0.0571
G1572,559.93,-0.043,0.881
G1573,151.69,0.153,0.662
G1574,23.78,0.821,0.134
G1575,86.06,0.574,0.144
G1576,39.36,-0.911,0.0551
G1577,632.55,0.199,0.483
G1578,68.84,-0.147,0.722
G1579,15.66,0.129,0.836
G1580,162.85,-0.611,0.0769
G1581,52.69,-0.218,0.621
G1582,766.12,0.177,0.524
G1583,498.31,-0.059,0.84
G1584,7.69,0.696,0.382
G1585,60.24,-0.181,0.671
G1586,31.13,0.42,0.407
G1587,13.93,-0.125,0.847
G1588,2.37,1.382,0.272
G1589,7.77,-0.361,0.649
G1590,285.16,0.147,0.64
G1591,23.59,0.773,0.159
G1592,16.33,1.473,0.0168
G1593,11.97,-0.116,0.865
G1594,1806.6,-0.335,0.194
G1595,132.89,-0.517,0.15
G1596,66.19,-0.435,0.296
G1597,27.48,1.231,0.0191
G1598,17.7,-0.716,0.233
G1599,19.69,-0.799,0.169
G1600,597.04,-0.08,0.779
G1601,12.2,-0.129,0.849
G1602,31.46,0.066,0.896
G1603,5.22,-0.134,0.884
G1604,45.87,-0.18,0.693
G1605,24.22,-1.02,0.0613
G1606,438.45,0.283,0.34
G1607,108.95,0.025,0.947
G1608,202.19,0.267,0.422
G1609,8.93,-0.91,0.228
G1610,214.66,0.679,0.0392
G1611,75.34,0.303,0.454
G1612,10.32,-0.677,0.346
G1613,864.35,0.254,0.355
G1614,22.13,-0.272,0.627
G1615,14.83,0.407,0.522
G1616,3381.11,0.187,0.45
G1617,1323.68,-0.162,0.539
G1618,1040.5,-0.778,0.00391
G1619,13.96,-1.079,0.096
G1620,14.44,-0.018,0.978
G1621,58.19,-0.422,0.326
G1622,2110.41,-0.155,0.543
G1623,243.97,-0.108,0.738
G1624,192.71,-0.06,0.858
G1625,299.9,-0.024,0.939
G1626,24.12,-0.18,0.742
G1627,75.43,-0.447,0.269
G1628,41.86,-0.394,0.399
G1629,9.24,-1.068,0.152
G1630,1970.12,-0.207,0.419
G1631,10.88,-2.381,0.000733
G1632,1.52,-1.198,0.43
G1633,43.78,-0.751,0.104
G1634,102.91,-0.287,0.447
G1635,19.97,-0.456,0.43
G1636,527.96,-0.39,0.178
G1637,4.56,0.209,0.829
G1638,35.68,2.034,3.06e-05
G1639,11.21,-0.421,0.546
G1640,602.95,0.291,0.308
G1641,124.09,0.228,0.531
G1642,83.59,0.055,0.889
G1643,66.04,-0.936,0.0248
G1644,128.88,-0.181,0.616
G1645,64.02,-0.203,0.629
G1646,29.62,-1.036,0.0438
G1647,12.49,-0.714,0.289
G1648,42.72,3.057,4.8e-11
G1649,57,0.009,0.983
G1650,208.64,0.194,0.558
G1651,65.13,0.082,0.845
G1652,232,-0.101,0.756
G1653,83.21,0.325,0.411
G1654,833.15,-0.112,0.684
G1655,34.06,0.048,0.923
G1656,268.99,-0.066,0.835
G1657,40.97,0.365,0.437
G1658,294.99,0.378,0.227
G1659,40.21,-0.387,0.413
G1660,294.08,-0.256,0.414
G1661,56.36,-0.651,0.133
G1662,29.34,-0.382,0.459
G1663,31.43,0.958,0.058
G1664,48.93,-0.109,0.808
G1665,29.74,0.233,0.65
G1666,236.91,0,1
G1667,21.96,-0.263,0.639
G1668,339.09,-0.349,0.255
G1669,3.91,1.585,0.124
G1670,263.09,-0.253,0.427
G1671,51.25,-0.531,0.231
G1672,752.94,-0.311,0.264
G1673,181.36,0.191,0.573
G1674,211.95,0.244,0.46
G1675,284.03,0.012,0.97
G1676,18.79,0.639,0.278
G1677,67.27,0.469,0.259
G1678,2524.34,-0.255,0.311
G1679,86.27,-0.035,0.929
G1680,7.99,-0.443,0.573
G1681,7.22,-0.327,0.688
G1682,24.48,-0.032,0.953
G1683,24.36,1.2,0.0274
G1684,223.24,0.589,0.0717
G1685,27.79,-0.616,0.239
G1686,138.21,-0.533,0.134
G1687,571.01,-0.074,0.797
G1688,18.46,0.033,0.956
G1689,38.5,-0.072,0.88
G1690,101.05,0.172,0.65
G1691,12.56,2.325,0.000535
G1692,118.9,-0.04,0.913
G1693,25.23,-0.111,0.837
G1694,27.34,0.096,0.855
G1695,156.32,0.998,0.00413
G1696,5.02,0.71,0.447
G1697,182.86,-0.548,0.105
G1698,61.62,0.403,0.342
G1699,678.1,0.138,0.624
G1700,2349.53,0.033,0.896
G1701,27.74,0.015,0.977
G1702,32.75,0.215,0.667
G1703,96.91,-0.437,0.253
G1704,28.09,0.568,0.276
G1705,216.18,-0.343,0.297
G1706,113.34,-0.064,0.863
G1707,233.37,-0.179,0.581
G1708,39.51,0.085,0.858
G1709,312.35,0.515,0.0972
G1710,6.54,0.887,0.294
G1711,530.15,-0.256,0.377
G1712,187.86,-0.018,0.957
G1713,22.59,0.482,0.387
G1714,9.35,-1.623,0.029
G1715,195.12,-0.241,0.471
G1716,70.5,0.275,0.503
G1717,118.58,-0.742,0.0432
G1718,53.38,0.024,0.956
G1719,48.43,-0.343,0.446
G1720,183.87,-0.759,0.0247
G1721,59.95,-0.283,0.507
G1722,22.76,0.437,0.431
G1723,23.67,0.408,0.457
G1724,85.82,0.591,0.132
G1725,88.17,0.117,0.764
G1726,36.97,0.097,0.841
G1727,76.61,0.581,0.149
G1728,320.39,-0.396,0.201
G1729,71.28,-0.698,0.0883
G1730,14.19,-0.692,0.283
G1731,1167.11,0.544,0.0415
G1732,116.31,-0.096,0.794
G1733,95.74,-0.938,0.0145
G1734,84.82,-0.584,0.138
G1735,2.93,0.36,0.755
G1736,63.36,-0.594,0.158
G1737,50.6,-0.034,0.939
G1738,4.86,1.843,0.0513
G1739,33.02,-0.094,0.85
G1740,7.49,-0.648,0.421
G1741,25.09,1.337,0.0132
G1742,28.7,-0.413,0.426
G1743,29.88,0.601,0.241
G1744,79.44,-0.152,0.704
G1745,485.93,-0.191,0.514
G1746,8.82,-0.263,0.729
G1747,146.41,0.515,0.144
G1748,309.64,-0.15,0.63
G1749,229.73,0.461,0.157
G1750,77.3,0.263,0.513
G1751,143.38,0.038,0.914
G1752,13.87,-0.106,0.87
G1753,51.93,0.487,0.271
G1754,2.82,-1.827,0.119
G1755,11.06,0.127,0.856
G1756,84.28,-0.324,0.411
G1757,1331.57,-0.239,0.365
G1758,41.8,0.151,0.747
G1759,17.29,-0.485,0.423
G1760,394.42,-0.239,0.427
G1761,706.95,-0.593,0.0343
G1762,5.12,0.766,0.409
G1763,39.53,-1.874,7.83e-05
G1764,453.48,0.009,0.976
G1765,35.84,-0.075,0.878
G1766,66.89,-0.516,0.214
G1767,158.37,-0.255,0.463
G1768,255.96,0.087,0.786
G1769,40.47,-0.119,0.801
G1770,101.38,-0.093,0.806
G1771,23.6,0.872,0.112
G1772,207.39,-0.075,0.821
G1773,208.46,0.173,0.601
G1774,512.29,-0.445,0.126
G1775,24.38,0.267,0.624
G1776,2.43,0.154,0.902
G1777,4.9,-1.333,0.157
G1778,213.68,0.475,0.149
G1779,30.91,-0.648,0.202
G1780,70.72,-0.086,0.834
G1781,70.51,-0.563,0.17
G1782,26.13,-0.616,0.248
G1783,20.74,-1.08,0.0587
G1784,4.22,0.187,0.851
G1785,5.35,-2.415,0.00808
G1786,205.07,0.346,0.297
G1787,798.46,-0.081,0.77
G1788,24.31,0.322,0.554
G1789,115.24,0.243,0.51
G1790,1036.04,0.597,0.0269
G1791,33.78,-0.364,0.462
G1792,232.36,-0.176,0.588
G1793,16.07,0.79,0.202
G1794,9.04,0.175,0.816
G1795,40.27,-0.447,0.344
G1796,35.45,0.013,0.979
G1797,3.97,-0.31,0.762
G1798,617.91,0.056,0.844
G1799,48.91,0.388,0.387
G1800,32.24,-1.402,0.00521
G1801,27.74,-0.341,0.515
G1802,45.07,-0.036,0.937
G1803,42.89,-0.284,0.541
G1804,665.89,-0.067,0.812
G1805,60.66,-1.161,0.00635
G1806,854.14,0.114,0.678
G1807,26.82,0.526,0.32
G1808,28.01,-0.427,0.414
G1809,26.84,0.396,0.454
G1810,10.42,-0.794,0.267
G1811,695.81,0.38,0.176
G1812,28.66,0.686,0.186
G1813,404.67,-0.24,0.423
G1814,241.48,0.012,0.97
G1815,171.45,0.183,0.593
G1816,10.29,1.039,0.148
G1817,27.74,-0.091,0.862
G1818,134.02,-0.262,0.465
G1819,948.75,0.278,0.307
G1820,127.83,-0.406,0.261
G1821,56.5,-0.26,0.548
G1822,123.67,1.774,1.09e-06
G1823,17.84,0.657,0.273
G1824,43.86,0.439,0.342
G1825,54.21,-0.561,0.2
G1826,64.77,0.299,0.475
G1827,23.76,-0.136,0.804
G1828,4.96,0.267,0.776
G1829,391,0.336,0.264
G1830,150.68,-0.033,0.925
G1831,6.44,0.869,0.307
G1832,4.96,-2.433,0.00952
G1833,55.24,-0.036,0.934
G1834,6.45,-1.096,0.197
G1835,49.26,0.101,0.822
G1836,46.02,-0.109,0.811
G1837,77.57,0.029,0.942
G1838,20.46,0.782,0.173
G1839,907.71,0.111,0.684
G1840,33.24,-1.163,0.0194
G1841,127.84,0.3,0.407
G1842,219.75,0.005,0.988
G1843,285.55,-0.21,0.505
G1844,11.34,0.997,0.151
G1845,476.64,-0.222,0.449
G1846,36.63,-0.277,0.567
G1847,278.97,0.295,0.35
G1848,3.05,-0.08,0.944
G1849,1.85,-0.597,0.669
G1850,835.96,-0.09,0.744
G1851,246.02,-0.819,0.011
G1852,592.4,0.227,0.427
G1853,24.15,0.986,0.0707
G1854,169.71,-0.165,0.63
G1855,24.71,0.5,0.356
G1856,647.13,0.101,0.721
G1857,181.27,0.201,0.553
G1858,132.43,-0.706,0.0493
G1859,208.95,0.214,0.518
G1860,2350.28,-0.321,0.205
G1861,58.15,0.236,0.583
G1862,34.87,-0.538,0.273
G1863,323,-0.35,0.257
G1864,46.37,0.297,0.514
G1865,18.24,-0.22,0.711
G1866,86.7,0.021,0.957
G1867,62.32,1.778,2.59e-05
G1868,34.47,-0.575,0.243
G1869,18.34,-0.658,0.268
G1870,95.23,-0.446,0.245
G1871,15.03,-0.573,0.365
G1872,0.75,-1.113,0.59
G1873,55.13,-0.379,0.384
G1874,3.72,0.583,0.579
G1875,49.14,-0.242,0.589
G1876,322.53,-0.596,0.0538
G1877,15.18,0.822,0.192
G1878,22.68,0.756,0.174
G1879,18.74,-1.048,0.0755
G1880,214.84,-0.169,0.608
G1881,28.32,-0.066,0.899
G1882,210.82,-0.219,0.507
G1883,206.81,0.271,0.413
G1884,50.17,0.483,0.279
G1885,71.38,-0.66,0.107
G1886,478.55,-0.278,0.343
G1887,149.14,0.359,0.306
G1888,17.48,1.355,0.0246
G1889,30.42,0.253,0.62
G1890,37.39,0.282,0.558
G1891,155.14,-0.924,0.00801
G1892,155.7,0.338,0.332
G1893,25.94,-0.195,0.715
G1894,980.56,-0.021,0.938
G1895,177.66,0.128,0.707
G1896,13.6,-0.368,0.574
G1897,13.33,-1.661,0.0116
G1898,2597.87,0.272,0.279
G1899,89.28,-0.295,0.449
G1900,33.62,-0.568,0.252
G1901,6.91,0.707,0.394
G1902,20.14,0.439,0.446
G1903,2.37,-0.45,0.721
G1904,223.89,-0.295,0.367
G1905,47.93,-0.581,0.198
G1906,193.33,0.501,0.135
G1907,1519.71,-0.109,0.676
G1908,21.8,-1.123,0.046
G1909,19.27,-1.05,0.0724
G1910,43.22,0.316,0.495
G1911,136.28,-0.27,0.45
G1912,190.09,-0.272,0.418
G1913,178.74,-0.16,0.638
G1914,715.02,0.175,0.532
G1915,338.74,-0.433,0.158
G1916,21.43,0.428,0.449
G1917,120.75,-0.046,0.9
G1918,51.18,0.493,0.266
G1919,52.85,0.23,0.601
G1920,236.91,0.256,0.429
G1921,339.73,0.146,0.634
G1922,131.22,0.3,0.404
G1923,520.55,-0.175,0.546
G1924,4.74,0.165,0.863
G1925,124.12,-0.093,0.798
G1926,8.03,0.43,0.584
G1927,28.7,-0.136,0.793
G1928,146.47,-0.041,0.907
G1929,50.76,0.297,0.504
G1930,19.42,0.311,0.594
G1931,563.75,-0.038,0.895
G1932,8.15,0.769,0.324
G1933,183.54,-0.253,0.454
G1934,2.48,-0.171,0.89
G1935,81.2,0.313,0.431
G1936,6.17,-0.531,0.539
G1937,2.45,-2.42,0.0514
G1938,88.43,0.052,0.894
G1939,381.26,-1.015,0.000775
G1940,18.62,0.406,0.492
G1941,443.89,-0.035,0.906
G1942,23.71,-0.383,0.485
G1943,49.89,0.595,0.183
G1944,6.41,0.959,0.26
G1945,186.29,-0.108,0.749
G1946,83.96,0.344,0.383
G1947,248.39,0.012,0.97
G1948,863.06,-0.343,0.211
G1949,281.35,0.365,0.247
G1950,15.47,0.049,0.938
G1951,70.85,-0.272,0.507
G1952,84.6,-0.208,0.598
G1953,122.95,0.34,0.351
G1954,43.06,-0.519,0.263
G1955,187.74,-1.054,0.00175
G1956,46.83,-0.185,0.684
G1957,74.14,0.246,0.544
G1958,76.03,-0.322,0.425
G1959,103.15,-0.264,0.484
G1960,21.11,0.12,0.833
G1961,176.46,-2.573,1e-12
G1962,410.35,0.247,0.409
G1963,114.23,0.291,0.431
G1964,275.77,-0.359,0.256
G1965,101.99,0.244,0.519
G1966,8.45,-1.4,0.0692
G1967,7.05,0.286,0.728
G1968,124.16,0.029,0.936
G1969,46.2,-0.354,0.437
G1970,27.27,-0.035,0.947
G1971,16.06,0.381,0.538
G1972,42.11,-0.879,0.0596
G1973,13.16,0.664,0.315
G1974,11.07,-0.41,0.559
G1975,22.74,-0.09,0.871
G1976,229.63,-0.499,0.125
G1977,9.34,-0.095,0.898
G1978,1788.28,0.413,0.109
G1979,37.48,-0.015,0.975
G1980,511.66,-0.407,0.162
G1981,544.19,0.137,0.635
G1982,338.48,-0.523,0.0884
G1983,7.57,0.059,0.941
G1984,5908.61,0.237,0.325
G1985,95.39,-0.302,0.431
G1986,207.08,0.178,0.591
G1987,100.89,0.481,0.205
G1988,24.2,0.093,0.865
G1989,4498.9,0.116,0.634
G1990,15.37,0.471,0.453
G1991,23.46,0.496,0.367
G1992,9.23,0.025,0.973
G1993,469.52,-0.137,0.641
G1994,359.78,-0.363,0.233
G1995,22.35,-0.184,0.742
G1996,85.41,-0.877,0.0257
G1997,292.16,0.369,0.239
G1998,61.02,0.536,0.207
G1999,20.71,-0.897,0.117
G2000,26.09,-0.061,0.909
G2001,1.79,0.121,0.932
G2002,15.08,-0.242,0.702
G2003,29.63,0.098,0.849
G2004,18.37,0.587,0.322
G2005,15.8,-0.345,0.579
G2006,21.66,0.034,0.952
G2007,63.52,0.01,0.981
G2008,31.53,0.522,0.301
G2009,84.65,-0.102,0.796
G2010,494.89,-0.233,0.425
G2011,9.72,1.297,0.0769
G2012,15.69,0.363,0.561
G2013,32.61,0.338,0.499
G2014,26.6,-0.3,0.572
G2015,95.64,0.185,0.63
G2016,106.81,0.155,0.679
G2017,33.81,-0.314,0.526
G2018,34.31,0.193,0.696
G2019,109.39,0.439,0.239
G2020,27.81,0.112,0.831
G2021,182.87,0.542,0.109
G2022,66.95,0.558,0.179
G2023,378.44,-0.054,0.858
G2024,114.72,-0.488,0.186
G2025,122.66,-0.139,0.703
G2026,49.52,0.234,0.601
G2027,340.7,-0.258,0.4
G2028,73.65,0.065,0.873
G2029,1746.79,-0.3,0.245
G2030,613.87,0.304,0.285
G2031,4.15,-0.099,0.922
G2032,72.36,0.201,0.622
G2033,15.77,-0.517,0.407
G2034,314.43,0.452,0.145
G2035,1474.44,-1.208,3.9e-06
G2036,16.23,-0.634,0.304
G2037,639.22,0.084,0.767
G2038,19.4,0.353,0.545
G2039,65.31,-2.78,2.91e-11
G2040,21.3,0.934,0.0993
G2041,70.48,-0.019,0.963
G2042,84.79,0.199,0.613
G2043,281.49,0.064,0.839
G2044,7.06,-0.465,0.572
G2045,32.98,-0.732,0.142
G2046,3.77,0.559,0.592
G2047,8.48,-0.435,0.572
G2048,15.18,0.431,0.494
G2049,82.45,0.295,0.457
G2050,35.68,0.139,0.776
G2051,56.2,-0.466,0.282
G2052,11.14,-0.518,0.459
G2053,97.79,-0.435,0.255
G2054,11.84,-0.439,0.522
G2055,141.78,0.139,0.695
G2056,326.99,-0.468,0.129
G2057,82.82,0.015,0.97
G2058,70.98,0.092,0.822
G2059,110.53,0.258,0.488
G2060,5.1,0.457,0.623
G2061,105.6,0.156,0.678
G2062,12.56,-0.072,0.915
G2063,1071.85,0.195,0.468
G2064,1184.55,-0.166,0.533
G2065,131.78,-0.047,0.896
G2066,10.88,0.703,0.319
G2067,8.35,0.533,0.491
G2068,6.14,0.036,0.967
G2069,1461.5,0.275,0.294
G2070,24.47,-0.847,0.119
G2071,83.39,-0.384,0.331
G2072,93.56,-0.205,0.595
G2073,75.24,0.237,0.558
G2074,53.84,-2.217,4.17e-07
G2075,8193.55,0.316,0.184
G2076,111.16,-0.548,0.14
G2077,188.32,-0.398,0.237
G2078,15.16,0.074,0.907
G2079,8.94,0.168,0.824
G2080,10.38,1.336,0.0623
G2081,535.75,0.067,0.817
G2082,1443.91,0.446,0.0888
G2083,1.45,-0.9,0.561
G2084,222.1,0.453,0.166
G2085,323,0.024,0.938
G2086,78.98,0.281,0.482
G2087,19.44,-0.035,0.952
G2088,230.39,0.108,0.74
G2089,2.3,0.716,0.574
G2090,44.65,0.242,0.598
G2091,232.61,-0.497,0.126
G2092,109.09,0.389,0.297
G2093,13.46,-0.049,0.94
G2094,607.04,-0.115,0.687
G2095,22.48,-0.183,0.743
G2096,132.82,-0.771,0.0317
G2097,103.93,-1.742,3.81e-06
G2098,4.41,-0.713,0.468
G2099,61.58,-0.123,0.772
G2100,142.31,-1.026,0.00376
G2101,2.27,-0.246,0.848
G2102,47.4,0.147,0.745
G2103,1835.47,0.787,0.00223
G2104,0.15,0.122,0.961
G2105,98.14,0.201,0.598
G2106,1042.65,0.238,0.377
G2107,89.06,-0.301,0.44
G2108,75.62,2.066,3.15e-07
G2109,145.44,0.086,0.807
G2110,24.76,0.634,0.242
G2111,343.33,0.079,0.797
G2112,267.8,0.104,0.743
G2113,661.22,-0.448,0.112
G2114,1.29,3.589,0.0276
G2115,1529.33,-0.361,0.166
G2116,29.23,0.491,0.341
G2117,52.07,0.101,0.819
G2118,87.22,0.228,0.56
G2119,50.38,0.021,0.962
G2120,96.68,-0.084,0.826
G2121,9.92,-0.373,0.608
G2122,427.29,0.484,0.104
G2123,1640.69,0.11,0.672
G2124,508.09,0.184,0.527
G2125,22.24,-0.419,0.454
G2126,8.77,-0.965,0.204
G2127,136.98,-0.303,0.396
G2128,123.27,-0.357,0.327
G2129,10.2,-1.039,0.15
G2130,126.91,-0.065,0.858
G2131,15.54,0.344,0.583
G2132,2.17,-0.135,0.918
G2133,31.52,-0.093,0.854
G2134,130.52,0.207,0.565
G2135,67.37,0.272,0.512
G2136,12.64,0.239,0.721
G2137,536.56,-0.337,0.244
G2138,3721.74,-0.057,0.817
G2139,220.7,0.016,0.961
G2140,159.87,-0.152,0.661
G2141,8,-0.315,0.688
G2142,109.33,0.339,0.363
G2143,5.3,-1.576,0.085
G2144,17.08,0.708,0.244
G2145,81.47,-0.043,0.914
G2146,20.21,0.404,0.483
G2147,224.56,0.307,0.347
G2148,555.97,-0.146,0.612
G2149,90.57,-0.346,0.373
G2150,45.56,0.161,0.725
G2151,21.73,0.207,0.713
G2152,670.08,0.298,0.29
G2153,418.77,0.13,0.663
G2154,39.22,-0.561,0.238
G2155,25.19,-0.577,0.284
G2156,4.21,1.484,0.138
G2157,5.78,-0.045,0.959
G2158,11.95,0.195,0.775
G2159,96.94,-0.076,0.843
G2160,158.68,0.67,0.0535
G2161,149.21,0.269,0.443
G2162,3.78,-0.614,0.556
G2163,71.3,-0.237,0.563
G2164,4428.08,0.162,0.507
G2165,6.19,-0.253,0.769
G2166,58.61,0.075,0.861
G2167,46.84,0.545,0.23
G2168,20.73,-3.985,3.08e-12
G2169,8.46,-0.203,0.792
G2170,3424.88,-0.087,0.725
G2171,39.55,-0.243,0.609
G2172,22.18,0.305,0.586
G2173,61.42,0.309,0.466
G2174,57.64,-0.261,0.545
G2175,78.9,0.6,0.134
G2176,101.26,0.217,0.567
G2177,197.39,0.015,0.964
G2178,188.32,-0.568,0.0915
G2179,9.43,0.598,0.42
G2180,189.85,-0.279,0.407
G2181,80.48,-0.83,0.0372
G2182,1426.26,0.125,0.634
G2183,14.79,0.39,0.54
G2184,9.98,-0.806,0.267
G2185,22.18,-0.074,0.895
G2186,4.2,-0.837,0.403
G2187,11.27,-0.988,0.156
G2188,6.45,-1.367,0.108
G2189,107.38,2.389,1.76e-10
G2190,67.75,-0.06,0.885
G2191,22.19,0.143,0.798
G2192,196.13,-0.575,0.0854
G2193,40.01,-1.121,0.0178
G2194,168.08,0.654,0.0569
G2195,49.36,0.067,0.881
G2196,196.48,-1.094,0.00106
G2197,10.26,-0.45,0.532
G2198,10.2,-0.082,0.909
G2199,14.25,0.496,0.441
G2200,24.95,0.626,0.247
G2201,395.91,0.049,0.87
G2202,1725.15,0.058,0.822
G2203,139.78,0.135,0.704
G2204,128.51,-1.752,1.23e-06
G2205,17.04,-1.221,0.0445
G2206,177.35,-0.597,0.0792
G2207,5.04,0.299,0.749
G2208,75.04,-0.164,0.685
G2209,663.95,-0.04,0.887
G2210,303.5,-1.528,9.59e-07
G2211,1.45,1.125,0.468
G2212,19.94,-0.695,0.229
G2213,35.43,1.066,0.0292
G2214,1428.27,0.297,0.258
G2215,1.89,1.235,0.372
G2216,80.08,-0.061,0.878
G2217,32.35,0.369,0.462
G2218,33.31,-0.548,0.27
G2219,17.99,1.72,0.00398
G2220,10.15,-0.214,0.767
G2221,6245.52,-0.184,0.444
G2222,30.4,0.56,0.272
G2223,115.1,-0.022,0.952
G2224,11.78,-0.1,0.884
G2225,9.2,0.665,0.374
G2226,23.36,1.054,0.0558
G2227,162.61,0.233,0.5
G2228,11.84,0.312,0.649
G2229,163.54,-0.227,0.511
G2230,3.45,0.894,0.408
G2231,81.45,0.632,0.112
G2232,76.83,0.385,0.339
G2233,113.47,-0.007,0.985
G2234,22.38,-0.821,0.141
G2235,5.13,0.179,0.847
G2236,462.83,0.184,0.532
G2237,180.46,-0.319,0.347
G2238,20.28,-0.273,0.635
G2239,590.27,0.756,0.00818
G2240,81.67,0.037,0.926
G2241,117.2,0.354,0.336
G2242,134.47,-0.509,0.155
G2243,56.05,0.406,0.349
G2244,190.53,-0.503,0.134
G2245,38.7,0.054,0.91
G2246,177.06,-0.789,0.0204
G2247,1.96,-2.224,0.103
G2248,297.75,0.453,0.147
G2249,34.1,-0.148,0.764
G2250,292.41,-0.833,0.0079
G2251,23.89,0.279,0.61
G2252,328.93,-0.172,0.577
G2253,35.57,0.883,0.0705
G2254,21.43,-0.462,0.414
G2255,203.43,0.623,0.0607
G2256,4.37,0.094,0.924
G2257,12.37,0.05,0.941
G2258,4.2,0.835,0.404
G2259,169.96,-0.532,0.121
G2260,150.75,0.065,0.853
G2261,27.25,-1.088,0.0388
G2262,1.87,-1.862,0.18
G2263,29.89,1.41,0.00595
G2264,148.44,-0.026,0.941
G2265,0.46,1.448,0.56
G2266,28.14,0.143,0.784
G2267,7.23,1.472,0.0709
G2268,51,0.553,0.213
G2269,27.72,-0.336,0.521
G2270,54.06,0.349,0.425
G2271,6.19,-0.693,0.422
G2272,27.49,-1.596,0.00237
G2273,14.32,-0.148,0.818
G2274,60.37,-0.169,0.692
G2275,7.23,-0.064,0.937
G2276,9.73,-1.134,0.122
G2277,1025.95,0.109,0.686
G2278,16.06,0.119,0.848
G2279,43.8,0.179,0.698
G2280,41.22,-0.579,0.217
G2281,201.02,0.091,0.785
G2282,9.76,-0.582,0.427
G2283,265.51,-0.565,0.0758
G2284,35.52,0.952,0.0513
G2285,24.67,0.084,0.877
G2286,18.74,0.085,0.885
G2287,129.37,0.07,0.846
G2288,2.18,-1.641,0.208
G2289,51.32,-0.001,0.998
G2290,106.41,-0.118,0.753
G2291,82.54,-0.039,0.922
G2292,20.49,0.65,0.257
G2293,45.23,-0.533,0.244
G2294,82.24,0.232,0.558
G2295,5.22,1.468,0.111
G2296,23.01,0.381,0.491
G2297,233.26,-0.11,0.735
G2298,128.16,-0.265,0.463
G2299,96.77,0.443,0.247
G2300,16.36,-0.615,0.318
G2301,656.68,0.493,0.0809
G2302,63.09,0.528,0.21
G2303,27.14,0.422,0.423
G2304,9.8,-0.647,0.376
G2305,242.42,-0.125,0.699
G2306,8.19,0.817,0.294
G2307,204.06,-0.233,0.483
G2308,63.93,-0.026,0.951
G2309,145.45,-0.505,0.152
G2310,40.08,-0.138,0.77
G2311,42.53,-1.215,0.00903
G2312,26.84,-0.009,0.986
G2313,583.94,-0.091,0.751
G2314,437.24,-0.57,0.0546
G2315,113.08,-0.322,0.385
G2316,5.97,0.75,0.391
G2317,85.49,-0.108,0.783
G2318,90.25,0.197,0.612
G2319,646.45,-0.121,0.669
G2320,62.7,-0.625,0.139
G2321,14.27,-0.303,0.638
G2322,23.22,0.664,0.229
G2323,33.87,-1.101,0.0261
G2324,85.27,-0.288,0.464
G2325,28.5,-0.446,0.391
G2326,98.34,0.267,0.484
G2327,201.78,-0.385,0.247
G2328,692.36,-0.372,0.185
G2329,9.99,-0.531,0.465
G2330,172.08,0.03,0.93
G2331,31.5,1.364,0.00692
G2332,63.97,0.154,0.714
G2333,102.11,0.028,0.941
G2334,128.11,-0.062,0.864
G2335,71.05,0.693,0.0908
G2336,70.38,0.265,0.519
G2337,16.48,0.969,0.115
G2338,21.52,1.013,0.0729
G2339,37.03,0.808,0.0943
G2340,1756.65,-0.421,0.103
G2341,587.97,0.534,0.0619
G2342,18.93,0.952,0.105
G2343,24.76,-1.932,0.00036
G2344,23.61,0.411,0.454
G2345,125.55,0.12,0.741
G2346,987.97,-0.007,0.979
G2347,68.91,0.611,0.139
G2348,61.54,-0.385,0.364
G2349,15.67,-2.107,0.000737
G2350,607.77,0.181,0.525
G2351,3.99,1.725,0.0911
G2352,90,0,1
G2353,66.37,0.475,0.254
G2354,327.17,-0.131,0.671
G2355,480.45,-0.186,0.526
G2356,5,1.796,0.0549
G2357,41.33,-0.171,0.715
G2358,166.56,0.235,0.494
G2359,81.06,-0.318,0.424
G2360,16.47,0.495,0.42
G2361,382.87,0.393,0.193
G2362,10.82,0.037,0.958
G2363,33.74,-0.138,0.781
G2364,5.96,-0.693,0.429
G2365,15.04,0.195,0.758
G2366,43.22,0.316,0.495
G2367,3.4,0.546,0.616
G2368,65.06,-0.368,0.379
G2369,147.67,0.293,0.405
G2370,46.76,-0.903,0.0467
G2371,160.58,0.274,0.429
G2372,626.59,-0.204,0.472
G2373,1192.21,-0.333,0.211
G2374,61.07,0.144,0.735
G2375,10.75,2.227,0.00166
G2376,116.09,0.341,0.355
G2377,8.84,-0.659,0.385
G2378,478.56,-0.245,0.403
G2379,53.95,-0.867,0.0477
G2380,109.98,0.289,0.438
G2381,35.41,0.273,0.577
G2382,21.04,0.104,0.855
G2383,144.43,0.057,0.872
G2384,47.53,-0.167,0.712
G2385,51,-0.18,0.685
G2386,4.42,-0.439,0.655
G2387,100.12,-0.312,0.411
G2388,311.59,0.143,0.645
G2389,420,-0.101,0.735
G2390,185.71,0.282,0.403
G2391,84.73,-1.734,1.07e-05
G2392,99.62,-0.529,0.164
G2393,2.98,-0.426,0.71
G2394,25.72,0.677,0.206
G2395,23.7,-0.454,0.408
G2396,183.53,0.016,0.962
G2397,24.08,-0.267,0.625
G2398,331.59,0.417,0.176
G2399,78.68,-0.201,0.616
G2400,17.73,-0.191,0.75
G2401,4.03,2.319,0.0226
G2402,17.88,-0.076,0.899
G2403,264.27,-0.007,0.982
G2404,51.42,0.133,0.764
G2405,9.89,1.384,0.0576
G2406,42.93,0.238,0.608
G2407,47.89,0.732,0.105
G2408,646.19,0.499,0.0778
G2409,243.24,-0.155,0.631
G2410,76.1,-0.526,0.192
G2411,7.57,0.035,0.965
G2412,79.72,-0.431,0.28
G2413,63.42,-0.156,0.711
G2414,142.78,0.185,0.601
G2415,74.99,0.641,0.113
G2416,19.34,0.654,0.263
G2417,60.33,0.069,0.871
G2418,587.99,0.139,0.627
G2419,40.42,0.042,0.929
G2420,77.61,-0.244,0.543
G2421,30.3,0.568,0.266
G2422,229.74,0.026,0.936
G2423,0.72,-1.452,0.49
G2424,28.76,0.666,0.199
G2425,3.94,0.569,0.579
G2426,244.26,0.132,0.682
G2427,51.62,0.495,0.264
G2428,2269.23,-0.002,0.994
G2429,14.19,-0.396,0.539
G2430,34.26,0.612,0.215
G2431,14.28,3.021,2.66e-06
G2432,20.84,0.322,0.572
G2433,3.08,-0.172,0.879
G2434,22.33,-0.406,0.467
G2435,617.16,0.158,0.579
G2436,573.26,0.008,0.978
G2437,50,1.217,0.00639
G2438,11.98,-1.181,0.0835
G2439,236.99,0.229,0.48
G2440,189.54,0.324,0.335
G2441,126.22,-0.04,0.912
G2442,16.06,-0.403,0.515
G2443,635.15,-0.027,0.924
G2444,5.56,0.33,0.713
G2445,7.67,0.541,0.498
G2446,926.39,0.154,0.572
G2447,1173.01,-0.053,0.842
G2448,3.89,-0.828,0.422
G2449,12.53,0.269,0.689
G2450,72.54,0.041,0.92
G2451,6.07,1.194,0.17
G2452,136.97,-0.352,0.324
G2453,1.14,1.17,0.496
G2454,13.75,0.164,0.801
G2455,33.39,0.265,0.594
G2456,19.75,-0.115,0.843
G2457,78.45,0.106,0.791
G2458,76.15,-0.155,0.701
G2459,22.25,-0.806,0.149
G2460,241.52,-0.067,0.836
G2461,112.61,-0.186,0.616
G2462,282.34,2.241,1.17e-12
G2463,36.35,-0.813,0.0939
G2464,32.36,0.449,0.37
G2465,238.15,-0.478,0.14
G2466,7.71,1.11,0.163
G2467,7.93,-0.328,0.677
G2468,17.5,-1.078,0.0736
G2469,378.42,0.052,0.863
G2470,173.32,0.367,0.283
G2471,54.21,-0.736,0.0924
G2472,25.81,-0.72,0.178
G2473,24.3,0.713,0.19
G2474,9.25,0.758,0.31
G2475,128.84,0.605,0.0937
G2476,16.24,0.283,0.646
G2477,118.71,-0.168,0.647
G2478,305.51,-0.288,0.355
G2479,394.6,0.13,0.665
G2480,19.16,-0.956,0.103
G2481,571.04,-0.157,0.584
G2482,59.32,-0.29,0.498
G2483,725.02,0.373,0.182
G2484,97.29,0.622,0.104
G2485,0.8,-4.982,0.0131
G2486,208.48,-0.038,0.909
G2487,24.86,-1.223,0.0238
G2488,33.06,0.074,0.882
G2489,80.12,0.258,0.518
G2490,121.63,1.321,0.000296
G2491,113.9,-0.064,0.863
G2492,156.77,-0.414,0.234
G2493,42.96,0.457,0.325
G2494,6.56,-0.055,0.948
G2495,7.86,-1.782,0.0242
G2496,24.19,-0.153,0.779
G2497,87.23,0.178,0.649
G2498,44.6,0.555,0.227
G2499,8.06,0.327,0.676
G2500,6.79,0.949,0.255
G2501,27.47,0.228,0.664
G2502,89.18,0.748,0.0548
G2503,160.05,-0.308,0.374
G2504,1.32,3.982,0.0135
G2505,25.33,0.215,0.689
G2506,26.07,-0.183,0.732
G2507,86.23,-0.587,0.135
G2508,57.39,-0.198,0.646
G2509,145.19,-0.102,0.772
G2510,31.93,-0.851,0.0908
G2511,239.8,0.168,0.603
G2512,40.49,0.047,0.921
G2513,2.27,-1.076,0.401
G2514,82.52,-0.105,0.791
G2515,688.27,-0.195,0.488
G2516,107.42,0.238,0.525
G2517,66.95,-0.105,0.801
G2518,214.13,-0.319,0.333
G2519,576.07,-0.677,0.0182
G2520,38.86,0.303,0.525
G2521,3.92,-0.485,0.637
G2522,6.59,-0.9,0.286
G2523,17.22,-0.194,0.749
G2524,80.44,-1.148,0.00396
G2525,43.19,0.28,0.546
G2526,743.64,0.41,0.141
G2527,2.4,-0.24,0.848
G2528,427.22,-0.322,0.279
G2529,537.21,0.161,0.578
G2530,9.31,-1.117,0.133
G2531,10.21,-0.315,0.662
G2532,205.77,-0.645,0.0517
G2533,12.41,-0.193,0.775
G2534,5.36,0.469,0.607
G2535,626.3,0.029,0.919
G2536,51.24,-0.395,0.373
G2537,0.95,-0.57,0.759
G2538,436.04,0.185,0.533
G2539,28.37,-1.155,0.0265
G2540,20.57,0.085,0.882
G2541,1087.16,0.719,0.00742
G2542,12.03,0.466,0.494
G2543,103.06,0.586,0.121
G2544,10.7,0.546,0.441
G2545,25.37,-0.641,0.233
G2546,129.59,-0.514,0.154
G2547,214.85,0.542,0.0996
G2548,2387.56,-0.34,0.179
G2549,73.65,-0.07,0.863
G2550,14.93,0.415,0.513
G2551,457.94,-0.272,0.356
G2552,14.87,-0.171,0.788
G2553,131.58,0.314,0.382
G2554,812.2,0.012,0.965
G2555,28.12,0.052,0.921
G2556,93.15,-0.445,0.249
G2557,53.45,-0.573,0.192
G2558,7.8,-1.315,0.0972
G2559,43.79,0.09,0.845
G2560,30.91,-0.095,0.852
G2561,311.65,-0.139,0.655
G2562,89.93,0.117,0.763
G2563,2.98,-0.947,0.409
G2564,18.28,-0.38,0.523
G2565,29.27,0.282,0.585
G2566,94.22,-0.21,0.585
G2567,49.81,-0.139,0.756
G2568,283.15,0.581,0.0652
G2569,22.69,0.913,0.101
G2570,474.85,-0.272,0.354
G2571,66.24,1.554,0.000191
G2572,383.55,0.064,0.832
G2573,17.07,1.793,0.00315
G2574,56.21,0.704,0.104
G2575,370.66,-0.17,0.575
G2576,3.43,-1.347,0.214
G2577,145.49,0.158,0.654
G2578,299.62,0.476,0.128
G2579,9.24,-0.467,0.532
G2580,45.42,0.441,0.335
G2581,2.21,-0.326,0.801
G2582,48.72,-0.624,0.165
G2583,234.89,-0.2,0.538
G2584,10.49,-0.945,0.186
G2585,86.84,-1.662,2.2e-05
G2586,180.69,-0.174,0.608
G2587,37.33,-0.106,0.826
G2588,36.66,-0.624,0.198
G2589,175.52,-0.266,0.435
G2590,205.87,0.146,0.66
G2591,213.96,-0.103,0.755
G2592,7.16,-1.041,0.203
G2593,29.54,0.55,0.285
G2594,49.06,0.267,0.552
G2595,644.28,0.239,0.398
G2596,170.62,-0.128,0.709
G2597,54.8,-0.629,0.149
G2598,20.22,-0.115,0.842
G2599,13.11,0.662,0.317
G2600,43.51,0.477,0.302
G2601,37.83,-0.7,0.145
G2602,16.15,-0.002,0.997
G2603,46.85,-0.615,0.175
G2604,54.84,-0.777,0.0748
G2605,19.13,-0.99,0.091
G2606,370.98,0.051,0.866
G2607,70.4,0.512,0.213
G2608,135.9,-0.198,0.579
G2609,70.83,0.695,0.0901
G2610,354.51,-0.71,0.0199
G2611,42.42,-0.254,0.585
G2612,10.77,0.087,0.902
G2613,99.91,-0.495,0.193
G2614,59.04,-0.181,0.673
G2615,1371.1,0.198,0.452
G2616,158.45,-0.396,0.254
G2617,31.8,0.977,0.0524
G2618,3.04,1.171,0.303
G2619,264.47,0.179,0.574
G2620,21.52,-0.991,0.0794
G2621,12.41,0.843,0.211
G2622,12.14,-0.903,0.184
G2623,119.41,0.452,0.217
G2624,7.41,1.204,0.136
G2625,11.01,-0.602,0.391
G2626,0.75,-0.647,0.754
G2627,18.15,0.344,0.564
G2628,74.3,0.033,0.935
G2629,11.49,-0.485,0.483
G2630,247.49,0.177,0.582
G2631,88.71,0.004,0.992
G2632,123.96,-0.173,0.634
G2633,7.32,-0.137,0.866
G2634,11.28,0.76,0.275
G2635,99.75,-0.431,0.257
G2636,322.41,-0.407,0.188
G2637,169.43,-0.301,0.38
G2638,81.37,0.055,0.89
G2639,23.91,-0.052,0.924
G2640,208.99,-0.008,0.981
G2641,381.2,0.363,0.229
G2642,137.08,0.687,0.0541
G2643,145.64,-0.349,0.322
G2644,161.23,-0.33,0.34
G2645,153.56,0.297,0.395
G2646,21,-0.536,0.346
G2647,658.83,0.02,0.944
G2648,12.61,0.699,0.297
G2649,3.09,-1.15,0.309
G2650,16.27,-0.352,0.568
G2651,69.32,0.569,0.167
G2652,23.65,-0.78,0.155
G2653,104.49,-0.378,0.315
G2654,21.35,0.745,0.188
G2655,63.02,0.53,0.209
G2656,1.7,-0.015,0.992
G2657,700.48,-0.067,0.811
G2658,379.74,-0.185,0.54
G2659,2.37,-0.05,0.968
G2660,37.71,0.412,0.391
G2661,127.89,-0.592,0.101
G2662,57.51,0.459,0.287
G2663,3497.49,-0.108,0.662
G2664,135.81,-0.462,0.196
G2665,765.31,0.121,0.663
G2666,255.35,0.121,0.705
G2667,15.6,-0.763,0.222
G2668,33.94,-0.036,0.942
G2669,206.43,0.098,0.767
G2670,8.75,-0.33,0.665
G2671,46.75,0.27,0.552
G2672,300.24,0.239,0.444
G2673,61.13,0.166,0.696
G2674,147.26,-0.016,0.964
G2675,463.15,0.274,0.352
G2676,9.59,0.025,0.973
G2677,15.77,0.496,0.426
G2678,843.33,0.049,0.859
G2679,62.09,-0.274,0.517
G2680,57.18,0.241,0.577
G2681,63.93,0.946,0.0243
G2682,4.31,0.755,0.446
G2683,409.9,-0.327,0.274
G2684,6.21,0.865,0.316
G2685,517.19,-0.47,0.106
G2686,144.06,0.665,0.0598
G2687,99.75,0.131,0.73
G2688,35.66,-1.857,0.000141
G2689,18.38,1.159,0.0507
G2690,2008.96,-0.081,0.751
G2691,47.43,0.057,0.9
G2692,17.42,1.21,0.0449
G2693,71.09,2.687,5.47e-11
G2694,189.26,-0.63,0.061
G2695,101.79,0.188,0.619
G2696,189.59,-0.43,0.201
G2697,13.93,-0.453,0.485
G2698,8.33,-0.431,0.578
G2699,10.68,0.617,0.385
G2700,16.36,0.485,0.431
G2701,644.49,-0.22,0.437
G2702,50.22,-0.37,0.407
G2703,101.4,0.345,0.363
G2704,1322.05,0.08,0.762
G2705,15.85,0.242,0.697
G2706,32.3,-0.099,0.844
G2707,216.28,0.251,0.445
G2708,48.84,0.202,0.653
G2709,332.91,-0.173,0.574
G2710,404,-2.499,1e-12
G2711,22.15,-0.136,0.808
G2712,395.23,0.118,0.695
G2713,55.32,-0.794,0.068
G2714,14.47,-0.499,0.436
G2715,13.54,0.229,0.727
G2716,32.97,-0.122,0.807
G2717,107.34,-0.145,0.699
G2718,20.92,-0.493,0.387
G2719,18.69,-0.776,0.188
G2720,422.46,1.026,0.000572
G2721,72.38,-0.383,0.348
G2722,6.25,-0.848,0.324
G2723,213.24,-0.417,0.206
G2724,12.56,0.328,0.625
G2725,32.69,-1.125,0.0244
G2726,202.13,0.313,0.347
G2727,35.09,-0.444,0.365
G2728,111.4,-0.552,0.137
G2729,16.94,-0.567,0.352
G2730,98.4,0.022,0.954
G2731,253.09,0.038,0.906
G2732,60.02,0.025,0.953
G2733,58.34,-0.393,0.36
G2734,439.34,2.056,3.97e-12
G2735,76.23,0.633,0.116
G2736,4.17,2.558,0.0108
G2737,16.88,-0.377,0.536
G2738,249.28,0.465,0.148
G2739,17.96,0.48,0.422
G2740,327.28,0.888,0.00399
G2741,120.51,-0.343,0.348
G2742,2.31,-0.937,0.462
G2743,295.03,0.2,0.523
G2744,172.71,0.362,0.289
G2745,935.28,0.274,0.314
G2746,25.87,-0.353,0.509
G2747,196.64,-0.049,0.883
G2748,1.52,0.104,0.945
G2749,70.83,0.465,0.257
G2750,9.79,0.298,0.684
G2751,115.35,-0.581,0.115
G2752,436.13,0.058,0.845
G2753,36.96,-0.255,0.598
G2754,27.38,-0.304,0.563
G2755,41.54,-0.078,0.868
G2756,138.28,-0.543,0.127
G2757,592.08,0.544,0.0569
G2758,45.84,-0.11,0.81
G2759,35.38,-0.262,0.592
G2760,221.14,0.405,0.216
G2761,362.3,0.045,0.882
G2762,20.17,0.201,0.727
G2763,180.7,0.203,0.549
G2764,122.39,-0.425,0.244
G2765,94.06,-0.133,0.73
G2766,312.45,-0.163,0.6
G2767,11.57,-0.185,0.789
G2768,219.04,-0.596,0.0693
G2769,6.53,-0.634,0.454
G2770,3,0.523,0.647
G2771,9.37,0.061,0.935
G2772,22.87,0.975,0.0787
G2773,423.2,-1.133,0.000142
G2774,16866.52,0.19,0.413
G2775,776.25,0.653,0.0186
G2776,5512.59,0.147,0.543
G2777,432.94,-0.166,0.576
G2778,9.22,0.532,0.476
G2779,20.49,0.417,0.467
G2780,45.07,0.469,0.306
G2781,429.54,-0.302,0.31
G2782,57.49,0.002,0.996
G2783,847.68,-0.058,0.833
G2784,71.84,0.546,0.182
G2785,266.48,-0.162,0.61
G2786,247.28,0.163,0.612
G2787,28.98,-0.164,0.751
G2788,13.06,0.016,0.981
G2789,201.3,0.566,0.089
G2790,1774.92,-0.06,0.816
G2791,626.39,2.173,1e-12
G2792,98.75,0.129,0.735
G2793,17.86,0.16,0.789
G2794,41.04,-0.223,0.635
G2795,14.84,-1.194,0.0602
G2796,107.63,-0.209,0.577
G2797,39.3,0.004,0.993
G2798,9.23,0.039,0.958
G2799,5.83,-0.375,0.671
G2800,119.77,0.416,0.256
G2801,98.72,-0.558,0.143
G2802,7.51,0.007,0.993
G2803,25.61,0.363,0.498
G2804,24.99,-0.122,0.821
G2805,140.5,0.739,0.0374
G2806,211.09,-0.108,0.744
G2807,31.12,0.063,0.901
G2808,360.03,0.781,0.0103
G2809,207.61,-0.044,0.894
G2810,7.15,-1.477,0.0711
G2811,890.03,-0.179,0.513
G2812,20.45,-0.737,0.199
G2813,9.13,1.126,0.133
G2814,78.2,0.294,0.463
G2815,732.18,-0.325,0.244
G2816,5.22,-1.508,0.101
G2817,711.32,-0.055,0.844
G2818,30.19,-0.338,0.508
G2819,884.31,-0.054,0.844
G2820,8.07,0.355,0.65
G2821,1075.19,0.14,0.602
G2822,129.51,-0.828,0.0217
G2823,2.18,-0.557,0.669
G2824,5.16,0.083,0.928
G2825,25.82,0.162,0.762
G2826,50.63,-0.576,0.195
G2827,2.25,-0.116,0.928
G2828,197.55,-0.401,0.23
G2829,45.59,0.293,0.521
G2830,1.69,-0.465,0.749
G2831,98.95,-0.157,0.68
G2832,33.08,0.54,0.278
G2833,23.11,0.003,0.996
G2834,1.87,-1.041,0.454
G2835,30.79,0.502,0.323
G2836,46.76,0.168,0.711
G2837,7.96,0.872,0.268
G2838,187.04,-0.546,0.105
G2839,1572.72,0.158,0.544
G2840,0.18,1.798,0.469
G2841,147.16,0.415,0.238
G2842,288.06,0.468,0.136
G2843,26.89,-0.693,0.19
G2844,16.08,-0.821,0.185
G2845,6037.29,-0.31,0.198
G2846,6.26,1.019,0.236
G2847,18.87,0.357,0.544
G2848,49.48,-0.86,0.0546
G2849,86.52,-0.349,0.373
G2850,130.52,0.342,0.342
G2851,25.46,-0.228,0.671
G2852,134.31,0.226,0.528
G2853,1681.65,0.277,0.285
G2854,574.23,1.42,7.36e-07
G2855,26.16,0.149,0.78
G2856,6,1.163,0.183
G2857,90.92,-0.222,0.567
G2858,61.04,-0.116,0.785
G2859,9.54,3.171,1.73e-05
G2860,92.86,-0.432,0.263
G2861,3.25,-0.154,0.889
G2862,122.72,-0.22,0.546
G2863,40.61,0.052,0.912
G2864,44.13,-0.187,0.685
G2865,11.14,-0.99,0.157
G2866,547.33,0.206,0.475
G2867,2.08,-0.836,0.529
G2868,21.39,0.091,0.872
G2869,25.39,-0.426,0.428
G2870,96.63,0.223,0.56
G2871,13.79,0.334,0.608
G2872,532.47,-0.218,0.451
G2873,31.02,0.005,0.992
G2874,3297.24,1.316,1.1e-07
G2875,117.32,-0.557,0.13
G2876,8.39,0.873,0.258
G2877,90.13,-0.061,0.875
G2878,10.33,-0.425,0.554
G2879,354.66,1.501,8.57e-07
G2880,547.26,-0.714,0.0133
G2881,404.21,-0.523,0.0809
G2882,50.64,0.315,0.479
G2883,2945.5,-0.226,0.365
G2884,37.34,0.706,0.143
G2885,6.85,-2.528,0.00236
G2886,43.24,-0.089,0.848
G2887,13.08,0.333,0.615
G2888,5534.9,0.178,0.461
G2889,2334.61,0.371,0.143
G2890,59.93,0.788,0.0648
G2891,57.4,-0.14,0.745
G2892,324.02,0.091,0.768
G2893,23.06,0.368,0.506
G2894,13.39,0.953,0.147
G2895,7.32,-0.488,0.548
G2896,114.54,-0.099,0.789
G2897,331.12,-0.366,0.235
G2898,8978.33,-0.237,0.317
G2899,1684.46,0.034,0.896
G2900,23.89,-0.256,0.64
G2901,25.26,0.467,0.386
G2902,103.38,0.23,0.542
G2903,212.09,-0.866,0.00866
G2904,2227.19,0.442,0.0817
G2905,3.33,0.039,0.972
G2906,59.86,0.113,0.791
G2907,189.85,0.229,0.496
G2908,612.2,-0.174,0.541
G2909,151.21,-0.58,0.0976
G2910,75.64,-1.002,0.0131
G2911,57.86,0.011,0.98
G2912,4.45,0.514,0.599
G2913,70.74,0.177,0.666
G2914,118.73,0.281,0.444
G2915,823.92,-0.021,0.939
G2916,2202.98,0.072,0.777
G2917,362.88,-0.657,0.0307
G2918,58.85,0.115,0.788
G2919,456.97,0.358,0.225
G2920,68.22,-0.165,0.69
G2921,7.06,0.262,0.75
G2922,1058.55,0.101,0.707
G2923,4.77,-0.944,0.322
G2924,363.53,-0.222,0.465
G2925,359.02,0.036,0.906
G2926,11.25,0.615,0.378
G2927,9.95,-0.798,0.273
G2928,34.65,-0.982,0.0459
G2929,53.93,0.191,0.663
G2930,9.17,0.059,0.937
G2931,262.21,-0.207,0.516
G2932,472.38,-0.213,0.468
G2933,50.01,-0.481,0.281
G2934,68.11,0.729,0.0782
G2935,1152.97,-0.683,0.0106
G2936,147.99,0.18,0.609
G2937,169.59,-0.515,0.133
G2938,43.58,-1.01,0.0289
G2939,145.76,-0.17,0.63
G2940,288.41,-0.14,0.656
G2941,408.28,0.275,0.358
G2942,17.49,0.282,0.64
G2943,12.27,-0.184,0.786
G2944,3.81,-0.12,0.908
G2945,10.22,-0.224,0.756
G2946,212.91,-0.509,0.123
G2947,395.51,-0.345,0.251
G2948,163.11,-0.472,0.172
G2949,24.72,2.337,1.61e-05
G2950,0.84,-1.023,0.603
G2951,70.13,-0.142,0.73
G2952,2.62,1.28,0.29
G2953,163.54,0.297,0.389
G2954,52.32,-0.543,0.218
G2955,63.55,0.368,0.382
G2956,7.59,-1.126,0.16
G2957,173.89,-0.262,0.443
G2958,409.67,-0.124,0.678
G2959,77.2,0.913,0.0232
G2960,2.29,1.198,0.348
G2961,32.55,0.153,0.76
G2962,2.2,-0.425,0.743
G2963,5.7,0.368,0.679
G2964,6331.58,0.023,0.924
G2965,321.01,0.172,0.578
G2966,9.08,0.503,0.503
G2967,45.95,-0.179,0.695
G2968,728.69,-0.06,0.83
G2969,11.49,0.513,0.459
G2970,42.54,0.053,0.909
G2971,424.34,0.454,0.127
G2972,19.2,0.029,0.96
G2973,81.15,0.235,0.555
G2974,6.53,0.64,0.449
G2975,42.07,-0.308,0.509
G2976,450.66,0.012,0.968
G2977,149.06,-0.098,0.78
G2978,399.1,-0.329,0.273
G2979,50.05,-0.305,0.494
G2980,40.66,-0.421,0.371
G2981,3.47,0.035,0.974
G2982,170.6,0.381,0.266
G2983,176.56,0.039,0.909
G2984,112.09,-0.17,0.647
G2985,42.95,0.105,0.821
G2986,579.13,0.27,0.346
G2987,58.55,-0.494,0.25
G2988,295.7,0.093,0.766
G2989,77.11,-0.061,0.879
G2990,36.5,0.586,0.227
G2991,182.79,-0.312,0.356
G2992,92.1,0.515,0.183
G2993,239.74,-0.616,0.0568
G2994,336.7,-0.281,0.36
G2995,18.3,-0.689,0.246
G2996,2.92,-0.02,0.986
G2997,2.24,-1.857,0.15
G2998,33.11,-0.322,0.518
G2999,2.63,1.159,0.337
G3000,108.03,-0.224,0.549
G3001,39.31,-0.359,0.45
G3002,65.99,0.768,0.0655
G3003,95.31,-0.109,0.776
G3004,25.75,0.874,0.103
G3005,0.33,3.419,0.168
G3006,17.41,0.5,0.407
G3007,32.19,0.524,0.297
G3008,30.02,-1.068,0.037
G3009,21.81,-0.022,0.969
G3010,2511.72,-0.123,0.625
G3011,94.01,-0.014,0.971
G3012,1410.45,-0.232,0.377
G3013,51.92,-0.032,0.942
G3014,280.06,-0.755,0.0167
G3015,9.4,0.606,0.414
G3016,50.6,-0.355,0.425
G3017,9.57,-0.152,0.837
G3018,46.86,0.384,0.397
G3019,67.05,0.326,0.433
G3020,35.89,-0.751,0.123
G3021,145.15,3.08,1e-12
G3022,2304.15,0.502,0.0475
G3023,102.89,-0.371,0.326
G3024,73.64,-0.399,0.326
G3025,7.02,-0.034,0.967
G3026,29.54,0.625,0.224
G3027,64.52,-0.169,0.687
G3028,301.52,-0.241,0.44
G3029,0.64,-0.103,0.963
G3030,12.19,0.085,0.9
G3031,199.77,-0.263,0.43
G3032,245.66,0.276,0.391
G3033,1585.4,-0.064,0.806
G3034,55.7,0.442,0.309
G3035,42.05,0.229,0.624
G3036,11.89,-0.17,0.804
G3037,48.08,-0.791,0.0793
G3038,1.77,0.951,0.504
G3039,3.73,-2.98,0.00448
G3040,282.78,0.295,0.349
G3041,179.96,-3.23,1e-12
G3042,9.17,-0.118,0.875
G3043,100.92,-0.744,0.0498
G3044,6.29,-0.284,0.741
G3045,18.8,-1.235,0.036
G3046,1555.53,0.147,0.573
G3047,15.57,1.127,0.0716
G3048,20.38,-0.192,0.738
G3049,6.63,-0.749,0.373
G3050,6.64,-0.472,0.575
G3051,18.66,-0.115,0.846
G3052,303.68,-0.53,0.0892
G3053,9.68,-0.133,0.856
G3054,6.31,1.214,0.157
G3055,24.3,-0.971,0.0746
G3056,11.61,-0.348,0.614
G3057,399.43,0.071,0.813
G3058,9.14,0.645,0.389
G3059,8.26,-0.757,0.33
G3060,274.43,0.096,0.762
G3061,46.65,0.423,0.352
G3062,8.59,0.661,0.388
G3063,217.5,0.576,0.0795
G3064,3.7,-0.708,0.501
G3065,7.48,-0.111,0.89
G3066,270.35,0.054,0.865
G3067,15.08,-0.091,0.886
G3068,426.76,0.376,0.206
G3069,150.4,0.245,0.485
G3070,73.13,-0.234,0.565
G3071,154.15,-0.303,0.385
G3072,65.71,-0.249,0.551
G3073,60.37,-0.634,0.137
G3074,106.98,0.37,0.323
G3075,27.4,-0.39,0.458
G3076,98.54,0.382,0.316
G3077,83.81,0.383,0.332
G3078,5.97,-0.253,0.772
G3079,92.71,0.459,0.235
G3080,48.3,-0.14,0.756
G3081,5.72,-1.657,0.0623
G3082,100.6,-0.396,0.297
G3083,78.95,-0.184,0.646
G3084,18.19,-0.372,0.532
G3085,845.34,0.442,0.108
G3086,9.58,0.619,0.401
G3087,239.28,-0.052,0.872
G3088,138.22,0.089,0.803
G3089,477.2,0.021,0.943
G3090,1535.88,-0.201,0.441
G3091,979.98,0.039,0.886
G3092,155.67,-0.144,0.679
G3093,41.41,-0.216,0.645
G3094,181.77,1.128,0.000867
G3095,310.12,0.605,0.0516
G3096,101.48,0.493,0.193
G3097,142.93,-0.168,0.635
G3098,58.84,0.558,0.193
G3099,239.24,0.058,0.858
G3100,7336.71,0.434,0.069
G3101,101.76,0.511,0.177
G3102,63.65,0.592,0.159
G3103,95.67,0.168,0.661
G3104,91.59,0.086,0.824
G3105,608.69,-0.372,0.192
G3106,10.94,-0.355,0.614
G3107,177.14,-0.623,0.0671
G3108,98.1,-0.774,0.0425
G3109,1593.5,0.391,0.133
G3110,155.9,-0.473,0.174
G3111,412.52,-0.074,0.804
G3112,97.18,-0.083,0.828
G3113,10.78,-0.429,0.544
G3114,260.93,-0.138,0.665
G3115,30.41,0.151,0.767
G3116,13.83,-2.414,0.000205
G3117,35.37,0.68,0.164
G3118,28.9,-0.024,0.963
G3119,9.83,-0.371,0.611
G3120,331.46,-0.108,0.726
G3121,39.6,-0.585,0.217
G3122,105.99,-0.826,0.0278
G3123,27.04,1.133,0.0318
G3124,189.33,-0.21,0.532
G3125,78.18,0.27,0.501
G3126,1587.52,0.214,0.411
G3127,141.02,-0.455,0.2
G3128,691.6,-0.138,0.623
G3129,14.9,0.427,0.501
G3130,777.92,0.112,0.686
G3131,186.5,0.125,0.711
G3132,70.03,0.258,0.53
G3133,47.89,-1.138,0.0117
G3134,2.26,0.707,0.582
G3135,2.61,0.441,0.716
G3136,49.58,0.61,0.173
G3137,35.37,0.931,0.0569
G3138,19.7,-0.464,0.424
G3139,37.82,0.737,0.125
G3140,201.03,0.341,0.306
G3141,180.53,-0.046,0.892
G3142,78.59,0.476,0.235
G3143,114.2,0.369,0.318
G3144,136.77,-0.276,0.439
G3145,102.67,-0.336,0.374
G3146,28.69,0.219,0.673
G3147,88.93,-0.483,0.215
G3148,8.81,-0.378,0.618
G3149,14.9,-0.32,0.614
G3150,9.18,0.076,0.919
G3151,493.8,-0.138,0.636
G3152,807.1,-0.176,0.524
G3153,100.98,-0.031,0.935
G3154,4.34,0.75,0.448
G3155,1.66,0.544,0.71
G3156,13.31,-0.072,0.913
G3157,32.27,-0.518,0.302
G3158,601.15,-0.189,0.508
G3159,93.55,-0.167,0.665
G3160,92.22,0.27,0.485
G3161,154.05,0.112,0.748
G3162,127.31,-0.183,0.613
G3163,31.83,-0.178,0.724
G3164,36.95,-0.291,0.547
G3165,58.72,-0.655,0.127
G3166,33.76,0.463,0.35
G3167,340.78,0.249,0.417
G3168,104.38,0.187,0.62
G3169,8.19,-0.174,0.823
G3170,25.1,0.073,0.892
G3171,4.29,0.65,0.513
G3172,71.6,0.036,0.93
G3173,15.83,0.019,0.976
G3174,33.12,-0.057,0.909
G3175,640.43,0.338,0.233
G3176,175.75,0.136,0.69
G3177,591.76,0.184,0.52
G3178,50.62,0.539,0.226
G3179,50.58,0.111,0.803
G3180,61.68,0.05,0.906
G3181,1.3,-0.662,0.683
G3182,108.11,-0.384,0.304
G3183,1329.5,0.269,0.308
G3184,167.21,-0.36,0.295
G3185,168.15,0.111,0.747
G3186,1809.32,-0.285,0.269
G3187,39.39,0.346,0.466
G3188,62.71,-0.505,0.231
G3189,5.24,0.449,0.625
G3190,49.61,-0.171,0.702
G3191,2.16,1.561,0.233
G3192,41.39,0.788,0.0927
G3193,226.54,0.038,0.907
G3194,20.35,-0.186,0.746
G3195,40.54,0.502,0.287
G3196,16.25,0.491,0.426
G3197,36.65,-0.419,0.387
G3198,13.37,0.527,0.423
G3199,20.12,0.052,0.928
G3200,123.15,-0.162,0.656
G3201,203.39,-0.642,0.0533
G3202,165.79,-0.522,0.129
G3203,26.61,0.135,0.799
G3204,804.46,-0.024,0.931
G3205,228.76,-0.426,0.191
G3206,990.55,-0.1,0.712
G3207,162.71,0.221,0.522
G3208,20.09,-0.562,0.33
G3209,1373.83,-0.223,0.397
G3210,41.45,1.387,0.00307
G3211,94.3,0.519,0.177
G3212,164.74,-0.201,0.56
G3213,430.18,-0.187,0.529
G3214,12.09,-0.823,0.226
G3215,10.35,1.213,0.0908
G3216,28.59,-0.014,0.978
G3217,7.29,0.885,0.276
G3218,47.56,-0.635,0.16
G3219,133.51,-0.355,0.322
G3220,44.6,-0.331,0.471
G3221,12.93,-0.511,0.442
G3222,255.76,-0.668,0.0369
G3223,12.12,0.692,0.309
G3224,127.2,-0.089,0.806
G3225,537.45,0.119,0.681
G3226,113.24,-0.121,0.744
G3227,35.65,-0.702,0.15
G3228,16.29,0.541,0.38
G3229,240.99,0.021,0.948
G3230,442.49,0.577,0.0513
G3231,12.38,-0.042,0.95
G3232,12.07,-0.568,0.404
G3233,9.81,-0.522,0.475
G3234,5.17,-1.525,0.0987
G3235,241.4,0.192,0.552
G3236,63.42,-0.784,0.0625
G3237,493.6,-0.469,0.108
G3238,105.6,-0.322,0.391
G3239,739.46,-0.108,0.699
G3240,1.87,1.2,0.388
G3241,13.16,-0.322,0.626
G3242,135.65,-2.256,2.74e-10
G3243,8.94,1.144,0.13
G3244,22.64,1.574,0.00466
G3245,14.34,-0.079,0.902
G3246,24.92,-0.383,0.479
G3247,1376.34,0.275,0.296
G3248,27.8,0.11,0.834
G3249,68.97,0.001,0.998
G3250,604.02,-0.36,0.207
G3251,19.43,0.491,0.4
G3252,98.53,-0.578,0.129
G3253,39.34,-0.23,0.628
G3254,0.92,2.354,0.212
G3255,16.47,0.119,0.846
G3256,857.07,0.304,0.268
G3257,31.39,-0.01,0.984
G3258,15.27,0.473,0.452
G3259,62.43,3.045,1e-12
G3260,44.73,0.184,0.689
G3261,3.18,-0.466,0.677
G3262,20.09,1.142,0.0478
G3263,233.89,2.435,1e-12
G3264,196.81,0.195,0.559
G3265,14.29,-0.145,0.822
G3266,32.79,-0.54,0.28
G3267,368.87,0.571,0.0598
G3268,1109.57,-0.209,0.436
G3269,1.17,-0.817,0.631
G3270,315.21,-0.243,0.433
G3271,93.11,-0.86,0.0258
G3272,1820.67,-0.231,0.37
G3273,422.82,0.663,0.026
G3274,30.76,0.202,0.691
G3275,230,0.414,0.203
G3276,26.16,-0.438,0.411
G3277,45.56,0.078,0.864
G3278,114.07,1.366,0.000221
G3279,25.59,0.147,0.784
G3280,48.77,1.986,9.78e-06
G3281,70.7,0.281,0.493
G3282,228.13,0.15,0.645
G3283,187.1,0.075,0.824
G3284,648.09,-0.334,0.238
G3285,797.8,-0.101,0.715
G3286,140.73,-0.13,0.714
G3287,107.43,0.268,0.474
G3288,87.48,-0.418,0.285
G3289,115.69,0.012,0.974
G3290,37.63,0.659,0.171
G3291,548.06,-0.452,0.117
G3292,114,0.113,0.76
G3293,122.79,-0.195,0.593
G3294,54.95,-0.44,0.313
G3295,107.51,0.26,0.487
G3296,59.33,0.41,0.338
G3297,10.01,-0.783,0.281
G3298,187.31,-0.425,0.207
G3299,75.87,0.179,0.657
G3300,383.76,0.511,0.0903
G3301,61.2,0.363,0.393
G3302,44.42,0.422,0.359
G3303,26.79,0.238,0.653
G3304,2.25,-0.785,0.542
G3305,100.72,-0.931,0.0141
G3306,15.43,0.495,0.43
G3307,77.08,-0.354,0.379
G3308,28.12,-0.242,0.643
G3309,190.51,0.49,0.145
G3310,34.43,-0.244,0.62
G3311,7.86,0.821,0.299
G3312,103.67,-0.105,0.781
G3313,38.08,-0.457,0.34
G3314,22.94,-0.253,0.648
G3315,72.17,-0.014,0.973
G3316,65.03,-0.115,0.783
G3317,112.21,-0.654,0.078
G3318,31.51,0.349,0.49
G3319,91.17,-0.284,0.464
G3320,45.61,-0.467,0.307
G3321,131.03,0.117,0.745
G3322,1972.65,-0.316,0.217
G3323,177.59,-0.598,0.0787
G3324,2320.64,0.08,0.752
G3325,792.89,0.054,0.845
G3326,141.08,-0.734,0.0385
G3327,1.82,-0.481,0.732
G3328,711.35,0.056,0.841
G3329,146.02,0.362,0.304
G3330,8.79,-0.049,0.949
G3331,66.32,-0.191,0.647
G3332,149.61,0.151,0.667
G3333,95.35,-0.444,0.247
G3334,34.99,0.041,0.933
G3335,7.45,0.078,0.923
G3336,5731.57,-0.102,0.672
G3337,16.05,-0.206,0.739
G3338,18.41,1.312,0.0269
G3339,6.14,1.403,0.105
G3340,437.42,-0.261,0.379
G3341,111.6,0.124,0.739
G3342,363.98,-0.5,0.0999
G3343,7.51,1.692,0.0353
G3344,23.86,-0.331,0.546
G3345,103.14,-0.2,0.596
G3346,120.12,-0.735,0.0446
G3347,4.89,-0.207,0.826
G3348,119.57,-0.634,0.0835
G3349,227.53,-0.172,0.598
G3350,59.3,-0.439,0.305
G3351,86.99,-0.013,0.974
G3352,77.3,-0.095,0.813
G3353,120.76,-0.117,0.749
G3354,94.37,0.443,0.25
G3355,535.59,0.553,0.0558
G3356,179.43,0.337,0.321
G3357,771.12,0.272,0.327
G3358,132.53,0.155,0.666
G3359,338,0.056,0.855
G3360,3.54,0.7,0.513
G3361,220.54,0.041,0.9
G3362,12.83,-0.075,0.91
G3363,32.69,0.167,0.738
G3364,3.1,0.095,0.933
G3365,217.35,0.007,0.983
G3366,111.49,-0.284,0.445
G3367,29.22,-0.274,0.595
G3368,31.6,0.546,0.279
G3369,84.63,0.45,0.253
G3370,17.05,0.852,0.161
G3371,27.6,-0.652,0.214
G3372,77.2,0.232,0.564
G3373,57.24,-0.471,0.275
G3374,80.11,-0.232,0.561
G3375,223.29,-0.021,0.949
G3376,31.56,0.353,0.484
G3377,1.23,-3.179,0.0559
G3378,132.34,-0.415,0.248
G3379,54.03,0.613,0.161
G3380,10.51,-0.867,0.224
G3381,12.88,-0.039,0.953
G3382,25.67,0.258,0.63
G3383,86.12,-0.576,0.142
G3384,5.84,-0.3,0.734
G3385,22.59,-0.255,0.647
G3386,309.37,0.132,0.671
G3387,899.72,-0.052,0.849
G3388,22.46,0.669,0.23
G3389,230.14,-0.405,0.213
G3390,735.26,-0.018,0.949
G3391,9.77,0.577,0.43
G3392,120.16,0.333,0.363
G3393,11.58,-0.275,0.69
G3394,26.31,-0.411,0.44
G3395,161.6,-1.156,0.000831
G3396,62.25,0.322,0.446
G3397,1260.09,-0.132,0.619
G3398,6.27,-0.304,0.723
G3399,198.1,-1.612,1.36e-06
G3400,517.4,-0.182,0.531
G3401,50.93,-0.317,0.475
G3402,4.39,-0.124,0.9
G3403,21.86,0.3,0.594
G3404,185.82,0.072,0.831
G3405,8.51,-0.802,0.297
G3406,27.37,0.146,0.781
G3407,46.89,-0.603,0.184
G3408,26.51,0.487,0.359
G3409,25.69,0.306,0.568
G3410,205.08,0.006,0.986
G3411,137.39,-0.013,0.971
G3412,512.24,0.235,0.419
G3413,56.77,-0.304,0.482
G3414,10.25,-0.235,0.744
G3415,28.7,2.134,3.88e-05
G3416,364.19,0.079,0.795
G3417,16.55,0.182,0.767
G3418,387.44,0.228,0.449
G3419,63.46,-0.13,0.757
G3420,108.05,0.137,0.714
G3421,12.63,-0.479,0.475
G3422,90.56,0.079,0.839
G3423,30.5,-0.589,0.248
G3424,159.98,0.234,0.499
G3425,679.91,-0.288,0.306
G3426,71.59,0.164,0.689
G3427,73.44,-0.559,0.169
G3428,13.38,-0.499,0.448
G3429,13.11,-1.224,0.0644
G3430,200.99,0.399,0.231
G3431,583.72,-0.136,0.635
G3432,250.58,-1.303,4.94e-05
G3433,16.16,0.514,0.406
G3434,5.27,-0.383,0.676
G3435,54.14,0.364,0.405
G3436,23.8,-0.385,0.482
G3437,367.1,0.349,0.25
G3438,422.39,0.079,0.791
G3439,11.19,-0.551,0.43
G3440,140.25,0.278,0.434
G3441,162.08,0.575,0.0962
G3442,2.42,-0.266,0.831
G3443,222.86,-0.217,0.507
G3444,90.21,0.081,0.835
G3445,148.48,0.603,0.0861
G3446,90.45,-0.552,0.155
G3447,55.06,-0.492,0.259
G3448,67.22,-0.608,0.143
G3449,9.31,0.301,0.686
G3450,53.77,-0.196,0.655
G3451,18.69,-0.783,0.185
G3452,12.28,-0.01,0.988
G3453,32.65,0.364,0.467
G3454,69.53,0.264,0.522
G3455,13.45,1.146,0.0808
G3456,451.45,-0.057,0.847
G3457,25.31,0.086,0.873
G3458,43.32,0.173,0.709
G3459,143.02,-0.672,0.0575
G3460,1244.52,-0.1,0.706
G3461,5.82,0.406,0.646
G3462,69.84,0.712,0.0836
G3463,2846.07,0.487,0.0514
G3464,13.33,-0.441,0.503
G3465,24.6,-0.026,0.962
G3466,3.79,0.262,0.801
G3467,164.49,0.344,0.318
G3468,10.8,0,1
G3469,107.71,0.115,0.759
G3470,82.45,-0.052,0.896
G3471,15.59,0.156,0.803
G3472,10.91,0.091,0.897
G3473,67.1,-0.122,0.769
G3474,36.33,0.377,0.437
G3475,48.52,0.153,0.734
G3476,51.01,0,1
G3477,46.77,-0.385,0.396
G3478,8.36,-0.006,0.994
G3479,163.88,0.052,0.88
G3480,35.01,-0.542,0.269
G3481,3.74,-0.758,0.469
G3482,70.25,-1.421,0.000544
G3483,63.4,0.754,0.0733
G3484,17.63,-0.118,0.844
G3485,15.17,-1.601,0.0111
G3486,3.15,0.912,0.416
G3487,288.31,0.277,0.378
G3488,85.08,-0.838,0.0332
G3489,110.38,0.3,0.42
G3490,10.63,0.146,0.837
G3491,592.89,-0.268,0.348
G3492,1257.99,0.114,0.667
G3493,1.16,-1.702,0.318
G3494,0.5,1.414,0.569
G3495,101.86,0.12,0.751
G3496,18.7,-0.349,0.554
G3497,586.63,-2.298,1e-12
G3498,8.5,-0.108,0.888
G3499,28.07,-0.778,0.136
G3500,26.03,0.179,0.737
G3501,16.07,0.472,0.446
G3502,205.73,-0.084,0.8
G3503,11.46,1.11,0.109
G3504,38.35,-1.926,5.67e-05
G3505,460.55,-0.241,0.413
G3506,8.17,0.925,0.236
G3507,2.7,-0.988,0.408
G3508,26.2,-0.878,0.0992
G3509,7.7,1.228,0.123
G3510,11.95,-0.335,0.624
G3511,136.58,-0.047,0.895
G3512,9.88,-0.171,0.815
G3513,409.29,-0.151,0.614
G3514,144.49,0.321,0.363
G3515,53.25,0.307,0.485
G3516,626.75,-0.145,0.61
G3517,5.76,0.615,0.488
G3518,581.11,-0.351,0.22
G3519,44.34,-2.335,3.92e-07
G3520,24.3,0.518,0.342
G3521,9.08,0.927,0.217
G3522,18.83,-0.478,0.417
G3523,3.75,-0.895,0.392
G3524,10.1,1.23,0.0891
G3525,67.09,0.147,0.723
G3526,86.54,0.537,0.171
G3527,390.57,-0.034,0.91
G3528,33.34,-0.229,0.645
G3529,173.49,0.332,0.331
G3530,5.67,-1.012,0.257
G3531,262.55,-0.185,0.562
G3532,36.6,-0.24,0.62
G3533,154.57,-0.17,0.626
G3534,45.14,0.959,0.0363
G3535,13.64,-0.215,0.742
G3536,26.07,0.367,0.491
G3537,52.77,-0.479,0.277
G3538,16.77,0.935,0.126
G3539,29.05,0.437,0.398
G3540,107.28,-0.014,0.97
G3541,3.54,-0.901,0.4
G3542,9.98,0.455,0.531
G3543,0.11,-0.373,0.881
G3544,133.46,-0.535,0.136
G3545,19.72,1.127,0.0521
G3546,190.95,0.272,0.418
G3547,68.18,-0.036,0.931
G3548,86.1,0.417,0.288
G3549,555.33,-0.264,0.359
G3550,6.43,-0.363,0.67
G3551,13.66,0.244,0.709
G3552,135.32,0.192,0.591
G3553,7.46,-0.569,0.48
G3554,9.46,0.506,0.494
G3555,63.55,-0.473,0.261
G3556,526.73,0.056,0.847
G3557,31.63,-0.139,0.783
G3558,42.33,0.045,0.923
G3559,237.21,0.232,0.474
G3560,95.03,0.051,0.894
G3561,833.66,0.025,0.928
G3562,48.91,0.065,0.885
G3563,570.35,0.332,0.247
G3564,101.82,-0.7,0.0644
G3565,17.81,0.495,0.409
G3566,52.54,0.152,0.73
G3567,73.07,-0.606,0.137
G3568,69.73,0.49,0.234
G3569,28.14,0.176,0.736
G3570,176.94,-0.016,0.962
G3571,11.53,0.711,0.304
G3572,17.99,-0.53,0.375
G3573,55.34,-2.874,3.96e-11
G3574,3.68,-0.75,0.477
G3575,38.68,1.544,0.00122
G3576,55.76,0.068,0.876
G3577,309.82,0.182,0.558
G3578,57.1,-0.338,0.434
G3579,122.25,0.26,0.476
G3580,21.67,0.53,0.347
G3581,1748.03,0.569,0.0276
G3582,50.05,-0.694,0.12
G3583,25.59,0.399,0.457
G3584,7.39,-0.525,0.516
G3585,9.56,-0.431,0.559
G3586,2878.96,-0.351,0.16
G3587,12.35,-0.504,0.455
G3588,2.83,0.169,0.885
G3589,43.47,1.3,0.00496
G3590,192.2,0.782,0.0197
G3591,36.56,-0.713,0.141
G3592,95.62,-0.253,0.51
G3593,27.49,-0.492,0.349
G3594,1398.19,0.127,0.629
G3595,137.81,-0.083,0.816
G3596,119.25,-0.352,0.337
G3597,131.63,0.272,0.449
G3598,47.13,-0.477,0.292
G3599,71.72,-0.132,0.747
G3600,1770.56,-0.178,0.49
G3601,425.71,0.094,0.752
G3602,31.84,0.426,0.398
G3603,28,0.172,0.742
G3604,4.67,-0.735,0.444
G3605,28.36,-0.878,0.0916
G3606,7.64,0.373,0.641
G3607,21.47,-0.864,0.126
G3608,92.87,0.006,0.988
G3609,70.41,0.012,0.977
G3610,4.26,-0.817,0.412
G3611,121.43,0.158,0.665
G3612,27.29,0.476,0.366
G3613,37.24,-0.144,0.765
G3614,14.2,0.218,0.735
G3615,340.39,0.368,0.23
G3616,17.97,0.099,0.868
G3617,497.89,-0.258,0.376
G3618,5.78,1.149,0.194
G3619,212.76,-0.451,0.171
G3620,55.84,-0.291,0.503
G3621,201.71,0.68,0.0409
G3622,473.72,-0.127,0.665
G3623,24.45,-0.708,0.193
G3624,1.8,1.636,0.247
G3625,99.4,-0.219,0.565
G3626,96.19,-0.195,0.611
G3627,6.5,1.684,0.0469
G3628,185.26,0.399,0.237
G3629,92.52,-0.642,0.0966
G3630,40.42,0.944,0.0453
G3631,58.41,-0.67,0.119
G3632,25.69,0.097,0.856
G3633,2.87,-2.012,0.084
G3634,290.14,0.111,0.724
G3635,198.95,0.188,0.573
G3636,93.49,0.748,0.0523
G3637,147.97,-0.191,0.587
G3638,38.98,-0.502,0.292
G3639,137.94,-0.077,0.829
G3640,8.6,-0.417,0.586
G3641,26.61,0.511,0.335
G3642,5.1,0.473,0.61
G3643,145.04,0.084,0.812
G3644,439.11,0.261,0.378
G3645,126.83,-0.223,0.538
G3646,191.47,-0.761,0.0234
G3647,92.99,-1.629,2.43e-05
G3648,3.72,1.471,0.161
G3649,28.05,-0.921,0.0777
G3650,5.14,1.882,0.0421
G3651,20.34,-0.899,0.118
G3652,81.94,0.34,0.391
G3653,221.12,0.395,0.228
G3654,5.5,0.398,0.659
G3655,578.21,-0.311,0.278
G3656,67.65,-0.574,0.166
G3657,473.69,-0.337,0.251
G3658,26.47,-0.395,0.457
G3659,94.09,-0.179,0.642
G3660,14.39,0.14,0.827
G3661,19.03,0.095,0.871
G3662,81.71,-0.58,0.144
G3663,101.18,0.411,0.278
G3664,1300.18,-0.084,0.751
G3665,73.47,0.732,0.0719
G3666,254.29,-0.367,0.252
G3667,151.21,-0.223,0.524
G3668,8.13,1.746,0.0254
G3669,12.12,0.095,0.889
G3670,40.38,0.065,0.89
G3671,843.54,0.356,0.196
G3672,94.72,0.081,0.833
G3673,10.36,-0.323,0.652
G3674,32.43,1.605,0.00136
G3675,0.44,0.066,0.979
G3676,112.46,0.035,0.925
G3677,77.01,-0.192,0.633
G3678,69.63,0.396,0.336
G3679,1429.89,-0.322,0.22
G3680,934.24,0.529,0.0521
G3681,155.61,-0.15,0.667
G3682,148.87,-0.248,0.48
G3683,103.52,0.329,0.383
G3684,382.48,0.433,0.151
G3685,3.03,-0.824,0.469
G3686,37.4,0.072,0.881
G3687,380.68,0.058,0.848
G3688,6.79,0.283,0.734
G3689,38.26,0.435,0.363
G3690,2186.08,-0.127,0.617
G3691,103.13,0.598,0.113
G3692,23.85,-0.3,0.584
G3693,198.17,0.115,0.73
G3694,94.48,-0.66,0.0862
G3695,5.24,-1.111,0.227
G3696,0.82,-0.437,0.826
G3697,71.18,0.539,0.188
G3698,397.42,0.338,0.26
G3699,21.12,-0.388,0.495
G3700,18.62,0.318,0.59
G3701,0.91,-1.129,0.552
G3702,314.76,1.672,7.03e-08
G3703,27.78,-0.04,0.939
G3704,87.01,-0.015,0.969
G3705,1454.51,0.082,0.754
G3706,19.31,1.058,0.0701
G3707,20.97,-0.499,0.381
G3708,26.39,0.809,0.128
G3709,12.55,-0.3,0.655
G3710,217.1,0.109,0.74
G3711,22.08,0.178,0.751
G3712,27.7,-0.163,0.756
G3713,842.84,-0.006,0.983
G3714,2.11,-2.162,0.102
G3715,363.08,0.007,0.982
G3716,21.99,-0.159,0.777
G3717,120.53,0.331,0.365
G3718,17.94,0.404,0.499
G3719,139.62,0.045,0.899
G3720,7.85,0.177,0.823
G3721,46.48,-0.265,0.56
G3722,180.58,0.14,0.68
G3723,257.19,0.196,0.54
G3724,16.36,0.343,0.577
G3725,8.51,0.208,0.787
G3726,96.13,0.17,0.657
G3727,69.55,0.585,0.155
G3728,376.34,-0.082,0.786
G3729,336.89,-0.421,0.171
G3730,460.21,-0.312,0.29
G3731,52.53,-0.293,0.506
G3732,103.85,0.15,0.691
G3733,94.27,-0.914,0.0175
G3734,7.72,-0.441,0.579
G3735,6.66,-0.356,0.672
G3736,127.31,-0.426,0.239
G3737,65.38,0.188,0.653
G3738,4.72,-0.962,0.315
G3739,59.51,-0.147,0.731
G3740,73.58,-0.879,0.0306
G3741,210.53,0.2,0.545
G3742,17.59,0.774,0.198
G3743,33.73,0.133,0.788
G3744,20.8,1.679,0.00327
G3745,4.15,-0.514,0.609
G3746,23.22,1.409,0.0107
G3747,81.54,-1.124,0.00466
G3748,42.89,-0.377,0.417
G3749,7.66,-0.063,0.937
G3750,21.1,0.486,0.392
G3751,283.14,-0.504,0.11
G3752,1218.3,0.325,0.222
G3753,182.1,0.44,0.194
G3754,115.55,0.285,0.44
G3755,11.19,-0.849,0.224
G3756,356.25,0.433,0.155
G3757,15.2,-0.862,0.171
G3758,5.74,-0.169,0.849
G3759,154.15,0.357,0.306
G3760,351.86,0.146,0.632
G3761,152.16,-0.426,0.223
G3762,383.99,-0.24,0.426
G3763,12.37,-0.7,0.3
G3764,10.36,-0.396,0.581
G3765,28.97,0.141,0.785
G3766,48.15,-0.172,0.703
G3767,7.05,-1.057,0.199
G3768,77.26,0.449,0.264
G3769,6.15,0.74,0.392
G3770,5.04,0.604,0.517
G3771,360.59,0.09,0.767
G3772,62.56,-0.058,0.891
G3773,247.65,0.006,0.985
G3774,13.85,0.605,0.352
G3775,286.07,0.192,0.542
G3776,65.37,0.219,0.6
G3777,12.4,-0.973,0.149
G3778,67.67,0.6,0.148
G3779,21.37,-1.191,0.0354
G3780,11.21,0.777,0.266
G3781,229.94,-0.147,0.652
G3782,123.22,-0.112,0.758
G3783,78.95,-0.319,0.425
G3784,17.24,0.141,0.816
G3785,345.7,-0.246,0.422
G3786,9.52,0.193,0.794
G3787,40.36,-0.879,0.0625
G3788,75.22,0.038,0.925
G3789,178.78,0.882,0.00941
G3790,25.5,-1.099,0.0406
G3791,36.37,-0.077,0.874
G3792,5.24,0.279,0.761
G3793,191.51,-0.142,0.672
G3794,20.96,0.066,0.908
G3795,300.98,-0.041,0.896
G3796,785.35,-0.397,0.152
G3797,22.48,0.101,0.856
G3798,64.69,0.396,0.345
G3799,43.62,0.434,0.348
G3800,3.05,0.309,0.786
G3801,26.38,-0.054,0.919
G3802,206.92,-0.182,0.583
G3803,88.16,0.426,0.275
G3804,19.12,-0.221,0.706
G3805,39.67,0.25,0.598
G3806,40.64,-0.03,0.949
G3807,44.93,-2.173,2.17e-06
G3808,405.41,0.438,0.144
G3809,204.99,0.645,0.0519
G3810,122.27,0.351,0.336
G3811,265.02,0.017,0.957
G3812,46.27,0.053,0.907
G3813,21.01,-0.324,0.569
G3814,162.43,0.257,0.457
G3815,13.63,-0.194,0.767
G3816,23.07,-0.61,0.27
G3817,3.75,-0.074,0.944
G3818,197.56,-0.241,0.47
G3819,9.1,0.153,0.838
G3820,200.58,2.953,1e-12
G3821,213.52,-0.187,0.57
G3822,84.82,0.428,0.277
G3823,24.14,0.1,0.855
G3824,209.85,-0.377,0.254
G3825,867.08,-0.236,0.39
G3826,1.28,0.238,0.884
G3827,180.47,0.668,0.0488
G3828,129.84,-0.072,0.842
G3829,379.32,0.024,0.937
G3830,65.16,-0.638,0.127
G3831,2.35,-0.803,0.525
G3832,234.37,0.468,0.149
G3833,15.98,1.063,0.0866
G3834,227.56,0.38,0.244
G3835,111.92,-0.225,0.544
G3836,74.39,-0.194,0.632
G3837,59.34,0.34,0.427
G3838,404.46,0.091,0.761
G3839,1331.59,0.168,0.524
G3840,151.94,0.192,0.583
G3841,28.85,-0.28,0.589
G3842,2239.93,0.073,0.774
G3843,469.14,-0.258,0.38
G3844,2571.27,0.107,0.671
G3845,40.67,-0.124,0.792
G3846,42.89,0.294,0.527
G3847,11.39,0.363,0.601
G3848,382.75,0.57,0.0589
G3849,5.54,-0.028,0.975
G3850,251.57,0.079,0.806
G3851,38.08,0.207,0.666
G3852,598.59,-0.258,0.366
G3853,79.35,-1.587,7.15e-05
G3854,15.1,-2.275,0.000317
G3855,99.39,0.611,0.108
G3856,64.83,-0.242,0.563
G3857,245.48,-0.425,0.187
G3858,5110.97,-0.185,0.445
G3859,9.11,1.812,0.0157
G3860,80.87,0.332,0.404
G3861,161.4,0.322,0.352
G3862,65.28,-0.284,0.497
G3863,3289.42,-0.147,0.553
G3864,113.42,-0.158,0.67
G3865,374.72,-0.133,0.66
G3866,273,0.43,0.175
G3867,262.96,-0.245,0.442
G3868,484.87,0.204,0.486
G3869,231.72,0.182,0.576
G3870,24.38,-0.172,0.752
G3871,0.2,2.258,0.363
G3872,2.96,-0.179,0.876
G3873,58.3,-0.005,0.991
G3874,5.8,-2.193,0.0131
G3875,30.31,0.519,0.309
G3876,1730.27,-0.338,0.191
G3877,435.27,0.321,0.279
G3878,18.18,-1.261,0.0341
G3879,541.51,-0.135,0.64
G3880,874.21,0.115,0.675
G3881,26.77,0.289,0.585
G3882,164.01,-0.203,0.556
G3883,2.83,-0.759,0.517
G3884,4.28,-1.043,0.294
G3885,237.41,0.383,0.237
G3886,28.14,0.42,0.421
G3887,388.59,0.414,0.169
G3888,44.87,0.454,0.322
G3889,150.86,0.09,0.797
G3890,336.97,-0.113,0.713
G3891,9.5,0.538,0.467
G3892,152.89,-0.743,0.0335
G3893,36.13,-0.876,0.0716
G3894,110.34,-0.073,0.845
G3895,365.53,0.017,0.955
G3896,3458.55,-0.417,0.0916
G3897,50.98,-2.888,7.86e-11
G3898,118.81,0.078,0.832
G3899,3.84,0.607,0.558
G3900,291.18,0.498,0.112
G3901,18.17,0.132,0.825
G3902,28.31,-0.16,0.759
G3903,4.03,1.746,0.086
G3904,59.05,-0.312,0.466
G3905,2.75,-1.121,0.344
G3906,46.57,-0.893,0.0494
G3907,58.13,-0.036,0.933
G3908,242.73,0.135,0.676
G3909,94.6,0.97,0.0116
G3910,8.48,-0.055,0.943
G3911,5.47,-1.28,0.157
G3912,3.93,-0.46,0.654
G3913,4.29,-0.305,0.759
G3914,177.36,0.165,0.628
G3915,8.17,-0.567,0.467
G3916,99.66,0.596,0.117
G3917,175.62,-0.589,0.0839
G3918,23.52,0.256,0.642
G3919,6.02,0.306,0.726
G3920,99.16,0.386,0.311
G3921,127.72,0.371,0.305
G3922,17.33,-0.362,0.549
G3923,26.34,-1.226,0.0211
G3924,43.53,0.541,0.242
G3925,142.27,0.194,0.584
G3926,546.55,0.216,0.454
G3927,11.88,0.018,0.979
G3928,490.23,-0.319,0.275
G3929,95.06,-0.04,0.917
G3930,336.87,0.005,0.987
G3931,20.98,0.173,0.761
G3932,37.63,0.216,0.653
G3933,66.45,0.157,0.706
G3934,58.94,-0.184,0.668
G3935,1867.01,0.27,0.294
G3936,151.31,-0.094,0.788
G3937,768.09,0.072,0.795
G3938,21.5,0.336,0.552
G3939,407.39,0.097,0.746
G3940,216.86,-0.174,0.597
G3941,3.04,1.11,0.329
G3942,467.97,0.111,0.706
G3943,159.73,-0.207,0.55
G3944,199.68,-0.104,0.755
G3945,185.84,0.053,0.875
G3946,352.59,0.461,0.131
G3947,601.12,0.15,0.599
G3948,2.86,-1.337,0.252
G3949,6.59,0.728,0.388
G3950,321.39,-0.139,0.653
G3951,30.53,-0.787,0.122
G3952,209.95,-0.107,0.746
G3953,650.2,-0.035,0.901
G3954,54.01,-0.069,0.875
G3955,29.16,0.275,0.594
G3956,68.56,-0.243,0.557
G3957,214.83,-1.116,0.000698
G3958,255.2,-0.364,0.256
G3959,212.68,0.32,0.332
G3960,24.97,-0.271,0.616
G3961,7.9,-0.511,0.517
G3962,110.19,0.261,0.483
G3963,6.63,0.669,0.427
G3964,25.43,0.755,0.16
G3965,25.15,-1.076,0.0459
G3966,103.39,0.31,0.411
G3967,136.7,-0.096,0.788
G3968,22.53,-0.318,0.568
G3969,559.27,-0.078,0.786
G3970,10.51,0.522,0.464
G3971,25.59,-0.511,0.341
G3972,357.01,-2.158,1.41e-12
G3973,1536.88,0.318,0.223
G3974,33.1,-0.016,0.974
G3975,295.83,0.095,0.762
G3976,30.36,0.311,0.542
G3977,187.85,-0.06,0.859
G3978,36.5,-0.025,0.959
G3979,1300.38,-0.161,0.543
G3980,340.65,-0.168,0.584
G3981,20.28,-0.354,0.538
G3982,11.26,-0.671,0.336
G3983,143.31,0.096,0.786
G3984,0.91,-1.598,0.4
G3985,294.31,-0.3,0.338
G3986,233.1,-0.102,0.753
G3987,254.79,-0.014,0.965
G3988,50.26,0.084,0.851
G3989,22.98,1.433,0.00966
G3990,17.67,1.389,0.0207
G3991,7.83,0.507,0.522
G3992,164.61,0.217,0.529
G3993,380.31,-0.04,0.895
G3994,141.67,0.638,0.0718
G3995,74.63,-0.335,0.408
G3996,731.48,0.023,0.934
G3997,117.87,-0.172,0.64
G3998,67.13,1.906,4.44e-06
G3999,13.26,0.513,0.437
G4000,21.5,-0.775,0.17
G4001,76.12,-0.189,0.639
G4002,48.51,0.381,0.397
G4003,447.47,-0.094,0.751
G4004,6.54,0.169,0.842
G4005,3.21,1.203,0.28
G4006,5.42,2.575,0.00454
G4007,135.69,-0.179,0.616
G4008,43.72,-0.355,0.442
G4009,38.98,0.22,0.644
G4010,26.76,0.648,0.221
G4011,9.22,-0.612,0.413
G4012,71.42,-0.093,0.82
G4013,589.75,-0.081,0.777
G4014,116.89,1.546,2.65e-05
G4015,6.91,0.321,0.698
G4016,51.3,0.294,0.507
G4017,37.09,0.364,0.451
G4018,5.85,0.92,0.297
G4019,2759.78,-0.216,0.388
G4020,25.81,-0.275,0.607
G4021,11.79,0.936,0.172
G4022,34.24,-0.152,0.758
G4023,6.72,-0.307,0.714
G4024,208.06,-0.058,0.861
G4025,17.41,-1.816,0.00262
G4026,86.84,-0.313,0.424
G4027,34.92,-0.978,0.0463
G4028,412.01,0.02,0.947
G4029,9.43,-0.097,0.896
G4030,109.58,-0.272,0.466
G4031,2046.61,0.031,0.903
G4032,151.28,0.057,0.871
G4033,380.27,-0.04,0.895
G4034,271.22,-0.088,0.781
G4035,110.03,0.582,0.118
G4036,117.66,-0.325,0.377
G4037,27.13,0.128,0.808
G4038,1.7,-0.53,0.714
G4039,9.67,-1.088,0.139
G4040,218.74,-0.128,0.697
G4041,97.25,0.458,0.231
G4042,248.64,-1.193,0.000206
G4043,1.39,-1.977,0.21
G4044,46.99,-1.429,0.00162
G4045,126.72,-0.291,0.422
G4046,34.07,-0.434,0.38
G4047,24.69,1.305,0.0161
G4048,31.65,0.503,0.319
G4049,12.11,0.236,0.728
G4050,10.64,-0.278,0.696
G4051,16.22,0.027,0.965
G4052,27.4,-0.499,0.342
G4053,60.72,-0.435,0.306
G4054,11.88,-0.168,0.806
G4055,35.79,0.117,0.81
G4056,188.87,0.148,0.66
G4057,1.95,-0.54,0.693
G4058,26.11,-0.388,0.467
G4059,23.57,0.055,0.92
G4060,58.69,0.53,0.217
G4061,334.02,-0.386,0.209
G4062,408.39,-0.104,0.728
G4063,42.63,1.318,0.0046
G4064,16.1,0.686,0.268
G4065,58.69,0.064,0.881
G4066,228.29,0.082,0.801
G4067,4.47,-0.893,0.361
G4068,13.17,0.823,0.213
G4069,11.56,0.351,0.611
G4070,64.03,-1.161,0.0057
G4071,1.57,1.096,0.464
G4072,19.34,0.113,0.847
G4073,31.97,0.287,0.568
G4074,12.98,0.476,0.474
G4075,113.37,0.235,0.526
G4076,110.93,-0.137,0.713
G4077,401.01,-0.299,0.319
G4078,20.39,0.589,0.305
G4079,603.78,0.192,0.501
G4080,91.7,0.5,0.196
G4081,7.72,-0.366,0.646
G4082,80.72,-0.164,0.68
G4083,120.46,-0.5,0.172
G4084,76.46,0.754,0.0613
G4085,90.85,0.098,0.801
G4086,546.56,0.215,0.456
G4087,399.14,-0.158,0.599
G4088,157.57,-0.192,0.581
G4089,34.29,0.422,0.392
G4090,72.84,0.559,0.17
G4091,68.98,0.095,0.818
G4092,66.4,0.144,0.729
G4093,1376.23,0.167,0.526
G4094,21.05,0.016,0.978
G4095,10.68,1.812,0.0107
G4096,18.62,0.4,0.498
G4097,718.84,0.362,0.196
G4098,2854.59,-0.054,0.829
G4099,31.25,0.407,0.421
G4100,23.38,-0.216,0.695
G4101,206.34,-0.392,0.237
G4102,10.19,0.822,0.254
G4103,13.53,0.168,0.798
G4104,53.7,0.318,0.468
G4105,175.68,-0.209,0.54
G4106,3.92,-0.847,0.41
G4107,101.12,-0.004,0.992
G4108,13.31,0.156,0.813
G4109,1.87,-1.621,0.244
G4110,16.8,-0.57,0.35
G4111,9.72,-0.826,0.26
G4112,36,0.106,0.828
G4113,52.71,-0.038,0.931
G4114,5.67,0.064,0.943
G4115,223.52,-0.291,0.374
G4116,2.1,-0.002,0.999
G4117,20.54,0.101,0.86
G4118,46.88,2.73,1.77e-09
G4119,2222.88,-0.006,0.981
G4120,6.05,-0.119,0.891
G4121,41.28,-0.099,0.833
G4122,158.73,0.163,0.639
G4123,110.42,0.089,0.811
G4124,2.56,-0.42,0.731
G4125,123.49,0.183,0.615
G4126,26.03,-0.756,0.157
G4127,75.09,0.473,0.242
G4128,195.09,-0.378,0.259
G4129,29.22,0.019,0.971
G4130,528.79,0.603,0.0373
G4131,38.81,0.704,0.14
G4132,78.58,-0.071,0.859
G4133,3.94,-0.711,0.488
G4134,66.71,0.412,0.322
G4135,42.26,-0.228,0.625
G4136,459.74,0.039,0.895
G4137,1225.99,-0.31,0.243
G4138,952.69,0.16,0.556
G4139,369.02,-1.93,1.97e-10
G4140,50.69,-0.698,0.117
G4141,49.09,-0.155,0.73
G4142,1155.85,-0.161,0.547
G4143,2.6,0.099,0.935
G4144,38.67,-1.769,0.00021
G4145,79.69,-0.17,0.67
G4146,2.41,0.877,0.483
G4147,49.07,-0.14,0.755
G4148,970.49,-0.446,0.1
G4149,57.36,0.801,0.0633
G4150,59.89,0.526,0.218
G4151,621.73,0.036,0.899
G4152,7.49,0.249,0.757
G4153,10.93,0.284,0.687
G4154,82.55,-0.026,0.948
G4155,26.55,0.26,0.624
G4156,16.51,-0.311,0.612
G4157,63.02,-0.91,0.0309
G4158,525.98,-0.035,0.904
G4159,34.87,0.249,0.612
G4160,134.06,-0.03,0.933
G4161,109.86,-0.104,0.78
G4162,1195.1,-0.686,0.00999
G4163,8.63,0.32,0.676
G4164,19.31,-0.659,0.259
G4165,42.23,0.623,0.181
G4166,17.5,0.708,0.24
G4167,115.24,-0.382,0.301
G4168,34.22,0.48,0.331
G4169,17.24,0.141,0.816
G4170,25.1,-0.753,0.163
G4171,4.34,-1.622,0.101
G4172,65.74,0.149,0.721
G4173,112.55,-0.43,0.246
G4174,26.79,-0.128,0.809
G4175,497.92,0.359,0.218
G4176,247.91,-1.663,2.33e-07
G4177,178.72,-0.054,0.874
G4178,613.35,-0.212,0.456
G4179,276.89,0.2,0.527
G4180,244.81,-0.575,0.0744
G4181,138.14,0.337,0.344
G4182,37.12,-0.281,0.56
G4183,316.32,0.206,0.506
G4184,2.45,0.738,0.552
G4185,57.4,-0.101,0.815
G4186,68.83,0.158,0.702
G4187,109.98,-0.402,0.281
G4188,173.03,0.337,0.324
G4189,2089.64,0.034,0.894
G4190,128.79,-0.043,0.905
G4191,8.59,1.182,0.123
G4192,23.26,0.405,0.463
G4193,21,-0.23,0.686
G4194,3.05,0.2,0.86
G4195,141.53,-0.123,0.729
G4196,213.54,0.343,0.298
G4197,16.91,-0.114,0.852
G4198,5,-3.041,0.00115
G4199,452.8,-0.209,0.479
G4200,196.86,0.329,0.325
G4201,147.32,0.174,0.621
G4202,28.33,-1.049,0.0439
G4203,8.54,-0.659,0.391
G4204,314.46,-0.385,0.215
G4205,21.97,0.159,0.777
G4206,134.84,0.38,0.288
G4207,58.53,-0.061,0.887
G4208,144.31,0.071,0.841
G4209,9.4,-0.545,0.463
G4210,1.78,2.616,0.0653
G4211,47.63,0.301,0.505
G4212,160.81,-0.202,0.56
G4213,13.71,-0.975,0.135
G4214,187.37,-0.063,0.852
G4215,203.13,-0.278,0.403
G4216,40.96,-0.513,0.275
G4217,61.94,-1.689,6.6e-05
G4218,31.03,0.357,0.482
G4219,32.32,0.279,0.578
G4220,23.84,-0.725,0.186
G4221,2541.46,0.233,0.355
G4222,911.9,0.053,0.846
G4223,219.72,0.097,0.767
G4224,44.46,1.094,0.0174
G4225,358.87,-0.434,0.154
G4226,2.95,1.685,0.143
G4227,510.42,0.277,0.341
G4228,588.77,-1.282,7.34e-06
G4229,279.05,0.117,0.711
G4230,312.39,0.201,0.517
G4231,43.61,-0.486,0.293
G4232,29.07,-0.244,0.637
G4233,38.21,0.538,0.261
G4234,662.49,0.096,0.734
G4235,5.34,2.113,0.0206
G4236,332.39,0.343,0.265
G4237,33.32,0.228,0.647
G4238,146.05,-0.381,0.28
G4239,28.01,0.217,0.678
G4240,507.68,0.704,0.0156
G4241,31.92,0.289,0.566
G4242,76.42,0.098,0.808
G4243,474.25,0.14,0.633
G4244,68.88,-0.493,0.232
G4245,112.62,-0.198,0.593
G4246,61.13,-0.049,0.908
G4247,60.33,-0.057,0.894
G4248,63.83,0.071,0.866
G4249,429.94,-0.196,0.51
G4250,55.21,0.038,0.93
G4251,0.84,0.82,0.677
G4252,28.3,-0.421,0.419
G4253,61.85,-0.226,0.594
G4254,251.74,0.252,0.432
G4255,384.01,0.38,0.208
G4256,101.75,0.849,0.0249
G4257,29.51,0.753,0.143
G4258,117.09,0.437,0.235
G4259,154.34,0.166,0.634
G4260,12.31,0.265,0.695
G4261,49.05,-0.074,0.869
G4262,147.02,0.171,0.627
G4263,63.15,-0.092,0.827
G4264,21.39,-0.251,0.657
G4265,99.12,-0.263,0.49
G4266,190.7,-0.336,0.317
G4267,86.54,0.274,0.485
G4268,172.28,-0.148,0.665
G4269,45.17,0.12,0.793
G4270,554.98,-0.332,0.249
G4271,120.93,-0.264,0.47
G4272,106.9,0.301,0.422
G4273,32.98,0.086,0.863
G4274,7.61,-0.826,0.302
G4275,35.92,-0.566,0.245
G4276,5.91,1.63,0.0634
G4277,66.81,0.044,0.916
G4278,65.05,-0.136,0.745
G4279,76.88,-0.433,0.282
G4280,12.21,0.641,0.344
G4281,4.46,0.762,0.436
G4282,30.3,-0.486,0.341
G4283,34.61,0.288,0.558
G4284,33.92,2.718,3.93e-08
G4285,13.36,0.416,0.527
G4286,75.5,-0.496,0.22
G4287,9.69,-0.406,0.58
G4288,73.34,-0.4,0.326
G4289,123.74,-0.046,0.899
G4290,16.61,0.016,0.979
G4291,39.54,0.705,0.137
G4292,308.61,-0.237,0.446
G4293,24.32,0.657,0.228
G4294,81.47,-0.174,0.661
G4295,1805.85,0.111,0.667
G4296,42.44,-0.431,0.355
G4297,54.22,0.053,0.904
G4298,32.81,0.121,0.809
G4299,86.54,0.252,0.52
G4300,22.74,-0.548,0.324
G4301,35.46,-0.275,0.574
G4302,78.54,-0.265,0.508
G4303,152.04,-0.018,0.959
G4304,27.24,-0.478,0.364
G4305,7.72,-0.366,0.646
G4306,60.67,-0.675,0.113
G4307,23.22,0.167,0.762
G4308,216.51,0.424,0.197
G4309,185.64,0.391,0.247
G4310,89.32,0.221,0.57
G4311,52.31,0.181,0.682
G4312,863.03,0.01,0.971
G4313,182.5,0.052,0.878
G4314,28.6,0.344,0.508
G4315,161.08,0.396,0.253
G4316,89,0.008,0.984
G4317,797.42,-0.027,0.922
G4318,15.29,-1.524,0.0154
G4319,316.72,0.02,0.949
G4320,8.52,-0.734,0.339
G4321,18.72,1.098,0.0627
G4322,73.45,0.111,0.785
G4323,432.63,-0.29,0.329
G4324,122.89,-0.64,0.079
G4325,24.99,1.151,0.0331
G4326,51.68,0.626,0.157
G4327,78.47,-0.344,0.391
G4328,3.57,-1.675,0.116
G4329,10.59,-0.268,0.706
G4330,14.89,0.592,0.351
G4331,5.27,0.718,0.434
G4332,98.82,-0.045,0.906
G4333,69.74,-0.58,0.159
G4334,110.19,-0.054,0.885
G4335,80.72,0.02,0.96
G4336,17.59,0.045,0.94
G4337,15.54,0.019,0.976
G4338,26.57,0.54,0.309
G4339,21.81,0.503,0.371
G4340,28.26,0.514,0.324
G4341,33.21,-0.051,0.918
G4342,85.05,-0.541,0.169
G4343,1266.94,-0.225,0.396
G4344,4.92,-0.399,0.672
G4345,302.35,0.026,0.934
G4346,2868.27,0.246,0.325
G4347,13.9,-0.993,0.126
G4348,47.5,-0.172,0.704
G4349,255.19,0.007,0.983
G4350,8.32,-1.223,0.114
G4351,21.01,0.693,0.223
G4352,17.39,0.055,0.927
G4353,13.59,-0.042,0.949
G4354,12.6,-1.41,0.0355
G4355,73.69,-0.108,0.79
G4356,238.1,-0.653,0.0437
G4357,456.87,-0.075,0.799
G4358,964.41,-0.026,0.924
G4359,12.72,-1.089,0.103
G4360,1001.92,0.412,0.128
G4361,408.57,0.086,0.774
G4362,26.66,0.981,0.0641
G4363,13.52,0.595,0.364
G4364,43.61,-0.309,0.504
G4365,1.87,-2.729,0.0496
G4366,172.93,-0.166,0.627
G4367,30.41,0.141,0.782
G4368,4.63,3.66,0.000146
G4369,12.23,0.014,0.984
G4370,302.43,0.653,0.0364
G4371,9.64,0.936,0.203
G4372,128.98,0.414,0.251
G4373,132.05,0.289,0.421
G4374,236.46,-0.378,0.243
G4375,5.24,-0.209,0.82
G4376,4.53,-0.642,0.509
G4377,72.87,0.114,0.78
G4378,85.18,-0.493,0.21
G4379,1.34,0.002,0.999
G4380,37.21,0.223,0.644
G4381,14.58,0.297,0.642
G4382,256.93,0.176,0.582
G4383,550.05,-0.145,0.615
G4384,20.45,0.643,0.262
G4385,56.19,0.591,0.173
G4386,25.3,-0.199,0.712
G4387,271,-0.046,0.885
G4388,9.18,0.26,0.728
G4389,7.65,1.376,0.0848
G4390,152.12,0.601,0.0857
G4391,5.2,-1.342,0.145
G4392,172.95,0.014,0.967
G4393,181.64,0.24,0.479
G4394,37.56,0.249,0.605
G4395,7.11,-0.771,0.347
G4396,18.65,0.046,0.938
G4397,1198.44,0.356,0.181
G4398,888.41,0.072,0.792
G4399,159.85,0.352,0.31
G4400,34.54,-0.593,0.228
G4401,905.6,0.27,0.323
G4402,421.07,0.401,0.178
G4403,431.61,-0.128,0.667
G4404,651.66,0.42,0.137
G4405,195.04,0.567,0.0901
G4406,19.61,-1.855,0.00142
G4407,32.98,-1.451,0.00361
G4408,9.49,-0.821,0.267
G4409,11.34,0.851,0.221
G4410,42.08,-0.426,0.361
G4411,38.26,-0.613,0.2
G4412,832.05,-0.139,0.614
G4413,35.38,-0.18,0.713
G4414,3245.96,0.241,0.331
G4415,15.37,-0.009,0.989
G4416,46.16,-0.739,0.105
G4417,42.34,0.103,0.825
G4418,13.72,-0.467,0.474
G4419,160.78,-0.37,0.285
G4420,5.86,-0.956,0.278
G4421,116.97,1.224,0.000879
G4422,476.53,-0.185,0.528
G4423,857.95,-0.078,0.776
G4424,426.5,0.413,0.165
G4425,133.88,0.107,0.765
G4426,23.51,0.444,0.419
G4427,14.21,0.011,0.986
G4428,309.19,-1.062,0.000638
G4429,0.3,2.358,0.342
G4430,23.66,-0.783,0.154
G4431,67.13,-0.138,0.74
G4432,50.3,-0.335,0.452
G4433,19.59,-0.347,0.551
G4434,183.98,0.586,0.0829
G4435,8.89,-0.233,0.758
G4436,221.89,0.13,0.691
G4437,133.51,-0.063,0.86
G4438,426.2,0.066,0.824
G4439,91.02,0.281,0.469
G4440,40.63,0.068,0.885
G4441,10.39,0.509,0.477
G4442,235.3,-0.178,0.583
G4443,4.2,-0.694,0.488
G4444,5.65,-0.434,0.627
G4445,63.87,-0.223,0.596
G4446,17.43,1.307,0.0303
G4447,29.08,0.367,0.478
G4448,867.97,0.463,0.0914
G4449,97.18,-0.208,0.586
G4450,0.46,-3.175,0.201
G4451,160.58,-0.396,0.253
G4452,161.41,-0.299,0.387
G4453,16.8,-0.71,0.245
G4454,17.37,0.003,0.996
G4455,164.35,-0.008,0.981
G4456,17.87,-0.46,0.442
G4457,358.55,0.038,0.901
G4458,16.88,-0.336,0.581
G4459,264.01,-0.385,0.227
G4460,7.17,0.174,0.831
G4461,13.26,0.847,0.199
G4462,11.52,0.477,0.49
G4463,32.57,0.68,0.174
G4464,365.46,0.024,0.937
G4465,30.33,0.13,0.799
G4466,3227.3,0.085,0.732
G4467,28.01,-1.173,0.0247
G4468,195.06,-0.045,0.893
G4469,33.35,-0.092,0.853
G4470,72.23,-0.47,0.25
G4471,37.86,0.242,0.614
G4472,17.79,0.262,0.662
G4473,2.22,-0.818,0.527
G4474,35.06,0.62,0.206
G4475,27.92,-0.243,0.642
G4476,14.76,0.349,0.583
G4477,131.15,-0.064,0.859
G4478,38.04,-0.445,0.353
G4479,106.09,-0.035,0.926
G4480,108.04,0.387,0.301
G4481,53.83,1.083,0.0134
G4482,9.06,-1.705,0.0233
G4483,3.86,-0.23,0.824
G4484,6.34,0.858,0.316
G4485,7.74,1.546,0.0518
G4486,20.81,0.468,0.412
G4487,202.2,-0.204,0.54
G4488,706.21,0.201,0.473
G4489,314.19,0.163,0.599
G4490,17.23,-0.419,0.489
G4491,46.59,0.11,0.809
G4492,85.63,-0.489,0.213
G4493,24.17,0.537,0.325
G4494,31.04,-0.215,0.672
G4495,86,0.374,0.341
G4496,185.2,-0.382,0.258
G4497,11.44,-1.363,0.0492
G4498,271.02,-0.687,0.0303
G4499,11.54,0.459,0.507
G4500,3.6,-1.217,0.252
G4501,53.23,2.372,6.68e-08
G4502,11.26,-0.342,0.624
G4503,94.62,0.273,0.478
G4504,51,0.095,0.831
G4505,596.63,-0.294,0.303
G4506,34.48,0.244,0.62
G4507,250.87,0.387,0.228
G4508,125.54,0.248,0.494
G4509,257.79,0.2,0.532
G4510,44.03,0.004,0.993
G4511,521.69,0.464,0.11
G4512,107.79,0.118,0.752
G4513,137.28,0.151,0.672
G4514,97.71,0.793,0.0378
G4515,0.2,2.551,0.304
G4516,73.79,-0.291,0.474
G4517,3.87,0.694,0.502
G4518,25.01,0.523,0.333
G4519,32.99,0.123,0.805
G4520,43.07,0.3,0.518
G4521,37.17,1.082,0.0249
G4522,9.88,0.269,0.712
G4523,40.37,-0.341,0.47
G4524,899.48,-0.268,0.327
G4525,2985.3,0.169,0.498
G4526,40.58,-0.088,0.852
G4527,28.56,-0.148,0.776
G4528,18.84,1.438,0.0146
G4529,21.38,-0.344,0.543
G4530,35.31,-0.483,0.324
G4531,86.61,-0.631,0.107
G4532,3.05,0.645,0.57
G4533,5.51,-0.18,0.842
G4534,99.91,-0.023,0.952
G4535,378.31,-0.117,0.699
G4536,15.64,0.008,0.99
G4537,20.84,-0.128,0.822
G4538,113.3,0.389,0.294
G4539,26.16,-0.433,0.416
G4540,47.3,1.128,0.0127
G4541,53.92,0.29,0.508
G4542,112.95,-0.381,0.304
G4543,110.96,0.456,0.22
G4544,30.72,0.998,0.0498
G4545,412.76,-0.291,0.33
G4546,44.63,-3.281,1e-12
G4547,86.2,-0.089,0.821
G4548,78.38,0.199,0.619
G4549,694.17,-0.118,0.674
G4550,135.47,0.279,0.435
G4551,18.97,-0.023,0.969
G4552,36.47,0.993,0.0406
G4553,174.59,0.063,0.853
G4554,35.6,-0.539,0.27
G4555,18.23,1.116,0.0606
G4556,29.42,0.15,0.771
G4557,55.76,-0.074,0.865
G4558,213.54,-0.589,0.0738
G4559,55.72,0.284,0.513
G4560,86.23,-0.289,0.461
G4561,91.39,0.141,0.716
G4562,20.78,0.525,0.358
G4563,3.12,-0.396,0.725
G4564,1265.48,0.198,0.455
G4565,29.35,0.092,0.858
G4566,65.21,-0.865,0.0386
G4567,231.9,-0.167,0.607
G4568,145.07,0.378,0.284
G4569,10.85,0.728,0.302
G4570,56.85,0.66,0.127
G4571,401.23,0.512,0.0878
G4572,24.85,0.097,0.858
G4573,16.15,0.487,0.431
G4574,188.78,-0.053,0.875
G4575,866.42,0.109,0.691
G4576,5.28,-1.21,0.187
G4577,11.56,0.15,0.828
G4578,34.14,0.451,0.361
G4579,20.63,-0.674,0.239
G4580,17.49,1.053,0.0806
G4581,1770.91,0.068,0.792
G4582,912.35,1.814,3.02e-11
G4583,39.53,-0.039,0.934
G4584,11.28,-2.041,0.00338
G4585,10019.44,0.162,0.492
G4586,111.97,0.357,0.336
G4587,22.12,-0.074,0.895
G4588,5.84,-0.956,0.278
G4589,542.32,0.382,0.186
G4590,13.45,-1.402,0.0327
G4591,204.15,0.115,0.729
G4592,14.36,0.554,0.388
G4593,36.47,-0.873,0.0718
G4594,14.12,-0.739,0.252
G4595,37.34,0.281,0.56
G4596,50.11,0.162,0.716
G4597,6.68,0.463,0.581
G4598,50.58,-0.427,0.337
G4599,283.19,-0.197,0.532
G4600,360.39,-0.003,0.992
G4601,76.88,0.002,0.996
G4602,239.38,0.159,0.623
G4603,167.82,-0.126,0.714
G4604,74.48,-0.642,0.113
G4605,28.53,0.807,0.12
G4606,248.05,-0.087,0.787
G4607,1204.91,-0.539,0.0428
G4608,39.7,-0.61,0.198
G4609,200.69,0.058,0.862
G4610,31.2,0.634,0.211
G4611,108.62,-0.407,0.276
G4612,634.1,0.2,0.481
G4613,224.38,-0.176,0.59
G4614,81.43,-0.305,0.443
G4615,23.06,-0.186,0.737
G4616,339.24,0.015,0.961
G4617,87.7,0.043,0.912
G4618,71.31,-0.5,0.222
G4619,55.03,-0.745,0.0873
G4620,6.43,0.251,0.768
G4621,709.13,0.604,0.031
G4622,2.27,-0.671,0.601
G4623,2.32,0.633,0.618
G4624,511.39,0.134,0.645
G4625,123.21,0.114,0.754
G4626,124.76,-0.329,0.365
G4627,130.59,-0.318,0.377
G4628,20.53,-0.036,0.95
G4629,17.85,0.609,0.309
G4630,1223.64,0.174,0.513
G4631,43.45,-0.006,0.99
G4632,68.44,-0.016,0.969
G4633,86.18,0.823,0.0359
G4634,151.18,-0.157,0.654
G4635,65.99,0.015,0.971
G4636,261.2,0.117,0.714
G4637,14.67,0.203,0.75
G4638,34.46,-1.632,0.000922
G4639,74.94,0.786,0.0522
G4640,71.16,-0.633,0.122
G4641,112.35,-0.468,0.207
G4642,480.58,-2.006,7.55e-12
G4643,3275.46,0.467,0.0596
G4644,10.33,0.006,0.993
G4645,100.57,-0.509,0.18
G4646,9.21,1.213,0.105
G4647,426.01,0.38,0.202
G4648,28.04,-0.022,0.966
G4649,265.81,0.65,0.041
G4650,89.55,-0.955,0.0141
G4651,143.71,0.194,0.583
G4652,59.41,-0.315,0.461
G4653,30.41,-0.314,0.538
G4654,62.58,-0.324,0.443
G4655,17.21,-0.264,0.663
G4656,5.27,0.313,0.733
G4657,38.66,0.527,0.27
G4658,94.34,0.759,0.0485
G4659,109.12,-0.369,0.323
G4660,17.82,0.54,0.367
G4661,1.16,0.935,0.584
G4662,41.41,-0.013,0.978
G4663,117.31,-0.251,0.495
G4664,161.05,-0.331,0.339
G4665,120.86,-0.121,0.741
G4666,37.94,-0.328,0.494
G4667,19.22,0.608,0.299
G4668,228.53,-0.436,0.181
G4669,1961.95,0.191,0.456
G4670,78.48,0.562,0.161
G4671,43.73,0.429,0.353
G4672,48.39,0.214,0.634
G4673,54.4,-0.152,0.728
G4674,18.9,-0.172,0.77
G4675,88.99,-0.502,0.198
G4676,98.83,-0.607,0.111
G4677,292.32,0.886,0.00472
G4678,142,0.449,0.205
G4679,16.39,-0.167,0.786
G4680,0.38,0.936,0.706
G4681,106.64,-0.22,0.557
G4682,682.11,-0.267,0.342
G4683,17.88,-0.289,0.629
G4684,1.74,-0.858,0.549
G4685,14.03,1.736,0.00731
G4686,19.64,0.283,0.626
G4687,46.47,0.191,0.674
G4688,9.52,0.871,0.238
G4689,36.76,0.464,0.338
G4690,970.58,0.353,0.193
G4691,5.87,-0.39,0.658
G4692,17.06,-0.136,0.823
G4693,47.78,-0.306,0.498
G4694,22.47,0.092,0.869
G4695,39.94,-0.168,0.723
G4696,101.27,0.011,0.977
G4697,55.36,-0.006,0.989
G4698,22.25,-1.677,0.00271
G4699,294.52,-1.077,0.000585
G4700,35.16,-1.822,2e-04
G4701,255.75,0.321,0.316
G4702,65.71,-0.511,0.221
G4703,37.52,-0.249,0.605
G4704,69.53,-0.259,0.529
G4705,545.02,-0.185,0.521
G4706,27.41,-0.318,0.545
G4707,663.07,-0.431,0.127
G4708,11.63,1.217,0.0774
G4709,13.1,-0.06,0.928
G4710,116.07,-0.052,0.888
G4711,7.64,0.517,0.518
G4712,87.22,-0.432,0.27
G4713,996.5,0.298,0.271
G4714,41051.29,-0.285,0.211
G4715,232.07,-0.368,0.258
G4716,19.63,0.683,0.24
G4717,67.32,-0.676,0.103
G4718,11.89,0.216,0.752
G4719,12.66,0.301,0.653
G4720,899.44,0.112,0.682
G4721,86.44,-0.151,0.7
G4722,6.92,-0.208,0.802
G4723,13.09,0.469,0.479
G4724,169.75,-0.147,0.668
G4725,46.46,0.281,0.537
G4726,137.67,-0.176,0.621
G4727,11.61,-0.315,0.648
G4728,121.1,0.316,0.387
G4729,7.44,1.07,0.185
G4730,152.64,-0.647,0.0641
G4731,22.06,-1.081,0.0538
G4732,137.64,-0.317,0.374
G4733,136.76,0.584,0.102
G4734,10.42,-0.164,0.819
G4735,15.78,-0.15,0.81
G4736,24.72,0.353,0.515
G4737,32.32,-0.577,0.25
G4738,1.18,0.551,0.745
G4739,314.02,-0.01,0.974
G4740,51.91,0.15,0.734
G4741,143.69,0.541,0.126
G4742,187.92,0.215,0.523
G4743,48.59,-0.302,0.502
G4744,7.66,0.947,0.235
G4745,13.18,0.659,0.319
G4746,1965.38,-0.207,0.419
G4747,23.63,-0.021,0.969
G4748,8.02,-1.635,0.0373
G4749,18.58,0.886,0.134
G4750,9.1,0.495,0.509
G4751,83.77,-0.342,0.386
G4752,27.41,0.797,0.129
G4753,41.64,-0.125,0.789
G4754,284.97,0.255,0.418
G4755,60.48,-0.28,0.511
G4756,377.97,-0.413,0.172
G4757,3129.87,-0.185,0.457
G4758,119.13,0.865,0.0183
G4759,304.39,-0.183,0.557
G4760,434.2,-0.467,0.116
G4761,1255.51,-0.367,0.166
G4762,3.69,-0.132,0.9
G4763,3.33,0.939,0.392
G4764,52.87,0.766,0.0817
G4765,143.19,-0.043,0.903
G4766,4.11,-1.903,0.0593
G4767,8.99,-0.731,0.332
G4768,130.76,-0.084,0.815
G4769,40.38,-0.206,0.662
G4770,15.58,-0.181,0.772
G4771,44.86,-0.553,0.228
G4772,13.76,-0.454,0.486
G4773,19.93,0.068,0.906
G4774,29.94,-0.986,0.0543
G4775,7.8,-1.515,0.056
G4776,2607.78,0.116,0.644
G4777,25.67,-0.009,0.987
G4778,89.47,0.293,0.452
G4779,231.47,0.018,0.956
G4780,16.21,-0.124,0.841
G4781,15.22,1.925,0.00225
G4782,2.74,-0.182,0.878
G4783,40.76,0.329,0.484
G4784,4.35,0.465,0.638
G4785,100.17,0.387,0.308
G4786,4.36,-0.277,0.779
G4787,1.31,0.609,0.707
G4788,25.47,0.744,0.166
G4789,49.05,-0.19,0.672
G4790,88.6,0.218,0.576
G4791,208.76,0.171,0.605
G4792,4.44,0.506,0.605
G4793,42.35,0.944,0.0427
G4794,12.88,-0.392,0.556
G4795,139.72,0.252,0.478
G4796,12.05,-0.666,0.328
G4797,222.15,0.713,0.0294
G4798,16.57,-0.404,0.51
G4799,36.37,0.142,0.77
G4800,41.37,0.167,0.722
G4801,107.42,-0.247,0.509
G4802,19.85,-0.167,0.773
G4803,122.12,-0.959,0.00857
G4804,802.05,-0.461,0.0955
G4805,1.22,-2.211,0.185
G4806,20.84,-1.05,0.0657
G4807,123.3,-0.17,0.641
G4808,374.01,-0.395,0.192
G4809,47.77,0.19,0.674
G4810,933.91,0.418,0.125
G4811,152.44,0.086,0.806
G4812,130.02,0.201,0.577
G4813,40.32,0.199,0.673
G4814,239.35,-0.415,0.199
G4815,263.95,0.148,0.642
G4816,51.16,0.76,0.0867
G4817,155.37,0.789,0.0235
G4818,134.23,0.327,0.361
G4819,30.61,-0.316,0.535
G4820,162.58,0.446,0.197
G4821,228.36,-0.224,0.492
G4822,12.58,-0.418,0.533
G4823,91.4,-0.101,0.794
G4824,44.99,0.67,0.144
G4825,19.83,-0.834,0.15
G4826,25.55,0.94,0.0798
G4827,15.21,0.19,0.763
G4828,6.77,0.463,0.579
G4829,66.33,1.303,0.00176
G4830,6.57,-0.953,0.259
G4831,10.71,-0.624,0.379
G4832,163.49,-1.468,2.11e-05
G4833,85.97,0.186,0.636
G4834,8.99,-0.602,0.424
G4835,89.92,0.753,0.0527
G4836,50.35,0.201,0.652
G4837,107.5,0.038,0.919
G4838,302.95,-0.028,0.928
G4839,76.67,-0.356,0.377
G4840,285.19,-0.114,0.717
G4841,7.48,-1.411,0.0796
G4842,479.82,0.062,0.832
G4843,42.52,-1.109,0.0172
G4844,380.67,0.222,0.462
G4845,24.74,-0.553,0.307
G4846,31.05,0.917,0.0706
G4847,169.71,-0.003,0.993
G4848,4.1,-0.902,0.372
G4849,8.79,1.258,0.0977
G4850,1767.93,0.361,0.162
G4851,173.32,0.3,0.38
G4852,19.3,0.911,0.119
G4853,88.01,0.725,0.0634
G4854,1618.03,0.274,0.292
G4855,21.57,1.105,0.0503
G4856,99.54,-0.063,0.868
G4857,10.55,1.261,0.0768
G4858,540.5,0.081,0.779
G4859,91.89,0.36,0.352
G4860,0.59,-3.931,0.0878
G4861,106.65,0.339,0.366
G4862,1.63,0.223,0.88
G4863,563.31,-0.188,0.513
G4864,164.56,0.56,0.104
G4865,157.17,0.106,0.76
G4866,37.82,0.68,0.157
G4867,159.09,-0.042,0.904
G4868,1585.08,-0.224,0.389
G4869,9.73,0.121,0.869
G4870,109.06,0.328,0.379
G4871,523.22,0.025,0.931
G4872,292.49,0.556,0.0762
G4873,142.78,-0.338,0.34
G4874,673.19,-0.04,0.887
G4875,9.51,-0.259,0.726
G4876,5.86,0.328,0.71
G4877,25.35,0.196,0.716
G4878,989.58,0.028,0.918
G4879,28.42,-0.282,0.588
G4880,230.46,-0.33,0.311
G4881,56.08,0.137,0.752
G4882,10.34,-0.645,0.369
G4883,443.31,0.156,0.598
G4884,8.26,-1.28,0.0994
G4885,152.41,0.26,0.457
G4886,120.52,-0.321,0.38
G4887,112.39,-0.172,0.643
G4888,507.2,0.268,0.357
G4889,8126.53,-0.353,0.138
G4890,260.2,0.342,0.284
G4891,677.78,0.006,0.983
G4892,13.33,0.155,0.814
G4893,997.62,-0.054,0.842
G4894,18.31,-0.56,0.346
G4895,13.67,-0.522,0.424
G4896,50.51,0.131,0.769
G4897,37.42,0.314,0.514
G4898,323.63,-0.151,0.625
G4899,955.53,-0.307,0.259
G4900,72.32,-0.187,0.647
G4901,20.36,-1.12,0.0513
G4902,21.54,-0.873,0.122
G4903,78.48,-0.437,0.275
G4904,112.4,0.009,0.981
G4905,19.89,-0.719,0.214
G4906,7.64,0.247,0.757
G4907,1027.08,-0.002,0.994
G4908,381.9,0.048,0.874
G4909,111.66,-0.101,0.786
G4910,372.62,-0.35,0.248
G4911,23.64,-0.13,0.813
G4912,25.69,0.36,0.502
G4913,89.38,-2.26,6.39e-09
G4914,2.44,-0.347,0.78
G4915,72.15,-0.638,0.118
G4916,4.34,-0.258,0.794
G4917,14.94,-2.175,0.000602
G4918,143.51,0.019,0.957
G4919,22.25,0.308,0.582
G4920,45.65,-1.745,0.000133
G4921,107,0.669,0.0742
G4922,14,0.65,0.316
G4923,61.32,-0.29,0.494
G4924,69,-0.589,0.153
G4925,19.73,0.093,0.873
G4926,826.53,-0.105,0.703
G4927,47.18,-0.375,0.408
G4928,138.18,-0.674,0.0584
G4929,599.07,-0.338,0.236
G4930,86.74,-0.369,0.346
G4931,3.76,0.56,0.592
G4932,70.53,-0.39,0.342
G4933,181.51,0.164,0.628
G4934,13.99,-0.183,0.778
G4935,114.49,0.292,0.429
G4936,21.74,-0.831,0.14
G4937,239.91,0.21,0.516
G4938,159.37,0.426,0.219
G4939,21.18,1.46,0.0101
G4940,8.9,0.866,0.252
G4941,229.44,0.858,0.00842
G4942,124.58,-0.135,0.71
G4943,289.7,-0.032,0.919
G4944,127.12,-0.296,0.413
G4945,3.54,-0.075,0.944
G4946,268.53,-0.778,0.0143
G4947,15.13,-0.854,0.176
G4948,21.67,-0.026,0.963
G4949,2341.15,-0.117,0.644
G4950,156.41,0.282,0.418
G4951,495.25,-0.188,0.52
G4952,11.87,-0.172,0.802
G4953,534.92,0.003,0.992
G4954,83.27,-0.211,0.594
G4955,57.02,-0.572,0.185
G4956,90.17,-0.529,0.173
G4957,31.25,-0.874,0.0843
G4958,365.92,-0.177,0.56
G4959,45.42,0.375,0.412
G4960,265.51,-0.214,0.501
G4961,6.13,0.454,0.6
G4962,3.22,-1.685,0.13
G4963,5231.34,-0.515,0.0334
G4964,78.32,-0.026,0.948
G4965,399.12,2.365,1e-12
G4966,9018.32,0.197,0.406
G4967,2.85,-1.414,0.226
G4968,340.99,-0.146,0.634
G4969,335.95,1.094,0.000371
G4970,60.35,-0.55,0.197
G4971,7.3,-0.718,0.377
G4972,6.98,0.222,0.788
G4973,35.94,-0.191,0.695
G4974,45.84,-0.441,0.334
G4975,12.46,0.355,0.598
G4976,136.72,-0.369,0.301
G4977,6.16,-1.905,0.0276
G4978,124.9,0.262,0.471
G4979,176.86,0.207,0.543
G4980,38.84,-0.337,0.48
G4981,62.52,-0.128,0.762
G4982,166.47,-1.263,0.000241
G4983,161.96,0.526,0.128
G4984,12.49,-1.337,0.0469
G4985,1.21,2.47,0.14
G4986,64.16,0.301,0.473
G4987,108.11,0.009,0.981
G4988,12.87,-0.08,0.904
G4989,43.78,-0.368,0.426
G4990,132.04,0.18,0.616
G4991,64.24,-0.074,0.86
G4992,3.3,-0.731,0.507
G4993,265.58,0.392,0.218
G4994,132.97,-0.098,0.785
G4995,709.06,-0.022,0.937
G4996,36.82,-0.17,0.725
G4997,8.97,0.725,0.336
G4998,436.76,-0.161,0.587
G4999,30.54,-0.907,0.0751
G5000,7.63,0.802,0.316
G5001,184.1,1.69,5.7e-07
G5002,85.11,0.417,0.289
G5003,239.73,-0.385,0.234
G5004,21.78,1.741,0.00198
G5005,0.65,-0.935,0.671
G5006,227.26,-0.126,0.699
G5007,16.89,-0.364,0.55
G5008,1.38,1.529,0.334
G5009,210.03,0.297,0.369
G5010,26.4,1.09,0.0402
G5011,265.47,-0.428,0.179
G5012,3.74,-0.253,0.809
G5013,28.64,0.304,0.558
G5014,111.77,1.877,4.31e-07
G5015,52.51,-0.498,0.259
G5016,2.29,-0.128,0.92
G5017,278.15,-0.295,0.35
G5018,11.55,-0.334,0.629
G5019,49.42,-0.367,0.412
G5020,12.81,-1.833,0.006
G5021,179.13,0.026,0.939
G5022,21.29,-0.342,0.546
G5023,17.08,0.606,0.318
G5024,24.12,0.779,0.153
G5025,147.95,0.513,0.144
G5026,253.93,-0.254,0.428
G5027,120.58,0.33,0.367
G5028,44.34,-1.499,0.00113
G5029,34.72,-0.953,0.0525
G5030,1.99,1.439,0.288
G5031,155.46,0.624,0.0732
G5032,8.64,0.909,0.234
G5033,15.26,-1.223,0.0521
G5034,3268.54,-0.436,0.0787
G5035,55.78,-0.21,0.629
G5036,42.87,0.243,0.601
G5037,24.03,-0.662,0.226
G5038,59.31,0.463,0.279
G5039,29.41,-0.506,0.326
G5040,3.81,1.358,0.192
G5041,381.54,-0.762,0.0116
G5042,498.69,0.376,0.197
G5043,32.12,-1.345,0.00741
G5044,463.89,0.127,0.666
G5045,11.39,-0.136,0.845
G5046,9.94,1.298,0.0744
G5047,187.87,-0.505,0.134
G5048,128.18,0.106,0.769
G5049,182.93,0.139,0.681
G5050,7.44,-1.708,0.0342
G5051,33.05,1.086,0.0293
G5052,189.12,0.224,0.505
G5053,128.55,0.061,0.866
G5054,15.21,0.282,0.655
G5055,104.09,2.311,8.63e-10
G5056,6.54,-0.407,0.63
G5057,57.72,0.239,0.579
G5058,150.22,0.013,0.97
G5059,8.27,0.248,0.749
G5060,19.61,0.242,0.677
G5061,58.87,-0.067,0.876
G5062,72.85,0.592,0.146
G5063,18.52,0.245,0.679
G5064,471.92,-0.195,0.507
G5065,177.08,0.295,0.386
G5066,53.47,0.346,0.43
G5067,655.44,0.172,0.543
G5068,10.66,0.98,0.168
G5069,89.16,-0.123,0.752
G5070,3968.17,0.028,0.909
G5071,67.84,0.066,0.873
G5072,31.4,0.057,0.91
G5073,880.79,0.012,0.965
G5074,23.07,-0.805,0.146
G5075,54.69,0.136,0.755
G5076,7.17,-1.339,0.101
G5077,51.43,0.013,0.977
G5078,14.7,-0.096,0.88
G5079,2.8,2.27,0.0536
G5080,15.83,0.584,0.348
G5081,23.53,0.302,0.583
G5082,8.69,1.267,0.0967
G5083,9.61,-1.599,0.0298
G5084,20.63,-0.049,0.932
G5085,74.61,0.028,0.945
G5086,37.5,-0.186,0.699
G5087,825.7,0.216,0.433
G5088,57.59,0.626,0.146
G5089,44.3,-0.159,0.73
G5090,22.59,0.962,0.0839
G5091,21.68,-0.56,0.32
G5092,325.33,0.135,0.662
G5093,111.69,-0.32,0.389
G5094,1378.83,-0.112,0.67
G5095,21.2,-0.308,0.587
G5096,43.75,0.265,0.566
G5097,1.15,-0.591,0.73
G5098,6.42,-0.157,0.854
G5099,145.04,0.195,0.581
G5100,18.07,0.386,0.517
G5101,779.28,0.063,0.82
G5102,3.2,-0.362,0.745
G5103,25.14,-0.072,0.894
G5104,3.17,-1.13,0.312
G5105,46.71,-0.805,0.0763
G5106,183.3,-0.314,0.353
G5107,276.37,0.509,0.108
G5108,57.42,0.017,0.969
G5109,0.34,3.782,0.128
G5110,46.61,0.539,0.236
G5111,59.4,0.941,0.0278
G5112,9.82,0.267,0.715
G5113,297.59,-0.262,0.402
G5114,442.83,0.096,0.746
G5115,16.47,-0.195,0.751
G5116,26.74,-0.608,0.251
G5117,47.33,-2.242,7.27e-07
G5118,56.11,0.695,0.109
G5119,22.47,-0.248,0.656
G5120,223.61,-0.332,0.31
G5121,174.36,0.118,0.729
G5122,19.55,-0.446,0.443
G5123,0.77,-0.993,0.627
G5124,240.64,0.489,0.13
G5125,565.18,0.297,0.301
G5126,1016.41,0.126,0.641
G5127,87.89,0.268,0.493
G5128,63.36,-0.362,0.39
G5129,70.01,0.368,0.371
G5130,13.08,0.188,0.777
G5131,5,1.481,0.113
G5132,39.32,-0.596,0.21
G5133,567.82,-0.279,0.331
G5134,11.49,-0.023,0.973
G5135,135.47,1.532,1.82e-05
G5136,44.29,0.445,0.334
G5137,992.93,-0.035,0.897
G5138,24.25,-0.15,0.783
G5139,98.23,-0.032,0.933
G5140,724.87,-0.31,0.267
G5141,274.19,0.282,0.373
G5142,133.57,0.582,0.104
G5143,6.59,-0.891,0.291
G5144,7.01,-0.045,0.956
G5145,581.7,0.093,0.745
G5146,50.74,0.248,0.577
G5147,150.56,0.496,0.157
G5148,207.9,-0.129,0.697
G5149,803.02,0.061,0.825
G5150,7.14,0.322,0.694
G5151,125.24,0.038,0.917
G5152,16.21,-0.171,0.782
G5153,17.08,-0.303,0.618
G5154,145.03,-0.168,0.634
G5155,34.9,-0.893,0.0689
G5156,346.79,0.091,0.766
G5157,28.69,0.974,0.0604
G5158,17.93,-0.007,0.991
G5159,27.56,0.859,0.102
G5160,452.91,-0.175,0.553
G5161,508.3,0.076,0.794
G5162,21.28,0.265,0.64
G5163,190.08,0.138,0.681
G5164,1110.69,-0.136,0.612
G5165,1850.54,0.11,0.669
G5166,7.01,-1.71,0.038
G5167,20.4,0.561,0.329
G5168,44.52,0.503,0.274
G5169,115.7,0.03,0.935
G5170,12.46,1.153,0.0868
G5171,73.45,0.095,0.815
G5172,55.68,-0.255,0.557
G5173,7.16,0.856,0.295
G5174,2.63,1.2,0.32
G5175,80.26,-0.414,0.299
G5176,173.55,-0.129,0.706
G5177,80.24,0.275,0.49
G5178,1.16,1.194,0.484
G5179,18.42,0.183,0.758
G5180,349.87,-0.439,0.151
G5181,174.93,-0.179,0.6
G5182,11.11,2.163,0.002
G5183,69.87,0.154,0.708
G5184,25.45,1.933,0.00032
G5185,88.75,-0.097,0.803
G5186,28.63,-0.844,0.104
G5187,72.9,0.238,0.559
G5188,74.28,0.701,0.084
G5189,157.8,-0.333,0.338
G5190,53.41,0.049,0.911
G5191,129.89,-0.373,0.301
G5192,30.76,0.504,0.322
G5193,388.12,0.119,0.693
G5194,87.44,-0.1,0.798
G5195,22.47,-0.06,0.914
G5196,226.47,-0.421,0.197
G5197,23.9,0.883,0.107
G5198,26.59,-0.597,0.26
G5199,17.1,-0.652,0.283
G5200,1.19,-1.965,0.244
G5201,20.27,-0.114,0.843
G5202,63.85,0.701,0.0953
G5203,51.38,0.541,0.222
G5204,31.19,-0.039,0.939
G5205,33.56,-0.553,0.265
G5206,481.35,0.137,0.64
G5207,31.54,-0.372,0.461
G5208,545.19,0.336,0.244
G5209,855.36,0.24,0.382
G5210,19.9,0.093,0.872
G5211,58.7,0.265,0.537
G5212,28.46,-1.024,0.0489
G5213,296.66,-0.599,0.0556
G5214,84.63,-0.564,0.152
G5215,75.69,-0.191,0.636
G5216,129.57,-0.149,0.679
G5217,41.98,-0.323,0.489
G5218,20.81,-0.719,0.208
G5219,40.86,0.163,0.729
G5220,79.1,0.103,0.797
G5221,3.45,2.685,0.013
G5222,37.17,-0.029,0.952
G5223,10.15,0.135,0.852
G5224,1.26,1.515,0.357
G5225,74.96,-0.212,0.6
G5226,90.47,0.041,0.916
G5227,2.28,0.637,0.619
G5228,167.15,-0.095,0.782
G5229,55.13,0.745,0.0871
G5230,115.69,0.073,0.843
G5231,27.17,0.859,0.103
G5232,101.74,-0.039,0.918
G5233,639.27,-0.223,0.431
G5234,649.13,-0.141,0.618
G5235,97.54,0.13,0.734
G5236,50.53,1.467,0.000981
G5237,277.01,-0.052,0.869
G5238,59.44,0.463,0.279
G5239,593.8,0.07,0.806
G5240,229.89,-0.873,0.00732
G5241,87.29,0.309,0.43
G5242,21.89,-0.611,0.277
G5243,597.55,-0.319,0.264
G5244,435.43,0.288,0.332
G5245,259.46,0.079,0.805
G5246,3.16,-0.479,0.669
G5247,15.56,-1.05,0.0933
G5248,33.59,0.356,0.473
G5249,2.87,-1.264,0.278
G5250,47.87,0.209,0.643
G5251,38.85,-0.227,0.634
G5252,209.1,-0.141,0.67
G5253,238.32,-0.682,0.0351
G5254,138.77,0.028,0.937
G5255,27.57,-0.613,0.243
G5256,1.5,-1.202,0.431
G5257,10,0.394,0.587
G5258,62.23,0,1
G5259,178.25,0.422,0.214
G5260,35.36,-1.375,0.00493
G5261,1447.82,-1.511,8.11e-09
G5262,19.47,0.183,0.753
G5263,85.92,-1.323,0.000752
G5264,57.25,-1.591,0.000227
G5265,30.72,0.207,0.684
G5266,369.43,-0.014,0.963
G5267,348.67,0.374,0.221
G5268,17.8,-0.66,0.271
G5269,1.16,1.656,0.332
G5270,174.8,-0.037,0.914
G5271,631.65,-0.283,0.318
G5272,153.63,-0.244,0.485
G5273,186.74,0.448,0.184
G5274,1.94,-0.639,0.641
G5275,180.54,0.014,0.967
G5276,1.41,1.139,0.467
G5277,16.81,-0.64,0.294
G5278,255.34,0.397,0.215
G5279,49.76,-1.112,0.0128
G5280,113.84,0.229,0.536
G5281,15.87,-0.09,0.885
G5282,104.44,0.3,0.426
G5283,25.42,0.848,0.115
G5284,29.7,-1.518,0.00312
G5285,311.44,0.161,0.604
G5286,330.14,0.287,0.352
G5287,27.57,-0.385,0.463
G5288,715.25,0.149,0.594
G5289,179.42,-0.077,0.821
G5290,240.52,-0.15,0.643
G5291,10.5,0.277,0.698
G5292,31.05,0.64,0.207
G5293,7.23,0.548,0.501
G5294,11.59,-0.306,0.657
G5295,106.48,-0.782,0.0371
G5296,962.79,0.354,0.192
G5297,1142.41,0.075,0.779
G5298,110.87,-0.577,0.121
G5299,11.65,0.195,0.777
G5300,94.22,3.097,1e-12
G5301,3.29,-0.777,0.481
G5302,740.23,0.241,0.387
G5303,4.07,0.298,0.769
G5304,198.4,-0.089,0.79
G5305,33.98,-0.207,0.675
G5306,17.45,-0.304,0.614
G5307,18.84,0.117,0.842
G5308,639.71,-0.222,0.433
G5309,151.02,0.267,0.446
G5310,21.92,-0.336,0.55
G5311,70.21,-0.215,0.601
G5312,84.86,-0.509,0.196
G5313,35.34,0.158,0.747
G5314,34.17,-0.802,0.104
G5315,10.26,1.221,0.0897
G5316,148.23,-0.066,0.851
G5317,208.31,0.181,0.584
G5318,1.91,-2.169,0.115
G5319,6.44,0.017,0.984
G5320,39.11,0.212,0.656
G5321,1.74,-2.938,0.0403
G5322,84.08,-0.315,0.425
G5323,57.29,-0.096,0.824
G5324,176.2,0.23,0.499
G5325,46.53,0.094,0.836
G5326,173.4,0.943,0.00576
G5327,189.39,-0.276,0.412
G5328,12.42,-0.227,0.736
G5329,66.95,0.054,0.897
G5330,249.14,0.309,0.336
G5331,38.52,-0.725,0.129
G5332,30.99,0.147,0.772
G5333,144.57,0.317,0.369
G5334,28.32,-0.37,0.477
G5335,912.85,1.034,0.000152
G5336,15.25,0.451,0.474
G5337,9.25,-0.275,0.712
G5338,203.31,1.103,9e-04
G5339,7.78,-0.595,0.453
G5340,13.74,-0.501,0.442
G5341,128.93,-0.131,0.717
G5342,2.57,-0.644,0.597
G5343,25.36,0.746,0.165
G5344,10.4,-0.745,0.298
G5345,115.2,0.496,0.179
G5346,123.39,0.441,0.226
G5347,18.29,0.477,0.422
G5348,53.48,0.973,0.0266
G5349,70.07,0.425,0.301
G5350,40.71,1.811,0.00012
G5351,10.85,-1.585,0.0247
G5352,43.83,0.201,0.663
G5353,6.37,0.524,0.539
G5354,132.31,0.076,0.832
G5355,78.29,-0.806,0.0443
G5356,297.9,-0.658,0.0354
G5357,158.02,0.206,0.553
G5358,7.98,-1.239,0.115
G5359,420.94,0.481,0.106
G5360,3.48,-0.002,0.999
G5361,28.3,0.081,0.876
G5362,93,-0.156,0.686
G5363,5.1,-0.902,0.331
G5364,20.98,1.156,0.0423
G5365,186.98,0.578,0.0863
G5366,76.53,0.557,0.167
G5367,29.08,0.993,0.0546
G5368,65.83,-0.324,0.437
G5369,248.02,0.133,0.679
G5370,56.62,0.091,0.833
G5371,67.81,-0.744,0.0725
G5372,53.05,-0.255,0.562
G5373,6.5,0.299,0.724
G5374,505.62,0.364,0.211
G5375,12.99,-1.127,0.0896
G5376,11.58,0.091,0.895
G5377,38.84,0.099,0.835
G5378,261.4,-0.662,0.0379
G5379,437.97,-0.318,0.283
G5380,125.69,-0.402,0.268
G5381,39.96,-0.813,0.0857
G5382,4.46,0.431,0.659
G5383,51.58,-0.184,0.678
G5384,19.99,-0.003,0.996
G5385,41.85,0.489,0.295
G5386,121.26,0.648,0.0761
G5387,103.75,0.101,0.789
G5388,164.29,0.358,0.299
G5389,11.4,1.508,0.0298
G5390,0.68,1.202,0.578
G5391,140.28,-0.193,0.587
G5392,421.58,-0.143,0.631
G5393,8.56,-0.119,0.877
G5394,19.92,0.103,0.859
G5395,2.01,-1.418,0.293
G5396,140.55,-0.013,0.971
G5397,104.79,0.067,0.859
G5398,14.98,-0.518,0.413
G5399,38.65,0.597,0.211
G5400,29.65,0.381,0.458
G5401,186.19,-0.067,0.843
G5402,8.76,0.346,0.649
G5403,22.22,-0.165,0.768
G5404,1.03,1.561,0.385
G5405,92.66,-0.011,0.977
G5406,186.03,-0.286,0.396
G5407,5.84,-0.296,0.737
G5408,28.19,0.235,0.652
G5409,64.24,0.215,0.608
G5410,5.64,0.218,0.807
G5411,81.87,-0.981,0.0134
G5412,168.92,-0.021,0.951
G5413,1067.54,0.068,0.8
G5414,202.42,-0.569,0.087
G5415,47.19,0.008,0.986
G5416,9.64,-0.978,0.184
G5417,4.97,0.757,0.419
G5418,375.63,0.046,0.879
G5419,127.76,1.084,0.00272
G5420,113.16,-0.318,0.391
G5421,215.79,0.13,0.693
G5422,2.91,0.911,0.431
G5423,4.06,-0.537,0.596
G5424,73.29,-0.368,0.366
G5425,20.44,-1.342,0.0194
G5426,51.4,-0.271,0.541
G5427,24.4,0.331,0.543
G5428,105.34,0.139,0.712
G5429,317.21,-0.247,0.425
G5430,12.5,-0.715,0.288
G5431,36.1,0.008,0.987
G5432,56.81,-0.603,0.163
G5433,3.94,2.509,0.0145
G5434,67.44,0.208,0.616
G5435,78.34,0.538,0.179
G5436,19.31,-0.862,0.14
G5437,30.65,-0.263,0.605
G5438,73.06,-0.122,0.764
G5439,69.71,0.099,0.81
G5440,4.84,0.083,0.93
G5441,170.26,0.06,0.861
G5442,44.83,-0.116,0.8
G5443,3.55,-0.921,0.389
G5444,19.73,-0.128,0.825
G5445,80.46,2,5.16e-07
G5446,153.41,-0.033,0.925
G5447,16.86,0.13,0.831
G5448,100.42,-0.015,0.968
G5449,65.05,-0.219,0.601
G5450,493.09,0.256,0.381
G5451,492.55,-0.029,0.921
G5452,15.37,0.662,0.292
G5453,57.47,0.051,0.906
G5454,6.85,-2.887,0.000515
G5455,58.63,-0.347,0.419
G5456,3.42,1.527,0.159
G5457,24.84,0.251,0.643
G5458,117.92,-0.108,0.769
G5459,368.53,0.313,0.302
G5460,8515.53,0.221,0.352
G5461,2943.82,0.546,0.0286
G5462,163.23,0.051,0.883
G5463,545.07,0.046,0.873
G5464,276.17,0.048,0.879
G5465,539.44,0.061,0.833
G5466,280.35,-0.805,0.0107
G5467,68.39,0.198,0.632
G5468,32.19,-0.395,0.431
G5469,12.04,0.206,0.762
G5470,376.96,-0.163,0.59
G5471,17.88,0.11,0.854
G5472,115.38,-0.266,0.471
G5473,28,-0.354,0.498
G5474,160.56,-0.403,0.244
G5475,1749.61,0.187,0.469
G5476,384.09,0.01,0.974
G5477,59.44,0.7,0.102
G5478,18.94,0.093,0.874
G5479,9.84,-0.999,0.171
G5480,53.67,0.303,0.489
G5481,542.2,-0.216,0.454
G5482,8.65,0.184,0.81
G5483,17.6,1.51,0.012
G5484,267.73,0.086,0.787
G5485,12.46,0.101,0.881
G5486,115.42,-0.049,0.894
G5487,49.05,-0.184,0.682
G5488,16.72,-0.14,0.819
G5489,87.02,-0.167,0.67
G5490,21.21,0.076,0.893
G5491,13.88,0.185,0.776
G5492,10.67,-0.953,0.179
G5493,42.04,0.166,0.722
G5494,46.77,0.786,0.0834
G5495,15.29,-0.224,0.722
G5496,140.16,0.418,0.239
G5497,164.85,0.543,0.115
G5498,92.08,1.781,4.12e-06
G5499,15.56,-1.369,0.0287
G5500,60.25,0.155,0.716
G5501,282.58,0.427,0.175
G5502,1649.48,-0.218,0.401
G5503,111.61,-0.243,0.513
G5504,897.6,-0.184,0.501
G5505,653.97,-0.507,0.0728
G5506,15.91,0.495,0.425
G5507,222.93,-0.116,0.723
G5508,11.74,0.002,0.998
G5509,49.58,0.833,0.0625
G5510,1.26,1.535,0.351
G5511,44.62,0.316,0.492
G5512,164.99,0.186,0.589
G5513,39.57,0.349,0.462
G5514,182.94,-0.115,0.734
G5515,202.55,-0.014,0.966
G5516,20.19,-0.317,0.582
G5517,26.66,-0.106,0.841
G5518,14.05,2.412,0.000192
G5519,3.55,2.829,0.00815
G5520,5.15,-0.854,0.356
G5521,43.99,-0.04,0.931
G5522,3.09,-0.385,0.733
G5523,384.84,0.102,0.735
G5524,9.39,0.102,0.891
G5525,9.62,-0.454,0.537
G5526,7.78,0.15,0.85
G5527,14.01,-0.577,0.373
G5528,4.21,-1.922,0.0546
G5529,17.54,0.252,0.676
G5530,475.01,-0.071,0.809
G5531,110.14,-0.098,0.792
G5532,72.81,-0.391,0.337
G5533,37.4,0.847,0.0786
G5534,512.92,-0.217,0.455
G5535,125.95,1.53,2.44e-05
G5536,447.75,0.092,0.756
G5537,65.56,-0.166,0.691
G5538,151.26,0.231,0.509
G5539,3335.1,0.153,0.537
G5540,709.47,-0.924,0.00097
G5541,37.69,0.178,0.711
G5542,61.88,0.448,0.29
G5543,164.53,-0.253,0.463
G5544,194.65,0.369,0.27
G5545,256.88,0.255,0.425
G5546,158.36,0.371,0.285
G5547,5.29,-0.655,0.474
G5548,21,1.39,0.0146
G5549,28.69,0.641,0.217
G5550,11.09,-0.251,0.72
G5551,90.08,-0.156,0.688
G5552,25.84,0.286,0.593
G5553,13.4,-0.69,0.294
G5554,16.67,0.682,0.265
G5555,26.7,0.519,0.327
G5556,128.56,0.916,0.0112
G5557,48.52,0.259,0.565
G5558,304.75,-0.288,0.355
G5559,5.39,-0.114,0.9
G5560,133.7,0.705,0.0492
G5561,68.65,-0.125,0.762
G5562,35.22,0.133,0.786
G5563,55.4,-2.113,1.19e-06
G5564,9.16,-0.069,0.927
G5565,130.25,-0.363,0.314
G5566,39.16,3.074,1.03e-10
G5567,66.39,0.805,0.0532
G5568,13.36,0.966,0.142
G5569,96.55,-0.293,0.444
G5570,22.44,0.479,0.39
G5571,39.97,0.634,0.18
G5572,209.46,0.054,0.87
G5573,457.77,0.448,0.129
G5574,175.93,0.625,0.0665
G5575,68.3,-1.174,0.00453
G5576,10.67,0.242,0.733
G5577,45.71,-0.357,0.434
G5578,3469.61,-0.433,0.0798
G5579,38.3,-0.132,0.783
G5580,29.46,-0.629,0.222
G5581,148.34,0.035,0.921
G5582,269.14,0.214,0.5
G5583,1.98,0.385,0.777
G5584,26.98,0.514,0.33
G5585,10.08,-0.623,0.389
G5586,16.64,-0.415,0.498
G5587,4.22,1.34,0.18
G5588,66.14,0.85,0.0414
G5589,4.06,0.487,0.631
G5590,15.11,0.108,0.864
G5591,28.01,0.203,0.698
G5592,161.02,0.353,0.308
G5593,76.89,-0.335,0.405
G5594,27.91,0.259,0.62
G5595,24.03,-0.638,0.243
G5596,138.96,-0.086,0.809
G5597,2.44,-1.803,0.147
G5598,8.34,-0.418,0.589
G5599,1.88,4.283,0.00201
G5600,46.85,0.589,0.194
G5601,17.12,0.362,0.551
G5602,60.24,0.513,0.229
G5603,459.43,-0.194,0.51
G5604,5079.97,0.075,0.757
G5605,142.66,-0.332,0.348
G5606,30.31,0.474,0.353
G5607,172.17,-0.303,0.376
G5608,16.51,0.345,0.574
G5609,144.9,-0.144,0.683
G5610,2.15,0.718,0.584
G5611,32.35,0.775,0.122
G5612,0.49,0.374,0.88
G5613,134.87,0.324,0.365
G5614,62.4,-0.213,0.614
G5615,21.77,0.429,0.446
G5616,41.72,-0.267,0.568
G5617,29.5,-1.522,0.0031
G5618,695.65,0.147,0.6
G5619,109.57,0.707,0.0579
G5620,19.65,0.031,0.957
G5621,35.17,0.412,0.4
G5622,680.1,-0.077,0.784
G5623,17.22,-1.235,0.0414
G5624,300.56,0.227,0.467
G5625,14.57,0.29,0.65
G5626,96.02,0.582,0.129
G5627,14.96,0.408,0.52
G5628,88.95,0.226,0.562
G5629,32.83,0.094,0.851
G5630,28.49,-0.647,0.213
G5631,77.56,-0.054,0.893
G5632,90.09,0.67,0.0847
G5633,58.37,-0.871,0.0425
G5634,35.26,-0.065,0.894
G5635,2069.18,-0.128,0.616
G5636,25.21,0,1
G5637,134.24,-0.184,0.607
G5638,256.25,-0.275,0.39
G5639,2.39,-0.685,0.585
G5640,5.25,0.645,0.482
G5641,196.29,0.186,0.578
G5642,202.83,-0.557,0.0937
G5643,78.27,-0.118,0.768
G5644,34.64,-0.074,0.88
G5645,141.44,0.458,0.196
G5646,31.99,-0.58,0.249
G5647,1245.55,-0.343,0.196
G5648,60.85,-0.907,0.0329
G5649,425.46,-0.429,0.149
G5650,242.27,-0.015,0.963
G5651,267.53,0.092,0.772
G5652,205.64,0.389,0.241
G5653,375.12,0.508,0.0932
G5654,97.23,0.753,0.0489
G5655,14.72,3.671,8.28e-09
G5656,202.31,-0.048,0.885
G5657,27.09,0.884,0.0937
G5658,221.16,0.342,0.296
G5659,0.84,-1.206,0.54
G5660,61.44,-0.447,0.292
G5661,24.8,0.865,0.11
G5662,16.77,0.427,0.484
G5663,392.62,0.401,0.182
G5664,10.47,0.035,0.961
G5665,79.71,0.018,0.964
G5666,43.45,-0.192,0.678
G5667,348.36,0.551,0.0715
G5668,1.34,0.398,0.804
G5669,5.88,0.277,0.753
G5670,101.12,-0.109,0.774
G5671,62.35,-0.131,0.757
G5672,72.63,-0.526,0.197
G5673,218.95,0.235,0.474
G5674,161.41,0.19,0.583
G5675,38.97,-0.382,0.423
G5676,93.61,0.045,0.907
G5677,27.53,0.317,0.546
G5678,197.89,0.468,0.161
G5679,162.87,-0.839,0.0151
G5680,183.97,-0.471,0.163
G5681,42.87,0.392,0.399
G5682,22.28,0.419,0.454
G5683,34.44,0.198,0.688
G5684,3.15,1.286,0.252
G5685,149.9,-0.314,0.371
G5686,860.95,-0.409,0.136
G5687,318.08,-0.419,0.176
G5688,460.09,0.015,0.959
G5689,20.93,-0.211,0.711
G5690,22.99,0.282,0.611
G5691,26.89,-1.232,0.0198
G5692,221.22,-0.319,0.33
G5693,349.51,-0.621,0.0421
G5694,31.37,0.238,0.638
G5695,38.77,-0.049,0.918
G5696,5.44,-0.828,0.361
G5697,30.32,-0.029,0.955
G5698,64.69,-0.134,0.749
G5699,8.58,0.936,0.222
G5700,53.13,-1.317,0.00273
G5701,7.3,-0.769,0.344
G5702,23.39,1.387,0.0118
G5703,39.38,0.003,0.995
G5704,66.53,-0.009,0.983
G5705,123.53,-0.154,0.672
G5706,33.78,0.913,0.0653
G5707,16.51,0.01,0.987
G5708,14.85,-1.358,0.0325
G5709,35.71,0.38,0.436
G5710,161.79,0.168,0.627
G5711,21.34,0.44,0.437
G5712,65.43,-0.201,0.63
G5713,24.37,0.116,0.831
G5714,13.14,2.299,0.000509
G5715,10.22,-0.369,0.609
G5716,86.73,-0.575,0.142
G5717,33.59,-0.046,0.926
G5718,59.79,0.212,0.619
G5719,22.71,-0.301,0.588
G5720,438.84,0.142,0.632
G5721,78.52,0.311,0.438
G5722,426.44,-0.001,0.997
G5723,49.69,0.039,0.93
G5724,220.25,0.142,0.665
G5725,13.61,-0.29,0.657
G5726,52.14,-0.026,0.953
G5727,48.55,0.175,0.697
G5728,16.03,0.302,0.626
G5729,40.48,-0.154,0.744
G5730,45.79,-1.081,0.0179
G5731,935.2,0.111,0.684
G5732,48.62,0.577,0.199
G5733,56.83,0.247,0.568
G5734,86.35,-0.019,0.961
G5735,141.7,-0.034,0.924
G5736,92.65,0.597,0.122
G5737,86.15,0.729,0.0632
G5738,9.55,0.048,0.948
G5739,2.77,3.907,0.000942
G5740,42.41,-0.523,0.261
G5741,21.82,0.297,0.598
G5742,14.07,-1.028,0.112
G5743,164.43,-0.165,0.632
G5744,139.22,-0.313,0.379
G5745,2.55,-0.256,0.834
G5746,630.14,-0.183,0.519
G5747,32.72,0.968,0.0527
G5748,107.4,0.583,0.119
G5749,22.29,0.66,0.238
G5750,20.77,-0.345,0.546
G5751,63.18,0.394,0.35
G5752,2346.61,-0.15,0.553
G5753,302.02,0.282,0.366
G5754,654.68,-0.228,0.42
G5755,333.45,0.578,0.0603
G5756,33.99,0.005,0.992
G5757,187.34,-0.379,0.261
G5758,82.13,-0.003,0.994
G5759,64.44,0,1
G5760,103.42,-0.608,0.107
G5761,169.56,-0.041,0.905
G5762,686.74,-0.126,0.654
G5763,15.58,-2.752,1.08e-05
G5764,42.67,-1.622,0.000486
G5765,9.3,-0.099,0.894
G5766,29.23,0.174,0.736
G5767,197.22,0.221,0.508
G5768,1835.89,3.416,1e-12
G5769,147.7,0.172,0.625
G5770,102.93,0.093,0.806
G5771,83.43,-0.057,0.885
G5772,22.61,0.354,0.525
G5773,324.57,0.024,0.938
G5774,346.46,0.274,0.37
G5775,736.81,-0.13,0.641
G5776,7.84,1.408,0.0752
G5777,251.65,0.118,0.713
G5778,5.73,-1.372,0.123
G5779,47.55,0.04,0.929
G5780,830.42,-0.118,0.668
G5781,516.67,0.096,0.741
G5782,44.18,-0.564,0.221
G5783,20.75,1.125,0.0489
G5784,815.84,-0.333,0.228
G5785,38.27,0.289,0.546
G5786,6.34,-0.18,0.833
G5787,494.78,-0.585,0.0451
G5788,138.88,0.432,0.225
G5789,247.1,-0.244,0.448
G5790,153.72,-0.53,0.129
G5791,33.86,-0.526,0.288
G5792,92.35,-0.296,0.444
G5793,92.93,-0.607,0.116
G5794,107.04,-0.367,0.327
G5795,23.12,-0.408,0.46
G5796,10.22,0.176,0.807
G5797,2.71,-1.073,0.368
G5798,115.79,-0.185,0.616
G5799,4.44,2.298,0.019
G5800,21.13,0.501,0.378
G5801,307.57,-0.055,0.86
G5802,5.87,0.26,0.768
G5803,179.95,-0.07,0.837
G5804,9.95,-0.972,0.181
G5805,149.48,0.064,0.855
G5806,13.33,0.619,0.347
G5807,3.8,-1.228,0.238
G5808,8.77,-0.023,0.976
G5809,1436.33,0.006,0.982
G5810,25.1,0.142,0.792
G5811,107.38,0.042,0.911
G5812,189.21,0.628,0.0619
G5813,323.91,-0.004,0.99
G5814,41.68,-0.328,0.483
G5815,86.09,-0.571,0.146
G5816,56.14,-0.264,0.543
G5817,65.86,-2.237,8.21e-08
G5818,58.12,0.819,0.0568
G5819,75.8,-0.398,0.324
G5820,6.24,0.945,0.272
G5821,63.47,-0.136,0.747
G5822,191.73,0.178,0.596
G5823,40.42,0.07,0.882
G5824,25.39,-0.114,0.832
G5825,59.57,0.826,0.0532
G5826,0.5,-0.409,0.869
G5827,197.96,-0.222,0.506
G5828,109.21,-0.072,0.847
G5829,28.69,0.01,0.985
G5830,23.18,-0.325,0.556
G5831,55.66,0.597,0.169
G5832,265.98,0.206,0.517
G5833,70.79,0.381,0.353
G5834,16.77,-0.123,0.84
G5835,61.66,0.305,0.472
G5836,102.87,0.083,0.826
G5837,4.42,-0.265,0.787
G5838,332.7,-0.608,0.0482
G5839,18.84,0.248,0.674
G5840,26.49,1.006,0.0581
G5841,202.15,-0.343,0.302
G5842,171.19,-0.179,0.601
G5843,69.02,0.438,0.288
G5844,130.08,0.337,0.35
G5845,211.25,-0.119,0.718
G5846,365.09,-1.751,8.17e-09
G5847,130.17,-0.227,0.529
G5848,439.01,-1.111,0.000178
G5849,587.69,-0.5,0.0804
G5850,36.95,0.436,0.367
G5851,132.54,-0.486,0.176
G5852,101.23,0.102,0.788
G5853,289.92,0.028,0.929
G5854,6.14,0.841,0.331
G5855,52.86,0.425,0.334
G5856,41.65,-0.127,0.786
G5857,1502.77,-0.326,0.212
G5858,148.07,0.221,0.53
G5859,29.68,0.672,0.191
G5860,106.72,-0.969,0.00974
G5861,81.55,0.116,0.77
G5862,175.53,-0.128,0.707
G5863,45.45,0.528,0.248
G5864,150.48,-0.403,0.25
G5865,57.07,0.062,0.886
G5866,38.83,0.435,0.362
G5867,10.35,0.067,0.926
G5868,1292.64,2.146,1e-12
G5869,52.56,-0.41,0.352
G5870,23.11,0.76,0.169
G5871,147.44,-0.265,0.451
G5872,23.05,-0.552,0.318
G5873,128.5,-0.602,0.0955
G5874,42.89,0.374,0.421
G5875,28.09,-0.202,0.699
G5876,60.04,-0.214,0.616
G5877,0.72,-3.138,0.136
G5878,27.41,-0.311,0.554
G5879,73.56,-0.341,0.402
G5880,3026.13,0.076,0.76
G5881,52.79,-0.329,0.455
G5882,11.34,1.67,0.0163
G5883,86.95,-0.155,0.692
G5884,122.28,-0.086,0.814
G5885,7.61,-0.203,0.8
G5886,29,-0.692,0.181
G5887,278.56,-0.02,0.95
G5888,14.51,1.568,0.0143
G5889,85.57,0.093,0.813
G5890,21.34,0.091,0.872
G5891,76.03,1.029,0.0108
G5892,285.23,0.245,0.436
G5893,391.32,0.553,0.0661
G5894,2.27,1.485,0.247
G5895,399.32,0.654,0.0293
G5896,16.12,-1.435,0.0203
G5897,10.71,0.863,0.223
G5898,47.27,0.925,0.041
G5899,28.25,-1.01,0.0526
G5900,5.26,1.031,0.261
G5901,5.52,-1.02,0.258
G5902,67.53,-1.058,0.0107
G5903,417.94,0.119,0.69
G5904,2.3,0.289,0.821
G5905,22.02,0.224,0.69
G5906,36.29,0.543,0.263
G5907,27.24,0.059,0.911
G5908,6343.22,-0.363,0.131
G5909,6.86,-1.463,0.0783
G5910,105.27,-0.327,0.384
G5911,2.74,-2.495,0.0355
G5912,79.03,0.142,0.723
G5913,1.54,1.372,0.363
G5914,141.58,-0.064,0.857
G5915,23,0.084,0.879
G5916,481.66,0.154,0.599
G5917,9.85,-1.21,0.0973
G5918,465.34,-0.302,0.305
G5919,8.43,-0.24,0.756
G5920,22.66,0.215,0.699
G5921,258.83,-0.236,0.46
G5922,1412.21,0.046,0.861
G5923,1479.34,0.159,0.543
G5924,78.14,-0.256,0.523
G5925,20.16,-0.795,0.168
G5926,26.22,0.752,0.158
G5927,17.42,-0.767,0.204
G5928,489.23,-0.279,0.34
G5929,81.25,-0.453,0.254
G5930,9.26,0.955,0.2
G5931,4.7,1.82,0.0575
G5932,588.23,-0.147,0.607
G5933,295.55,0.17,0.587
G5934,72.33,2.634,1.09e-10
G5935,132.91,-0.649,0.0705
G5936,6.85,0.113,0.892
G5937,69.96,-0.382,0.353
G5938,296.78,-0.05,0.873
G5939,61.35,-0.361,0.395
G5940,143.5,0.068,0.847
G5941,103.23,0.007,0.985
G5942,71.85,-1.292,0.00157
G5943,7.47,-0.225,0.78
G5944,11.93,-1.009,0.14
G5945,154.15,-0.122,0.727
G5946,42.28,0.369,0.429
G5947,25.85,-0.549,0.305
G5948,5.66,1.94,0.0297
G5949,20.2,-0.221,0.701
G5950,39.6,-0.448,0.345
G5951,49.05,2.203,9e-07
G5952,6.26,-0.373,0.664
G5953,8.49,0.696,0.366
G5954,12.42,2.388,0.000396
G5955,583.13,0.141,0.622
G5956,113.94,0.011,0.976
G5957,12.02,-4.098,1.82e-09
G5958,287.62,-0.392,0.212
G5959,39.02,1.116,0.0191
G5960,2.26,-3.073,0.0167
G5961,168.27,-0.574,0.0946
G5962,20.91,-0.448,0.432
G5963,294.48,0.583,0.0627
G5964,252.95,-0.08,0.803
G5965,2.69,0.832,0.486
G5966,32.63,-0.508,0.31
G5967,92.19,0.032,0.934
G5968,2.29,-1.57,0.219
G5969,472.69,-0.24,0.414
G5970,126.42,-0.458,0.206
G5971,105.31,-0.401,0.286
G5972,80.17,-0.304,0.446
G5973,80.55,-0.299,0.453
G5974,68.94,0.438,0.289
G5975,6.5,-1.213,0.152
G5976,14.94,0.621,0.327
G5977,5.48,-0.006,0.995
G5978,3.74,-0.252,0.81
G5979,12.99,0.769,0.247
G5980,124.74,-0.439,0.227
G5981,6.06,0.187,0.83
G5982,159.06,-0.082,0.813
G5983,4.67,0.891,0.354
G5984,571.46,0.388,0.176
G5985,19.88,-0.247,0.67
G5986,45.29,-0.471,0.304
G5987,24.28,1.19,0.0289
G5988,1236.72,-0.105,0.692
G5989,5.84,0.065,0.941
G5990,399.77,-0.704,0.019
G5991,170.72,-0.169,0.622
G5992,6.46,-0.177,0.835
G5993,219.99,-0.284,0.386
G5994,1.82,1.212,0.389
G5995,1.86,2.619,0.0601
G5996,11.35,-0.473,0.496
G5997,3.58,-0.089,0.933
G5998,2.32,-2.491,0.0499
G5999,44.67,0.155,0.736
G6000,242.02,0.176,0.586
G6001,135.86,0.297,0.406
G6002,31.03,-1.323,0.0091
G6003,154.86,0.335,0.337
G6004,13.07,-0.734,0.268
G6005,27.31,0.029,0.956
G6006,36.06,0.504,0.3
G6007,53.09,-0.592,0.178
G6008,101.41,0.227,0.549
G6009,187.54,0.266,0.43
G6010,0.48,-0.796,0.749
G6011,3.1,-0.232,0.837
G6012,5.5,-1.047,0.246
G6013,30.67,0.457,0.369
G6014,152.94,0.065,0.852
G6015,300.05,0.044,0.888
G6016,8.06,0.479,0.541
G6017,332.93,-0.326,0.289
G6018,59.59,0.562,0.188
G6019,91.44,0.082,0.832
G6020,98.88,0.557,0.144
G6021,13.78,0.638,0.327
G6022,0.73,-0.608,0.771
G6023,62.56,-0.748,0.0765
G6024,8.29,0.099,0.898
G6025,462.8,0.154,0.601
G6026,1.98,-1.105,0.415
G6027,96.22,0.117,0.76
G6028,708.4,0.212,0.449
G6029,23.28,-0.553,0.316
G6030,8.3,-0.245,0.752
G6031,3.46,0.53,0.624
G6032,73.55,-0.283,0.486
G6033,120.14,0.029,0.937
G6034,4.77,0.559,0.557
G6035,17.55,-0.1,0.868
G6036,0.92,1.962,0.299
G6037,6.98,-0.196,0.812
G6038,28.08,-0.256,0.624
G6039,90.78,0.292,0.452
G6040,0.93,-1.322,0.482
G6041,29.44,-0.314,0.542
G6042,84.6,0.628,0.111
G6043,84.84,0.428,0.277
G6044,4.21,0.286,0.775
G6045,2.76,-0.233,0.844
G6046,29.56,0.01,0.984
G6047,101.32,-0.004,0.992
G6048,17.42,-0.382,0.527
G6049,2166.73,0.062,0.807
G6050,92.61,0.394,0.308
G6051,1748.39,-0.322,0.212
G6052,246.51,0.002,0.995
G6053,32.52,-0.244,0.626
G6054,107.16,-0.289,0.44
G6055,40.08,-0.519,0.272
G6056,39.54,-0.597,0.208
G6057,42.37,-0.391,0.401
G6058,216.41,-0.124,0.706
G6059,89.83,-0.27,0.487
G6060,536.62,0.158,0.585
G6061,4.32,-0.175,0.86
G6062,532.24,0.214,0.46
G6063,43.6,-0.412,0.373
G6064,6.4,1.559,0.0674
G6065,722.81,0.359,0.199
G6066,18.55,0.305,0.606
G6067,125.21,0.235,0.517
G6068,28.08,0.295,0.572
G6069,41.82,-0.621,0.184
G6070,19.14,0.139,0.812
G6071,62.23,-0.348,0.41
G6072,83.53,0.037,0.925
G6073,166.2,0.693,0.044
G6074,4.06,2.591,0.0106
G6075,71.94,0.718,0.0789
G6076,1.77,0.273,0.848
G6077,19.35,0.211,0.718
G6078,280.96,-0.253,0.423
G6079,181.05,0.051,0.88
G6080,69.21,-0.083,0.84
G6081,11.14,0.187,0.789
G6082,29.18,-0.235,0.649
G6083,35.25,0.92,0.0602
G6084,129.1,0.26,0.471
G6085,8.35,-0.76,0.326
G6086,16.01,-0.147,0.813
G6087,635.38,-0.431,0.128
G6088,8.25,0.065,0.933
G6089,1817.72,0.109,0.672
G6090,166.4,-0.241,0.484
G6091,45.04,-0.132,0.773
G6092,140.3,-0.055,0.877
G6093,36.51,0.22,0.65
G6094,19.1,0.285,0.627
G6095,680.83,0.815,0.00377
G6096,168.88,0.275,0.423
G6097,6.98,-0.506,0.54
G6098,18.41,0.491,0.408
G6099,429.57,0.446,0.133
G6100,11.17,0.333,0.634
G6101,133.24,0.675,0.0598
G6102,458.49,0.452,0.125
G6103,72.6,-0.315,0.44
G6104,69.15,2.828,7.02e-12
G6105,3.92,-0.496,0.629
G6106,388.41,0.021,0.944
G6107,257.59,0.05,0.876
G6108,54,-0.371,0.397
G6109,33.12,-0.132,0.791
G6110,58.35,0.744,0.0832
G6111,27.38,0.481,0.36
G6112,154.66,0.044,0.9
G6113,2574.35,0.064,0.799
G6114,247.15,0.08,0.804
G6115,40.47,0.204,0.665
G6116,14.17,0.503,0.436
G6117,32.84,0.175,0.726
G6118,162.65,0.114,0.741
G6119,17.31,-0.275,0.649
G6120,12.59,0.062,0.926
G6121,24.53,0.308,0.571
G6122,1.64,-0.604,0.681
G6123,54.72,-0.352,0.42
G6124,173.45,-0.037,0.914
G6125,6.46,1.141,0.179
G6126,0.77,-2.093,0.306
G6127,4.86,1.563,0.0984
G6128,4.47,-0.381,0.696
G6129,375.57,-0.106,0.726
G6130,14.61,-0.072,0.91
G6131,67.15,0.462,0.266
G6132,72.62,-0.089,0.827
G6133,16.71,-0.431,0.481
G6134,162.71,0.031,0.928
G6135,7.04,0.448,0.586
G6136,7.4,-0.996,0.218
G6137,2.04,0.182,0.892
G6138,205.22,-0.265,0.424
G6139,26.28,0.116,0.827
G6140,7.97,-0.838,0.287
G6141,101.11,0.13,0.732
G6142,41.04,0.725,0.123
G6143,7.5,0.126,0.876
G6144,6.68,-0.75,0.371
G6145,93.63,0.08,0.836
G6146,34.2,-0.268,0.587
G6147,2.71,-0.075,0.95
G6148,33.41,-2.542,3.11e-07
G6149,155.65,-0.012,0.973
G6150,28.25,-0.436,0.403
G6151,63.94,0.033,0.937
G6152,42.52,0.585,0.209
G6153,4.21,0.117,0.907
G6154,105.66,-0.091,0.809
G6155,19.01,0.266,0.65
G6156,58.58,-0.68,0.113
G6157,1.5,0.334,0.827
G6158,493.35,-0.331,0.257
G6159,50.6,-0.032,0.943
G6160,18.06,0.107,0.858
G6161,65.93,0.34,0.415
G6162,561.63,-0.294,0.307
G6163,2.66,-1.354,0.26
G6164,9.16,-0.257,0.731
G6165,563.29,-0.177,0.538
G6166,239.45,-0.21,0.516
G6167,40.69,-0.018,0.97
G6168,127.26,0.1,0.782
G6169,180.69,-0.154,0.65
G6170,66.23,-0.001,0.998
G6171,5.64,-0.102,0.909
G6172,7.95,0.14,0.859
G6173,7.21,-0.761,0.351
G6174,23.83,0.182,0.74
G6175,1000.46,-0.274,0.311
G6176,9.19,0.058,0.938
G6177,6.06,1.819,0.0365
G6178,513.03,-0.115,0.692
G6179,329.06,-0.561,0.0687
G6180,251.43,0.412,0.199
G6181,54.65,0.071,0.871
G6182,3.37,1.329,0.223
G6183,39.58,-0.666,0.16
G6184,759.8,0.076,0.785
G6185,30.82,-0.103,0.839
G6186,57.97,0.312,0.468
G6187,0.92,-0.127,0.946
G6188,182.08,-0.033,0.922
G6189,2070.26,-0.231,0.365
G6190,188.11,0.49,0.146
G6191,155.88,0.159,0.648
G6192,38.57,-0.711,0.137
G6193,389.05,0.141,0.64
G6194,2286.51,-0.47,0.0637
G6195,10.69,0.868,0.221
G6196,6.6,0.002,0.998
G6197,517.27,0.095,0.744
G6198,77.78,0.21,0.601
G6199,148.32,-0.596,0.0899
G6200,27.7,-0.107,0.838
G6201,44.52,0.255,0.579
G6202,82.08,0.439,0.268
G6203,634.42,0.348,0.22
G6204,2215.94,0.071,0.78
G6205,40.78,-0.242,0.607
G6206,123.05,-0.113,0.756
G6207,17.1,-0.03,0.961
G6208,18.16,0.018,0.976
G6209,471.92,0.093,0.751
G6210,32.13,-0.246,0.624
G6211,2.3,-1.813,0.155
G6212,585.1,0.082,0.774
G6213,16.06,0.688,0.267
G6214,8296.71,-0.415,0.0807
G6215,66,0.049,0.906
G6216,118.34,-0.267,0.467
G6217,424.63,-0.462,0.121
G6218,527.62,-0.283,0.329
G6219,184.89,-0.179,0.596
G6220,25.65,0.002,0.997
G6221,318.88,-0.121,0.696
G6222,67.18,0.573,0.168
G6223,148.21,-0.285,0.417
G6224,56.94,-0.182,0.674
G6225,27.19,0.198,0.707
G6226,252.43,-0.108,0.736
G6227,12.83,0.788,0.237
G6228,693.95,0.187,0.505
G6229,604.86,0.352,0.217
G6230,36.55,0.494,0.308
G6231,91.96,-0.321,0.407
G6232,10.32,1.81,0.0117
G6233,329.91,-0.041,0.894
G6234,55.76,0.272,0.531
G6235,471.83,-0.367,0.211
G6236,219.94,0.491,0.134
G6237,33.4,-0.251,0.613
G6238,0.6,2.031,0.374
G6239,1992.43,-0.08,0.755
G6240,56.24,0.638,0.141
G6241,4.85,0.882,0.351
G6242,63.54,0.007,0.987
G6243,33.92,-0.415,0.402
G6244,183.02,0.09,0.79
G6245,17.86,0.368,0.539
G6246,26.38,-0.089,0.867
G6247,25.8,0.422,0.43
G6248,26.95,1.054,0.046
G6249,839.57,-0.564,0.0404
G6250,312.3,-0.26,0.402
G6251,131.37,-0.415,0.248
G6252,196.99,-0.17,0.611
G6253,85.68,-0.106,0.787
G6254,37.73,-0.112,0.816
G6255,158.78,0.533,0.125
G6256,156.06,-0.241,0.489
G6257,109.81,0.492,0.187
G6258,84.73,0.274,0.487
G6259,134.75,0.447,0.212
G6260,6.41,0.845,0.321
G6261,11.94,0,1
G6262,0.96,0.355,0.848
G6263,63.05,-0.52,0.217
G6264,4.62,-1.204,0.212
G6265,3.35,1.433,0.19
G6266,807.81,-0.354,0.2
G6267,10.09,-1.43,0.0482
G6268,31.82,0.108,0.83
G6269,95.51,1.932,4.78e-07
G6270,170.89,0.312,0.362
G6271,81.3,0.105,0.792
G6272,104.83,-0.375,0.319
G6273,168.92,-0.457,0.183
G6274,37.17,0.537,0.266
G6275,157.02,-0.367,0.291
G6276,97.88,0.235,0.538
G6277,241.7,1.479,4.65e-06
G6278,93.98,-0.757,0.0493
G6279,72.49,-0.902,0.027
G6280,130.09,-0.797,0.027
G6281,590.1,0.129,0.652
G6282,6.88,0.615,0.459
G6283,224.05,0.169,0.605
G6284,229.46,-1.701,1.75e-07
G6285,5.56,0.055,0.951
G6286,57.5,-0.014,0.974
G6287,26.29,-0.652,0.22
G6288,9.5,-0.326,0.659
G6289,444.51,0.13,0.66
G6290,108.36,0.669,0.0734
G6291,53.03,0.791,0.072
G6292,148.75,0.066,0.851
G6293,201.14,-0.13,0.696
G6294,51.29,0.254,0.567
G6295,9.74,1.109,0.13
G6296,195.24,0.535,0.11
G6297,2.71,-1.067,0.371
G6298,17.19,0.976,0.107
G6299,36.16,0.05,0.918
G6300,28.23,-0.074,0.887
G6301,26.48,1.154,0.0297
G6302,7.32,-0.198,0.807
G6303,437.21,-0.429,0.148
G6304,12.19,-0.113,0.868
G6305,33.98,-0.888,0.0725
G6306,1.81,0.818,0.562
G6307,118.54,-0.163,0.657
G6308,101.71,0.396,0.296
G6309,211.98,0.45,0.173
G6310,212.57,0.324,0.326
G6311,3739.8,-0.081,0.742
G6312,111.95,0.045,0.904
G6313,64.85,0.001,0.998
G6314,19.58,-1.405,0.0157
G6315,60.05,0.117,0.784
G6316,8.29,1.612,0.0377
G6317,477.78,-0.279,0.341
G6318,36.13,-0.669,0.169
G6319,74.66,0.06,0.882
G6320,296.86,0.067,0.83
G6321,179.3,-0.162,0.633
G6322,2.61,0.743,0.539
G6323,104.31,-0.059,0.876
G6324,339.38,-0.456,0.137
G6325,14.19,-1.116,0.0835
G6326,11.18,-0.233,0.739
G6327,163.05,0.789,0.0223
G6328,558.78,-0.267,0.353
G6329,60.19,0.34,0.425
G6330,8.28,-0.466,0.548
G6331,158.54,0.472,0.174
G6332,25.62,-0.235,0.661
G6333,1252.93,0.143,0.59
G6334,263.32,-0.041,0.898
G6335,413.33,-0.58,0.0522
G6336,567.44,0.139,0.628
G6337,437.13,0.2,0.5
G6338,25.82,0.553,0.301
G6339,49.04,-0.776,0.0836
G6340,2214.51,-0.059,0.816
G6341,119.38,-0.066,0.857
G6342,29.89,-0.189,0.712
G6343,11.88,-0.633,0.355
G6344,22.44,-0.145,0.795
G6345,110.15,-0.068,0.855
G6346,73.85,0.108,0.79
G6347,275.07,-0.159,0.615
G6348,102.97,-0.175,0.643
G6349,213.48,-0.093,0.778
G6350,11.75,-0.029,0.966
G6351,7.04,0.019,0.982
G6352,29.12,-0.257,0.619
G6353,2.78,1.822,0.122
G6354,456.8,-0.083,0.778
G6355,537.46,-0.113,0.696
G6356,9.12,-0.85,0.257
G6357,1.75,-0.572,0.689
G6358,46.96,0.484,0.286
G6359,182.22,-0.5,0.14
G6360,136.72,-0.321,0.368
G6361,22.33,0.688,0.218
G6362,15.13,-0.192,0.761
G6363,1299.21,-0.121,0.647
G6364,113.85,0.068,0.854
G6365,5.06,-0.411,0.659
G6366,25.7,-1.2,0.0251
G6367,34.61,-0.889,0.0708
G6368,128.6,0.148,0.682
G6369,6.58,-0.286,0.735
G6370,0.54,0.794,0.74
G6371,568.52,-0.553,0.0541
G6372,169.53,0.654,0.0565
G6373,273.64,-0.336,0.289
G6374,275.28,-0.165,0.602
G6375,35.65,-0.326,0.504
G6376,1554.44,0.423,0.105
G6377,23.62,-0.415,0.45
G6378,130.06,-1.111,0.00205
G6379,138.27,-0.147,0.68
G6380,8.82,-0.3,0.693
G6381,199.88,-0.525,0.115
G6382,801.72,0.249,0.368
G6383,49.79,0.185,0.679
G6384,2.36,0.691,0.584
G6385,11.6,1.047,0.129
G6386,214.28,0.256,0.437
G6387,5.7,0.506,0.57
G6388,460.58,0.115,0.696
G6389,50.89,0.822,0.0643
G6390,155.71,0.089,0.798
G6391,36.59,0.19,0.695
G6392,1878.59,-0.214,0.405
G6393,205.98,0.018,0.957
G6394,13.88,0.14,0.829
G6395,481.25,-1.399,1.79e-06
G6396,59.81,0.773,0.0702
G6397,135.6,-0.215,0.547
G6398,44.39,-0.196,0.67
G6399,46.39,0.772,0.0897
G6400,2073.57,0.218,0.393
G6401,233.04,-0.502,0.122
G6402,165.57,-1.431,3.24e-05
G6403,71.52,0.42,0.305
G6404,73.87,0.342,0.4
G6405,48.79,-0.27,0.548
G6406,108.36,-0.692,0.0641
G6407,228.37,-0.095,0.771
G6408,47.58,-0.173,0.702
G6409,1181.32,-1.662,4.51e-10
G6410,49.2,-0.366,0.414
G6411,129.45,0.181,0.616
G6412,238.51,-0.051,0.875
G6413,32.47,-0.682,0.173
G6414,86.98,-0.013,0.974
G6415,48,1.135,0.0118
G6416,549.84,0.251,0.384
G6417,54.55,-0.877,0.0446
G6418,64.14,-0.044,0.917
G6419,23.68,0.986,0.0724
G6420,23.23,0.52,0.346
G6421,3.96,0.559,0.585
G6422,317.13,-0.129,0.677
G6423,21.36,0.629,0.267
G6424,130.1,0.467,0.195
G6425,35.47,0.458,0.349
G6426,901.39,0.249,0.362
G6427,20.9,-1.529,0.00731
G6428,170.47,0.225,0.511
G6429,255.58,0.089,0.781
G6430,16.59,-0.19,0.757
G6431,223.49,-0.427,0.192
G6432,5.41,0.348,0.701
G6433,13.58,-0.191,0.77
G6434,33.24,1.066,0.0321
G6435,531.02,0.258,0.373
G6436,39.67,3.197,1.54e-11
G6437,321.27,0.333,0.282
G6438,7.33,-0.848,0.296
G6439,147.3,0.521,0.139
G6440,160.57,0.304,0.38
G6441,65.68,-0.148,0.723
G6442,92.17,0.339,0.381
G6443,273.77,-0.072,0.82
G6444,42.55,-0.1,0.83
G6445,18.4,-0.145,0.807
G6446,9.12,-1.199,0.11
G6447,476.95,0.136,0.643
G6448,153.79,0.223,0.523
G6449,12.73,-0.152,0.82
G6450,58.62,-0.618,0.15
G6451,2.77,-0.093,0.937
G6452,63.62,-0.702,0.0951
G6453,411.13,2.161,1e-12
G6454,23.2,0.227,0.681
G6455,309.67,0.017,0.956
G6456,20.24,-0.157,0.785
G6457,160.94,-0.077,0.824
G6458,68.18,0.066,0.873
G6459,10.64,1.686,0.0176
G6460,23.07,0.067,0.904
G6461,26.31,-0.177,0.739
G6462,173.66,0.736,0.0311
G6463,25.16,0.291,0.589
G6464,340.24,-0.209,0.496
G6465,6.8,-0.142,0.865
G6466,20.19,-0.442,0.443
G6467,94.22,-0.068,0.86
G6468,382.59,0.117,0.698
G6469,3.16,-1.158,0.301
G6470,134.65,-0.121,0.735
G6471,129.09,0.489,0.175
G6472,80.04,0.275,0.491
G6473,19.51,0.327,0.574
G6474,390.08,0.098,0.745
G6475,13.59,-0.397,0.544
G6476,100.54,0.437,0.25
G6477,13.81,0.601,0.356
G6478,122.2,-0.287,0.431
G6479,3.22,-0.28,0.801
G6480,173.42,0.576,0.0917
G6481,94.85,-0.187,0.627
G6482,648.26,0.468,0.098
G6483,415.64,-0.037,0.901
G6484,4.65,0.979,0.309
G6485,21.41,-0.115,0.839
G6486,38.58,-0.152,0.75
G6487,6.43,0.491,0.564
G6488,6.32,-0.524,0.541
G6489,125.64,0.178,0.624
G6490,104.11,-0.284,0.451
G6491,94.34,0.221,0.566
G6492,23.96,0.185,0.735
G6493,115.97,-0.112,0.761
G6494,127.82,0.078,0.829
G6495,379.35,-0.21,0.487
G6496,7.77,1.479,0.0625
G6497,98.49,-0.022,0.954
G6498,25.67,0.546,0.308
G6499,69.5,0.056,0.892
G6500,356.9,1.487,1.06e-06
G6501,1.76,1.451,0.309
G6502,3.55,0.91,0.395
G6503,35.38,0.627,0.2
G6504,118.22,0.234,0.524
G6505,0.83,-1.303,0.51
G6506,18.71,0.859,0.145
G6507,32.91,0.233,0.64
G6508,5.08,0.377,0.685
G6509,90.7,0.811,0.0366
G6510,64.81,0.065,0.877
G6511,1262.43,0.032,0.904
G6512,54.22,0.086,0.844
G6513,65.68,-0.084,0.841
G6514,24.44,1.837,0.000727
G6515,29.24,-0.188,0.716
G6516,10.44,0.913,0.202
G6517,691.58,-0.043,0.878
G6518,48.12,-0.472,0.295
G6519,9.6,0.697,0.344
G6520,12.98,-1.528,0.0214
G6521,52.41,-1.489,0.000735
G6522,24.72,0.522,0.335
G6523,45.27,0.093,0.839
G6524,73.51,0.14,0.731
G6525,64.67,-0.93,0.0264
G6526,12.03,1.1,0.106
G6527,179.07,-0.061,0.857
G6528,172.25,-0.693,0.0427
G6529,61.28,0.638,0.133
G6530,24.67,0.205,0.705
G6531,18.28,-0.72,0.226
G6532,6.23,0.156,0.856
G6533,65.52,0.679,0.104
G6534,117.73,-0.427,0.245
G6535,61.21,0.401,0.345
G6536,1483.59,-0.178,0.496
G6537,133.36,-0.211,0.556
G6538,64.08,-0.334,0.426
G6539,15.7,0.593,0.342
G6540,9.29,-0.183,0.806
G6541,29.01,0.151,0.77
G6542,87.65,0.192,0.623
G6543,7.3,1.331,0.101
G6544,37.59,-0.896,0.0625
G6545,135.39,-0.05,0.889
G6546,36.49,0.064,0.895
G6547,99.09,-0.028,0.941
G6548,18.01,-1.741,0.00354
G6549,417.96,0.296,0.321
G6550,0.78,-0.408,0.841
G6551,97.88,-0.189,0.621
G6552,31.65,1.31,0.0094
G6553,1886.44,-0.117,0.649
G6554,178.9,0.498,0.143
G6555,23.3,0.455,0.409
G6556,1697.13,-0.404,0.119
G6557,21.92,-1.259,0.025
G6558,10.41,0.008,0.991
G6559,473.51,-0.433,0.14
G6560,11.15,-0.517,0.46
G6561,90.07,-0.608,0.118
G6562,904.33,-0.226,0.408
G6563,861.6,-0.21,0.444
G6564,30.22,0.312,0.542
G6565,78.6,-0.022,0.956
G6566,135.19,0.235,0.511
G6567,93.24,-0.577,0.135
G6568,81.43,0.471,0.236
G6569,1013.13,-0.448,0.0974
G6570,721.66,2.064,1e-12
G6571,99.73,-0.436,0.251
G6572,70.53,-0.935,0.0227
G6573,78.48,-0.285,0.477
G6574,5.58,-2.128,0.0177
G6575,232.82,0.358,0.27
G6576,2.81,-0.887,0.45
G6577,17.82,0.614,0.305
G6578,2.49,0.132,0.915
G6579,1.28,-0.73,0.655
G6580,21.3,-0.234,0.68
G6581,437.1,0.015,0.96
G6582,41.45,-0.698,0.136
G6583,8.08,0.485,0.536
G6584,20.9,-1.225,0.0316
G6585,79.51,-0.138,0.73
G6586,10.57,0.532,0.455
G6587,32.74,0.453,0.365
G6588,3.04,-1.399,0.219
G6589,444.88,1.005,0.000682
G6590,265.63,0.712,0.0252
G6591,17.93,-0.387,0.517
G6592,43.23,-1.131,0.0146
G6593,24.45,-0.596,0.273
G6594,8.22,0.608,0.435
G6595,361.18,-0.111,0.715
G6596,985.74,-0.087,0.748
G6597,262.67,-0.043,0.893
G6598,15.58,-0.389,0.534
G6599,47.16,-0.375,0.408
G6600,42.39,-0.438,0.347
G6601,172.32,-0.418,0.221
G6602,24.69,-0.382,0.481
G6603,17.1,-0.389,0.522
G6604,27.06,-0.563,0.286
G6605,1422.26,-0.107,0.683
G6606,142.96,-0.221,0.532
G6607,269.92,-0.247,0.436
G6608,2118.84,0.269,0.291
G6609,13.53,-1.359,0.038
G6610,9.45,0.174,0.814
G6611,1.76,1.648,0.248
G6612,47.76,-0.109,0.809
G6613,22.09,-0.889,0.113
G6614,84.25,-1.124,0.00436
G6615,1156.7,-0.326,0.222
G6616,7.92,0.945,0.231
G6617,59.97,-0.085,0.842
G6618,198.71,0.645,0.0531
G6619,10.1,-1.245,0.0853
G6620,42.1,-0.074,0.874
G6621,166.87,0.037,0.914
G6622,50.06,0.04,0.929
G6623,112.39,-0.477,0.198
G6624,83.25,-0.362,0.36
G6625,226.13,0.45,0.168
G6626,68.53,-0.104,0.801
G6627,1081.2,0.202,0.452
G6628,76.35,0.304,0.451
G6629,57.22,-0.138,0.749
G6630,1276.21,0.403,0.128
G6631,677.46,0.605,0.0316
G6632,7.15,-0.091,0.911
G6633,1.04,2.505,0.161
G6634,113.38,-0.13,0.726
G6635,90.14,0.297,0.445
G6636,58.47,0.517,0.228
G6637,5.74,3.059,0.00057
G6638,86.64,-0.286,0.466
G6639,482.62,-0.451,0.124
G6640,14.34,1.151,0.0732
G6641,3.32,-0.076,0.945
G6642,609.02,0.39,0.171
G6643,29.78,0.062,0.904
G6644,33.95,-0.338,0.494
G6645,23.97,0.286,0.601
G6646,14.5,0.876,0.171
G6647,22.86,-0.67,0.227
G6648,41.64,-0.364,0.437
G6649,206.12,0.064,0.847
G6650,325.78,0.136,0.659
G6651,15.61,-0.034,0.957
G6652,26.95,-0.379,0.473
G6653,185.31,0.388,0.25
G6654,496.69,0.72,0.0136
G6655,8.64,1.1,0.15
G6656,5.96,0.864,0.324
G6657,2877.31,0.281,0.261
G6658,3.28,1.526,0.167
G6659,765.42,-0.273,0.326
G6660,160.9,-0.962,0.00545
G6661,28.27,-0.099,0.849
G6662,24.23,-0.786,0.149
G6663,55.9,-0.663,0.127
G6664,201.03,0.284,0.394
G6665,94.41,0.579,0.132
G6666,10.94,-0.177,0.801
G6667,15.19,-0.131,0.835
G6668,287.05,0.435,0.167
G6669,23.75,0.682,0.214
G6670,565.24,0.11,0.702
G6671,6.59,0.394,0.64
G6672,222.28,-0.297,0.364
G6673,654.11,-0.251,0.374
G6674,282.54,-0.144,0.648
G6675,70.42,0.239,0.561
G6676,11.71,-0.029,0.966
G6677,462.82,-0.037,0.9
G6678,14.82,-0.323,0.611
G6679,335.16,-0.025,0.935
G6680,85.11,0.28,0.477
G6681,23.94,0.122,0.824
G6682,133.84,-0.391,0.275
G6683,2.61,0.145,0.905
G6684,431.93,0.118,0.691
G6685,23.17,-1.007,0.0683
G6686,40.77,-0.038,0.936
G6687,19.46,0.751,0.197
G6688,122.34,0.215,0.555
G6689,130.84,0.275,0.445
G6690,56.25,-0.147,0.734
G6691,313.59,1.765,1.29e-08
G6692,35.06,-0.893,0.0685
G6693,1.94,1.671,0.222
G6694,38.53,0.42,0.379
G6695,9.47,-0.062,0.933
G6696,41.15,-1.004,0.0325
G6697,21.68,0.311,0.581
G6698,6.09,0.771,0.375
G6699,16.34,-0.621,0.313
G6700,387.23,-0.068,0.821
G6701,48.82,0.021,0.963
G6702,252.79,-0.552,0.0851
G6703,47.19,0.064,0.888
G6704,12.27,-0.738,0.276
G6705,5.7,0.009,0.992
G6706,91.64,-0.122,0.753
G6707,68.36,-0.32,0.439
G6708,35.63,0.3,0.539
G6709,7.25,1.186,0.145
G6710,337.55,-0.339,0.27
G6711,12.31,1.166,0.0846
G6712,133.47,0.18,0.616
G6713,12.02,-0.043,0.95
G6714,85.08,0.252,0.522
G6715,2.12,-3.398,0.00998
G6716,46.56,0.227,0.617
G6717,8.91,0.064,0.933
G6718,37.21,0.419,0.385
G6719,111.19,0.017,0.964
G6720,43.79,0.434,0.347
G6721,56.92,0.358,0.407
G6722,40.41,0.148,0.754
G6723,51.69,0.516,0.244
G6724,20.35,0.575,0.317
G6725,21.7,-0.443,0.432
G6726,13.82,0.019,0.977
G6727,73.8,-1.934,1.93e-06
G6728,359.83,-0.069,0.821
G6729,35.73,1.105,0.0235
G6730,69.64,-0.174,0.673
G6731,321.41,-0.206,0.505
G6732,90.4,0.782,0.044
G6733,153.66,0.144,0.68
G6734,38.61,0.443,0.354
G6735,10.99,0.967,0.169
G6736,72.03,0.123,0.763
G6737,22.45,-0.15,0.788
G6738,49.71,0.107,0.811
G6739,54.07,0.359,0.412
G6740,140.59,0.271,0.445
G6741,26.56,-0.283,0.594
G6742,8.64,-0.027,0.972
G6743,111.29,-0.873,0.0188
G6744,252.62,0.194,0.545
G6745,61.49,-0.107,0.801
G6746,133.18,-0.157,0.662
G6747,1.04,-1.171,0.513
G6748,308.43,0.055,0.86
G6749,396.46,0.463,0.123
G6750,75.8,-0.017,0.966
G6751,570,-0.154,0.592
G6752,102.46,0.409,0.279
G6753,32.47,0.086,0.864
G6754,18.29,1.641,0.00574
G6755,17.99,-0.229,0.701
G6756,45.85,-0.233,0.61
G6757,183.25,0.132,0.696
G6758,55.2,0.372,0.393
G6759,40.69,0.375,0.426
G6760,25.51,-0.541,0.314
G6761,51.06,-0.648,0.144
G6762,55.93,-0.079,0.856
G6763,26.58,-1.099,0.0382
G6764,88.6,0.25,0.521
G6765,23.42,-0.187,0.734
G6766,21.86,0.778,0.166
G6767,36.66,-0.241,0.619
G6768,332.5,0.068,0.825
G6769,732.26,0.196,0.483
G6770,2.66,-3.48,0.00376
G6771,30.12,0.942,0.0655
G6772,37.83,0.424,0.377
G6773,188.44,0.217,0.519
G6774,341.04,-0.165,0.591
G6775,5.51,0.091,0.92
G6776,7.06,1.249,0.129
G6777,9.03,0.831,0.269
G6778,186.66,0.175,0.604
G6779,131.34,0.028,0.938
G6780,4.28,0.625,0.529
G6781,14.96,-0.501,0.429
G6782,23.16,0.743,0.179
G6783,5.25,-0.023,0.98
G6784,31.89,0.144,0.775
G6785,217.34,-0.723,0.0278
G6786,17.84,0.006,0.992
G6787,128.34,0.109,0.763
G6788,64.25,-0.331,0.43
G6789,37.38,0.074,0.878
G6790,69.47,0.651,0.114
G6791,122.76,0.169,0.643
G6792,242.87,0.097,0.764
G6793,577.89,0.223,0.436
G6794,63.33,0.603,0.152
G6795,213.18,-0.514,0.119
G6796,272.77,0.055,0.862
G6797,46.27,0.096,0.833
G6798,38.63,0.353,0.46
G6799,72.92,-0.174,0.669
G6800,16.33,-0.418,0.497
G6801,820.87,0.101,0.714
G6802,76.33,0.219,0.587
G6803,40.25,-0.398,0.399
G6804,354.86,0.208,0.495
G6805,12.4,-0.574,0.395
G6806,29.38,-0.654,0.204
G6807,308.97,-0.123,0.692
G6808,10.91,0.473,0.502
G6809,52.42,-1.359,0.00206
G6810,74.09,-1.126,0.00553
G6811,34.14,-0.587,0.235
G6812,59.26,0.576,0.178
G6813,17.26,-0.599,0.322
G6814,292.15,0.341,0.277
G6815,173.51,-0.067,0.844
G6816,46.57,-1.053,0.0205
G6817,109.71,-0.39,0.295
G6818,35.72,0.163,0.738
G6819,170.57,0.424,0.216
G6820,89.08,0.118,0.762
G6821,29.64,0.747,0.146
G6822,688.96,0.298,0.289
G6823,3.73,2.015,0.0546
G6824,31.23,-0.916,0.0704
G6825,0.21,-2.342,0.346
G6826,42.1,0.016,0.973
G6827,1.43,2.928,0.0602
G6828,145.5,-0.542,0.124
G6829,101.17,0.176,0.642
G6830,7.28,-0.012,0.988
G6831,8.86,0.847,0.264
G6832,47.63,0.175,0.699
G6833,225.02,0.162,0.62
G6834,1262.73,-0.019,0.943
G6835,94.44,-0.254,0.509
G6836,163.49,-0.181,0.6
G6837,1.22,-2.45,0.142
G6838,23.18,1.01,0.0675
G6839,1485.7,-0.309,0.237
G6840,37.08,0.367,0.447
G6841,69.71,0.017,0.967
G6842,37.65,-0.301,0.531
G6843,14.32,-0.67,0.297
G6844,31.37,-1.014,0.0449
G6845,167.79,-0.428,0.213
G6846,341.22,0.187,0.542
G6847,278.67,0.572,0.0701
G6848,90.6,0.348,0.37
G6849,165.93,0.072,0.834
G6850,104.57,1.299,0.00056
G6851,15.4,-0.726,0.247
G6852,76.38,-0.412,0.307
G6853,11.44,-0.174,0.802
G6854,100.82,0.577,0.128
G6855,20.48,0.259,0.652
G6856,89.92,-0.105,0.787
G6857,162.07,0.364,0.292
G6858,25.46,0.2,0.71
G6859,18.81,-0.619,0.293
G6860,28.88,-0.107,0.836
G6861,145.87,0.172,0.626
G6862,46.57,-0.696,0.126
G6863,167.69,-0.261,0.447
G6864,48.45,0.011,0.98
G6865,80.79,0.451,0.257
G6866,59.89,-0.424,0.32
G6867,36.44,-0.332,0.494
G6868,61.12,0.357,0.401
G6869,169.38,-0.111,0.746
G6870,206.79,0.232,0.484
G6871,231.06,0.236,0.468
G6872,295.96,-0.817,0.00905
G6873,22.54,0.564,0.311
G6874,65.7,0.628,0.132
G6875,223.39,0.265,0.418
G6876,51.04,-0.512,0.249
G6877,116.4,-0.181,0.623
G6878,1533.48,-0.427,0.102
G6879,956.2,-0.397,0.144
G6880,43.59,-0.443,0.338
G6881,35.38,-0.391,0.424
G6882,29.23,-0.537,0.298
G6883,68.14,0.695,0.0931
G6884,29.78,-0.397,0.439
G6885,745.59,0.17,0.542
G6886,37.38,0.341,0.479
G6887,67.32,0.385,0.354
G6888,5.37,-0.307,0.736
G6889,407.35,-0.244,0.415
G6890,58.7,-0.062,0.885
G6891,338.93,-0.579,0.0592
G6892,173.42,-0.029,0.932
G6893,19.19,0.459,0.433
G6894,6.03,-1.139,0.191
G6895,165.97,-0.386,0.262
G6896,11.89,1.058,0.122
G6897,12.71,-0.894,0.181
G6898,20.85,-0.709,0.214
G6899,133.08,0.427,0.234
G6900,89.46,1.46,0.000176
G6901,20.25,0.322,0.576
G6902,59.58,0.234,0.584
G6903,11.92,-0.455,0.506
G6904,15.23,-0.574,0.362
G6905,61.28,0.511,0.229
G6906,20.18,-0.103,0.858
G6907,58.03,-0.361,0.401
G6908,64.73,0.139,0.74
G6909,256.97,-0.087,0.786
G6910,162.63,-0.01,0.977
G6911,14.32,0.77,0.231
G6912,9.56,1.744,0.018
G6913,37.75,-0.163,0.734
G6914,11.58,0.311,0.652
G6915,33.15,0.207,0.678
G6916,719.85,-0.036,0.898
G6917,393.82,-0.286,0.341
G6918,9.59,0.095,0.897
G6919,36.18,-0.064,0.895
G6920,3.8,0.112,0.914
G6921,161.51,-0.555,0.109
G6922,7.63,0.43,0.591
G6923,124.79,0.235,0.518
G6924,18.62,-0.184,0.755
G6925,7.75,-1.186,0.136
G6926,53.64,0.078,0.859
G6927,338.67,-2.422,1e-12
G6928,8.01,0.222,0.777
G6929,211.24,-0.344,0.297
G6930,239.35,0.17,0.599
G6931,25.36,-0.089,0.869
G6932,140.86,-0.12,0.735
G6933,1.67,1.093,0.453
G6934,116.31,0.058,0.875
G6935,41.4,-0.446,0.341
G6936,227.34,-0.14,0.668
G6937,221.42,0.095,0.772
G6938,289.09,-0.163,0.604
G6939,354.58,0.012,0.969
G6940,143.51,-0.485,0.17
G6941,76.34,-0.122,0.762
G6942,2.97,-0.845,0.462
G6943,20.38,-1.519,0.00818
G6944,14.38,0.323,0.615
G6945,7.4,0.114,0.888
G6946,92.05,-1.022,0.00823
G6947,190.64,0.11,0.743
G6948,19.15,0.101,0.863
G6949,18.62,-0.921,0.119
G6950,184.51,-0.207,0.54
G6951,351.66,0.14,0.647
G6952,4.1,-0.921,0.362
G6953,12.34,0.01,0.988
G6954,19.28,1.3,0.0261
G6955,1079.04,-0.197,0.463
G6956,60.96,0.12,0.778
G6957,49.99,-0.167,0.708
G6958,75.73,0.463,0.252
G6959,0.84,-1.667,0.396
G6960,70.79,0.017,0.967
G6961,233.73,0.189,0.56
G6962,0.67,2.839,0.192
G6963,160.93,-0.264,0.446
G6964,18.1,-0.649,0.276
G6965,2.77,1.11,0.347
G6966,24.22,-0.196,0.719
G6967,614.13,-0.051,0.858
G6968,26.31,0.614,0.248
G6969,256.93,-0.344,0.282
G6970,93.79,-0.013,0.973
G6971,7.18,-0.632,0.439
G6972,537.49,-0.382,0.186
G6973,100.7,0.1,0.792
G6974,78.38,-0.45,0.261
G6975,35.62,-0.845,0.0834
G6976,28.33,-0.452,0.385
G6977,3.33,-1.616,0.141
G6978,8.2,-2.192,0.00488
G6979,81.87,0.586,0.14
G6980,786.12,1.321,1.86e-06
G6981,7.56,-0.043,0.957
G6982,11.02,-0.193,0.783
G6983,62.5,-0.351,0.406
G6984,4.24,-0.811,0.416
G6985,119.22,-0.184,0.616
G6986,3.91,0.729,0.479
G6987,63.96,-0.345,0.411
G6988,273.51,-0.141,0.656
G6989,27.96,-0.361,0.49
G6990,13.39,-1.807,0.00597
G6991,190.04,0.207,0.538
G6992,322.26,0.366,0.236
G6993,267.38,0.233,0.464
G6994,42.57,-0.393,0.398
G6995,179,0.104,0.759
G6996,30.81,0.18,0.723
G6997,1105.18,0.278,0.3
G6998,216.32,0.217,0.509
G6999,13.02,-0.487,0.463
G7000,54.2,-0.223,0.61
G7001,5.96,0.552,0.528
G7002,26.17,0.251,0.638
G7003,138.09,0.35,0.326
G7004,84.58,3.621,1e-12
G7005,3.82,-1.37,0.187
G7006,25.55,0.219,0.683
G7007,17.87,0.042,0.944
G7008,870.53,0.189,0.491
G7009,720.27,-0.078,0.78
G7010,32.08,2.671,1.06e-07
G7011,119.84,0.123,0.737
G7012,10.82,1.124,0.112
G7013,1.79,1.331,0.347
G7014,192.74,0.437,0.192
G7015,128.67,-0.174,0.63
G7016,20.36,0.527,0.359
G7017,487.12,-0.255,0.383
G7018,1024.97,-0.002,0.994
G7019,174.65,-0.063,0.853
G7020,239.52,-0.246,0.447
G7021,54.3,-0.197,0.652
G7022,212.21,-0.351,0.287
G7023,30.19,-0.042,0.935
G7024,8.89,-1.042,0.168
G7025,165.66,-0.202,0.557
G7026,4248.72,-0.048,0.844
G7027,7.8,-0.11,0.89
G7028,7.54,-0.44,0.584
G7029,346.46,0.318,0.299
G7030,168.19,-0.03,0.93
G7031,869.38,0.404,0.141
G7032,86.59,-0.403,0.304
G7033,132.15,-0.02,0.956
G7034,158.44,-0.238,0.493
G7035,651.49,-0.27,0.34
G7036,159.23,0.23,0.507
G7037,73.47,-0.59,0.147
G7038,176.08,-0.116,0.733
G7039,71.76,-0.501,0.22
G7040,75.24,-0.942,0.0199
G7041,43.32,-0.635,0.17
G7042,44.5,-0.012,0.979
G7043,50.88,0.11,0.804
G7044,186,-0.043,0.899
G7045,60.16,0.144,0.736
G7046,20.12,-0.395,0.493
G7047,667.91,-0.066,0.815
G7048,7.31,-0.666,0.412
G7049,30.2,0.125,0.807
G7050,220.93,0.145,0.658
G7051,71.8,0.007,0.986
G7052,57.81,-0.526,0.222
G7053,638.65,0.073,0.797
G7054,13.65,0.07,0.915
G7055,300.71,-0.545,0.0809
G7056,10.91,0.509,0.47
G7057,26.58,-0.143,0.787
G7058,67,0.008,0.985
G7059,5.12,1.677,0.0705
G7060,64.7,0.254,0.544
G7061,14.92,0.446,0.482
G7062,47.24,0.293,0.518
G7063,4.23,-0.221,0.825
G7064,477.6,0.478,0.103
G7065,137.73,-0.396,0.266
G7066,49.22,0.081,0.857
G7067,15.06,-0.66,0.297
G7068,14.15,-2.166,0.00079
G7069,349.96,-0.183,0.549
G7070,91.22,0.093,0.81
G7071,836.94,-0.041,0.882
G7072,147.23,0.021,0.952
G7073,165.91,-0.011,0.975
G7074,124.19,0.382,0.293
G7075,283.59,0.243,0.44
G7076,29.46,0.382,0.458
G7077,3.07,1.197,0.291
G7078,3789.31,-0.03,0.903
G7079,4.23,0.871,0.383
G7080,698.02,1.971,2.14e-12
G7081,995.33,0.236,0.383
G7082,3134.77,-0.71,0.00429
G7083,361.55,-0.185,0.543
G7084,48.76,0.444,0.323
G7085,0.31,2.418,0.33
G7086,3.75,0.751,0.473
G7087,401.7,0.032,0.915
G7088,474.78,-0.234,0.425
G7089,69.89,-0.438,0.287
G7090,154.02,-0.297,0.395
G7091,115.75,-0.285,0.44
G7092,670.69,-0.082,0.771
G7093,7.11,0.468,0.568
G7094,147.17,0.489,0.165
G7095,1122.16,-0.161,0.548
G7096,10.93,-0.287,0.683
G7097,4.39,-1.468,0.136
G7098,1.26,1.72,0.296
G7099,14.49,-0.29,0.651
G7100,740.49,0.224,0.422
G7101,20.55,1.124,0.0498
G7102,59.43,-0.726,0.0895
G7103,827.96,-0.177,0.521
G7104,2.24,2.853,0.0269
G7105,108.98,0.319,0.393
G7106,85.87,-0.006,0.988
G7107,203.31,0.01,0.976
G7108,551.05,-0.347,0.229
G7109,136.65,0.559,0.117
G7110,416.68,0.085,0.776
G7111,15.92,0.194,0.755
G7112,196.41,-0.055,0.869
G7113,6.27,0.379,0.659
G7114,26.04,-0.194,0.716
G7115,9.68,0.518,0.481
G7116,13.89,-0.26,0.689
G7117,36.24,0.341,0.483
G7118,89.73,0.52,0.181
G7119,9.71,0.311,0.672
G7120,63.78,0.192,0.648
G7121,29.11,-0.391,0.449
G7122,6.56,-0.005,0.995
G7123,7.68,0.163,0.838
G7124,6.59,-1.597,0.0582
G7125,15.17,-0.143,0.821
G7126,25.97,-0.372,0.486
G7127,31.58,0.17,0.736
G7128,890.16,-0.26,0.342
G7129,34.34,0.181,0.714
G7130,24.37,-0.144,0.791
G7131,131.86,-0.177,0.622
G7132,2.25,-3.35,0.00922
G7133,11.58,5.356,1e-12
G7134,118.4,0.327,0.373
G7135,19.26,1.249,0.0326
G7136,401.94,-0.393,0.19
G7137,372.16,-0.296,0.329
G7138,52.86,0.086,0.845
G7139,61.96,-0.015,0.972
G7140,12.73,-0.337,0.614
G7141,17.73,-0.261,0.664
G7142,448.72,-0.066,0.823
G7143,129.1,0.138,0.702
G7144,49.78,-0.61,0.172
G7145,99.02,-0.201,0.598
G7146,4.02,1.721,0.0909
G7147,38.42,0.134,0.779
G7148,22.29,1.368,0.0144
G7149,18.3,0.601,0.312
G7150,30.62,-0.532,0.296
G7151,12.42,-1.059,0.116
G7152,240.31,-0.225,0.486
G7153,46.18,-0.091,0.842
G7154,134.76,0.185,0.605
G7155,189.85,0.626,0.0625
G7156,37.06,0.223,0.644
G7157,16.1,0.081,0.896
G7158,16.55,-0.397,0.517
G7159,1084.78,0.767,0.00429
G7160,23.72,0.351,0.522
G7161,25.59,0.078,0.884
G7162,583.72,-0.056,0.845
G7163,56.56,-0.316,0.465
G7164,253.23,0.523,0.103
G7165,53.58,0.306,0.485
G7166,74.57,0.069,0.865
G7167,581.87,0.008,0.978
G7168,27.13,-0.011,0.983
G7169,159.96,0.197,0.57
G7170,40.09,-0.127,0.788
G7171,30.67,0.553,0.277
G7172,15.56,-0.004,0.995
G7173,469.58,-0.19,0.518
G7174,684.09,-0.109,0.698
G7175,380.86,0.113,0.708
G7176,157.71,-0.055,0.874
G7177,86.45,-0.215,0.583
G7178,50.17,-0.267,0.549
G7179,9.98,-0.212,0.77
G7180,18.74,-1.446,0.0142
G7181,50.17,-0.109,0.807
G7182,1052.04,0.049,0.856
G7183,23.53,-0.492,0.371
G7184,56.87,0.232,0.591
G7185,87.73,0.012,0.976
G7186,251.76,0.093,0.772
G7187,37.7,0.202,0.674
G7188,32.18,-0.021,0.967
G7189,35.95,0.321,0.51
G7190,186.28,-0.368,0.275
G7191,32.63,-0.192,0.701
G7192,999.84,0.211,0.436
G7193,4.42,0.597,0.543
G7194,123,-0.379,0.298
G7195,173.53,-0.833,0.0147
G7196,212.98,-0.297,0.368
G7197,2.53,1.48,0.227
G7198,1.4,-1.761,0.263
G7199,6.37,-1.014,0.235
G7200,18.6,1.998,0.000723
G7201,255.07,-0.074,0.817
G7202,230.25,-0.137,0.674
G7203,2.55,0.613,0.616
G7204,17.59,1.253,0.0372
G7205,201.06,0.12,0.718
G7206,212.01,-0.326,0.323
G7207,1454.56,-0.195,0.457
G7208,25.96,-2.359,9.99e-06
G7209,155.35,-0.043,0.902
G7210,307.15,0.092,0.768
G7211,3.78,0.839,0.421
G7212,543.49,-0.264,0.36
G7213,65.42,-0.348,0.405
G7214,118.51,-0.054,0.883
G7215,39.95,0.267,0.573
G7216,127.89,-0.09,0.803
G7217,74.97,-0.35,0.387
G7218,11.62,-1.023,0.138
G7219,116.88,-0.353,0.337
G7220,200.76,1.358,4.52e-05
G7221,45.07,0.128,0.78
G7222,33.93,0.542,0.273
G7223,33.49,-0.08,0.872
G7224,14.14,0.601,0.352
G7225,6.37,-0.901,0.291
G7226,8.05,-0.646,0.41
G7227,45.79,0.197,0.666
G7228,38.53,0.382,0.424
G7229,14.72,-0.037,0.954
G7230,240.67,-0.16,0.62
G7231,91.93,0.047,0.903
G7232,52.04,0.579,0.19
G7233,89.68,-0.485,0.212
G7234,6.01,0.166,0.849
G7235,6.64,-1.341,0.111
G7236,173.99,-0.377,0.269
G7237,5.46,-1.81,0.0454
G7238,12.8,0.069,0.918
G7239,56.51,0.453,0.295
G7240,18,0.141,0.813
G7241,19.71,0.288,0.62
G7242,105.82,-0.506,0.178
G7243,29.89,-0.326,0.525
G7244,47.05,-0.47,0.3
G7245,6.65,-0.009,0.991
G7246,299.31,0.326,0.297
G7247,58.34,-0.31,0.47
G7248,240.35,2.261,2.64e-12
G7249,188.41,0.059,0.861
G7250,54.71,-0.595,0.173
G7251,44.59,-0.414,0.368
G7252,13.54,0.714,0.276
G7253,92.66,0.184,0.634
G7254,329.65,-2.368,1e-12
G7255,4.12,-0.453,0.653
G7256,233.97,-0.514,0.113
G7257,121,0.852,0.0197
G7258,14.65,0.863,0.176
G7259,29.07,0.04,0.938
G7260,763.02,0.028,0.92
G7261,5.2,1.072,0.245
G7262,29.81,0.123,0.811
G7263,388.12,-0.34,0.259
G7264,29.95,-0.082,0.873
G7265,567.89,0.154,0.592
G7266,5.22,-0.961,0.296
G7267,7.96,-0.246,0.755
G7268,15.72,-0.33,0.597
G7269,16.67,0.104,0.865
G7270,45.17,0.156,0.733
G7271,34.21,0.729,0.14
G7272,6.17,0.942,0.276
G7273,43.87,-0.069,0.881
G7274,446.35,0.211,0.476
G7275,394.57,0.431,0.152
G7276,4.93,-1.14,0.226
G7277,561.42,0.054,0.851
G7278,16.36,-0.155,0.801
G7279,42.47,-0.156,0.738
G7280,392.25,0.053,0.86
G7281,479.87,-0.613,0.0365
G7282,11.34,0.012,0.986
G7283,10.82,-1.316,0.0625
G7284,903.86,0.209,0.444
G7285,227.6,0.102,0.754
G7286,379.19,-0.023,0.939
G7287,62.09,0.055,0.897
G7288,13.39,0.712,0.279
G7289,144.71,-0.238,0.5
G7290,8.72,-0.012,0.987
G7291,195.76,-0.627,0.0608
G7292,29.08,0.812,0.116
G7293,6.01,-1.776,0.0418
G7294,112.89,0.331,0.372
G7295,82.82,-0.129,0.744
G7296,82.49,0.01,0.98
G7297,689.62,0.208,0.459
G7298,59.91,0.084,0.844
G7299,113.58,0.216,0.56
G7300,9.08,0.131,0.862
G7301,2273.31,0.159,0.531
G7302,14.4,-1.346,0.0359
G7303,39.34,-0.944,0.0469
G7304,30.63,0.274,0.59
G7305,97.84,-0.302,0.429
G7306,42.07,-0.167,0.72
G7307,200.44,0.923,0.00558
G7308,150.13,0.492,0.161
G7309,178.06,-0.17,0.617
G7310,12.05,-0.8,0.24
G7311,93.1,-0.174,0.652
G7312,650.41,-0.061,0.829
G7313,225.96,-2.438,1e-12
G7314,218.06,-0.203,0.536
G7315,42.38,0.206,0.658
G7316,172.23,-0.326,0.34
G7317,45.19,-1.224,0.00753
G7318,198.06,-0.791,0.0178
G7319,5.59,-0.4,0.656
G7320,60.84,0.851,0.0453
G7321,4.29,0.94,0.344
G7322,152.47,-0.279,0.425
G7323,40.23,0.472,0.318
G7324,12.51,-0.182,0.787
G7325,93.38,-0.193,0.617
G7326,73.12,0.267,0.512
G7327,43.17,-0.328,0.479
G7328,13.75,-1.471,0.024
G7329,619.47,0.306,0.282
G7330,245.97,-0.486,0.131
G7331,148.91,-0.033,0.925
G7332,29.54,-0.805,0.118
G7333,58.42,-0.123,0.775
G7334,296.86,0.343,0.273
G7335,101.52,0.681,0.0722
G7336,4.57,-1.85,0.0561
G7337,2.96,-1.95,0.0899
G7338,95.04,-0.327,0.395
G7339,108.92,-0.266,0.476
G7340,37.37,-0.334,0.488
G7341,73.77,-0.209,0.607
G7342,25.38,0.258,0.631
G7343,29.44,0.356,0.489
G7344,7.04,-1.016,0.217
G7345,295.46,-0.329,0.293
G7346,140.36,-0.219,0.537
G7347,91.07,-1.357,0.000464
G7348,57.05,-0.226,0.601
G7349,25.56,-0.597,0.266
G7350,5.63,0.42,0.639
G7351,13.41,0.37,0.573
G7352,18.08,-1.105,0.0639
G7353,118,-0.219,0.551
G7354,60.96,0.511,0.229
G7355,13.99,-0.211,0.745
G7356,19.95,-0.595,0.303
G7357,583.73,0.101,0.724
G7358,94,-0.504,0.191
G7359,997.41,0.001,0.997
G7360,210.39,-0.212,0.521
G7361,13.65,-0.347,0.595
G7362,87.81,-0.486,0.214
G7363,81.12,0.674,0.0901
G7364,111.73,-0.075,0.84
G7365,75.22,-1.986,9.11e-07
G7366,192.01,1.651,8.59e-07
G7367,69.23,0.715,0.0829
G7368,492.8,0.004,0.989
G7369,63.18,0.702,0.0957
G7370,217.65,-0.017,0.959
G7371,208.13,-0.267,0.42
G7372,56.86,0.206,0.634
G7373,213.55,-0.048,0.884
G7374,65.78,0.034,0.935
G7375,559.47,-0.371,0.197
G7376,261.57,-0.051,0.873
G7377,303.05,0.18,0.564
G7378,166.12,0.026,0.94
G7379,3.21,-1.279,0.251
G7380,181.18,0.812,0.0166
G7381,616.34,0.213,0.454
G7382,22.36,0.029,0.959
G7383,7.48,-0.76,0.345
G7384,63.4,0.019,0.964
G7385,13.81,0.94,0.148
G7386,357.64,-0.431,0.157
G7387,62.4,-0.297,0.482
G7388,14.24,1.506,0.0194
G7389,50.32,0.264,0.554
G7390,23.22,-0.431,0.435
G7391,292.56,0.481,0.125
G7392,8.35,1.003,0.195
G7393,35.66,-0.045,0.927
G7394,28.52,0.638,0.219
G7395,5.35,-0.62,0.496
G7396,22.85,0.346,0.533
G7397,37.85,-0.018,0.97
G7398,2.37,0.503,0.69
G7399,6.18,-0.217,0.802
G7400,59.19,-0.212,0.62
G7401,29.2,-0.584,0.258
G7402,2.77,-0.438,0.711
G7403,11.41,-0.208,0.764
G7404,1.51,-2.159,0.156
G7405,20.83,0.534,0.349
G7406,84.29,0.467,0.236
G7407,170.85,-0.02,0.953
G7408,194.15,0.165,0.622
G7409,154.85,-0.448,0.199
G7410,18.2,-0.1,0.867
G7411,26.39,0.494,0.353
G7412,179.65,0.565,0.0959
G7413,27.38,-0.67,0.203
G7414,162.67,-0.183,0.596
G7415,44.13,-0.145,0.753
G7416,1824.32,-0.119,0.644
G7417,141.93,-0.511,0.149
G7418,25.39,-0.835,0.12
G7419,56.61,-0.419,0.333
G7420,2.5,-0.201,0.87
G7421,38.62,-0.181,0.705
G7422,99.44,-0.376,0.323
G7423,104.46,0.583,0.122
G7424,554.76,0.08,0.781
G7425,4.82,0.543,0.567
G7426,10.86,0.563,0.425
G7427,15.39,0.368,0.558
G7428,10.96,-1.128,0.109
G7429,93.43,-0.349,0.365
G7430,18.13,-0.324,0.587
G7431,35.24,-0.609,0.213
G7432,11.23,0.618,0.376
G7433,233.47,0.462,0.155
G7434,104.48,0.436,0.247
G7435,16.85,-0.433,0.478
G7436,81.3,-0.373,0.348
G7437,68.16,-0.694,0.0935
G7438,22.95,0.095,0.864
G7439,569.34,-0.189,0.51
G7440,24.64,0.27,0.619
G7441,84.49,-0.762,0.0532
G7442,703.59,-0.532,0.0577
G7443,27.36,0.938,0.0745
G7444,6.12,1.318,0.128
G7445,153.82,0.255,0.465
G7446,37.93,0.665,0.166
G7447,136.06,-0.263,0.462
G7448,38.95,-0.95,0.0461
G7449,5.63,0.616,0.491
G7450,214.2,0.418,0.204
G7451,148.96,0.42,0.232
G7452,35.98,-0.155,0.75
G7453,46.75,-0.192,0.672
G7454,352.23,0.458,0.134
G7455,59.17,0.231,0.589
G7456,34.86,0.35,0.476
G7457,5.43,0.217,0.811
G7458,402.27,0.149,0.619
G7459,718.21,0.262,0.349
G7460,197.09,-0.201,0.547
G7461,27.6,-0.38,0.469
G7462,339.09,-0.119,0.698
G7463,23.35,0.872,0.114
G7464,215.21,0.359,0.275
G7465,9.78,0.247,0.736
G7466,164.45,0.278,0.42
G7467,49.32,0.05,0.911
G7468,24.09,0.383,0.483
G7469,14.04,-0.171,0.792
G7470,15.32,-0.264,0.675
G7471,71.9,0.235,0.565
G7472,57.51,0.608,0.158
G7473,10.49,0.404,0.572
G7474,11.9,-1.301,0.0571
G7475,40.8,-0.358,0.447
G7476,1019.86,-1.261,3.03e-06
G7477,18.62,0.044,0.941
G7478,626.98,-0.105,0.711
G7479,47.87,0.242,0.592
G7480,52.23,-0.237,0.591
G7481,55.37,-0.909,0.0367
G7482,1.48,0.376,0.807
G7483,123.26,0.234,0.52
G7484,15.29,0.22,0.727
G7485,78.21,-1.056,0.00844
G7486,44.51,-0.431,0.349
G7487,123.35,0.479,0.188
G7488,104.56,-0.377,0.317
G7489,65.61,-0.532,0.203
G7490,7.48,-0.49,0.543
G7491,86.68,0.369,0.346
G7492,342.91,0.132,0.667
G7493,229.77,0.206,0.527
G7494,15.86,0.579,0.352
G7495,140.54,0.092,0.795
G7496,798.08,-0.138,0.618
G7497,37.11,0.391,0.418
G7498,4.74,0.448,0.639
G7499,19.23,-0.253,0.665
G7500,183.88,1.84,5.21e-08
G7501,15.7,-0.811,0.194
G7502,1031.68,0.219,0.417
G7503,25.56,0.535,0.319
G7504,7.36,-1.552,0.0553
G7505,43.49,-0.219,0.636
G7506,18.26,0.265,0.656
G7507,724.22,-0.402,0.15
G7508,16.45,0.697,0.257
G7509,4.72,-0.334,0.727
G7510,64.96,1.953,3.06e-06
G7511,112.35,0.711,0.0553
G7512,156.29,-0.232,0.505
G7513,15.61,0.217,0.728
G7514,4.67,-1.517,0.114
G7515,363.45,0.354,0.244
G7516,25.93,0.214,0.689
G7517,32.29,0.201,0.689
G7518,122.49,-0.705,0.0531
G7519,261.83,1.675,1.5e-07
G7520,48.41,0.363,0.42
G7521,677.91,-0.027,0.924
G7522,5.44,-0.42,0.643
G7523,15.8,0.337,0.588
G7524,4.97,1.121,0.232
G7525,2.79,1.033,0.38
G7526,17.5,0.596,0.323
G7527,112.67,1.422,0.000125
G7528,212.73,0.34,0.302
G7529,149.27,-0.145,0.679
G7530,73.1,-0.912,0.0251
G7531,3258.78,-0.269,0.278
G7532,16.98,-1.466,0.016
G7533,2.41,-1.032,0.409
G7534,14.89,0.57,0.369
G7535,365.32,-0.09,0.767
G7536,584.59,-0.31,0.279
G7537,20.77,-0.806,0.158
G7538,380.24,0.301,0.319
G7539,9.14,-0.972,0.195
G7540,26.28,-1.06,0.0464
G7541,35.43,0.024,0.961
G7542,4.71,1.119,0.242
G7543,9.15,-0.695,0.353
G7544,197.18,0.343,0.304
G7545,3.91,1.624,0.115
G7546,1743.44,-0.217,0.401
G7547,95.02,0.36,0.349
G7548,63.56,-0.265,0.529
G7549,200.01,0.266,0.425
G7550,528.09,-0.404,0.163
G7551,3115.06,0.374,0.133
G7552,4.22,0.374,0.708
G7553,30.04,0.049,0.924
G7554,73.71,-0.313,0.441
G7555,286.54,0.369,0.241
G7556,100.02,-0.065,0.864
G7557,8.17,-0.159,0.838
G7558,452.67,-0.534,0.0705
G7559,2.89,0.38,0.743
G7560,81.55,0.009,0.982
G7561,4679.41,0.499,0.0403
G7562,102.18,0.478,0.206
G7563,100.6,-0.811,0.0326
G7564,18.06,0.644,0.28
G7565,10.28,0.405,0.573
G7566,14,0.069,0.915
G7567,44.97,-0.304,0.507
G7568,56.74,0.684,0.114
G7569,14.67,-0.058,0.928
G7570,1.9,0.991,0.473
G7571,584.78,0.127,0.657
G7572,56.58,0.029,0.947
G7573,461.43,1.472,5.78e-07
G7574,18.56,-0.544,0.358
G7575,1.85,2.99,0.0322
G7576,863.54,-0.09,0.743
G7577,69.65,-0.04,0.923
G7578,41.36,-0.408,0.384
G7579,886.61,-0.005,0.985
G7580,150.82,0.034,0.923
G7581,124.01,-0.086,0.813
G7582,38.85,-0.42,0.378
G7583,38.27,-1.023,0.0326
G7584,1.48,0.456,0.766
G7585,19.81,1.857,0.00135
G7586,35.48,0.738,0.131
G7587,74.64,0.383,0.345
G7588,4.34,0.225,0.82
G7589,859.34,0.339,0.217
G7590,114.85,0.094,0.799
G7591,9526.86,0.103,0.663
G7592,112.33,0.006,0.987
G7593,87.99,-0.359,0.358
G7594,5.2,-1.474,0.11
G7595,363.56,0.471,0.121
G7596,41.94,-0.6,0.199
G7597,201.16,-0.311,0.35
G7598,7.36,-1.493,0.0652
G7599,90.41,1.676,1.58e-05
G7600,13.81,-0.727,0.264
G7601,35.84,-0.141,0.772
G7602,148.77,-0.286,0.415
G7603,4.86,-0.441,0.641
G7604,589.45,-0.219,0.444
G7605,22.08,0.216,0.7
G7606,551.28,0.796,0.00574
G7607,13.33,-0.105,0.873
G7608,9.17,-0.081,0.914
G7609,50.36,-2.07,3.37e-06
G7610,57.34,0.2,0.643
G7611,119.11,-0.412,0.261
G7612,44.84,-0.114,0.804
G7613,79.64,0.117,0.77
G7614,141.44,-0.43,0.225
G7615,34.47,0.193,0.695
G7616,48.97,-0.227,0.613
G7617,278.04,0.421,0.183
G7618,2.62,0.133,0.912
G7619,5.7,0.279,0.754
G7620,15.09,0.147,0.816
G7621,39.08,-0.006,0.99
G7622,133.12,0.06,0.867
G7623,94.16,0.372,0.334
G7624,5.14,0.818,0.377
G7625,327.93,-0.254,0.41
G7626,9.89,0.017,0.981
G7627,22.08,0.318,0.57
G7628,69.8,-0.246,0.55
G7629,533.77,0.171,0.554
G7630,105.57,-0.796,0.0341
G7631,408,-0.598,0.0457
G7632,4.02,-0.582,0.568
G7633,332.81,0.078,0.8
G7634,72.32,-2.273,2.56e-08
G7635,5.86,0.937,0.288
G7636,8.95,0.499,0.509
G7637,4.34,-1.493,0.131
G7638,7.21,-0.004,0.996
G7639,264.24,0.696,0.0288
G7640,156.09,-0.767,0.0276
G7641,288.79,0.256,0.415
G7642,109.02,0.738,0.048
G7643,308.49,-0.515,0.0978
G7644,12.44,-0.798,0.236
G7645,2913.32,-0.009,0.971
G7646,34.23,-0.785,0.112
G7647,549.6,0.628,0.0294
G7648,434.4,-0.166,0.576
G7649,5.14,-1.561,0.0918
G7650,19.63,0.385,0.508
G7651,306.82,0.941,0.00251
G7652,40.9,0.645,0.17
G7653,31.95,0.833,0.0978
G7654,22.13,1.55,0.00565
G7655,125.53,-0.252,0.487
G7656,67.21,0.077,0.853
G7657,34.22,1.402,0.0045
G7658,58.74,-2.459,9.75e-09
G7659,5.88,1.402,0.111
G7660,11.68,-0.179,0.795
G7661,34.6,-0.383,0.436
G7662,4.92,0.849,0.367
G7663,8.21,1.357,0.0813
G7664,36.82,-0.091,0.851
G7665,81.05,-0.003,0.994
G7666,40.97,0.739,0.116
G7667,1184.89,0.153,0.566
G7668,143.83,0.522,0.14
G7669,318.62,0.119,0.701
G7670,74.68,-0.337,0.406
G7671,496.12,-0.332,0.255
G7672,26.95,-0.507,0.337
G7673,161.31,0.013,0.97
G7674,33.35,-0.665,0.181
G7675,7.83,0.34,0.668
G7676,4.65,-0.688,0.474
G7677,36.27,-0.119,0.806
G7678,183.75,0.333,0.325
G7679,8.12,-0.24,0.759
G7680,32.57,-0.069,0.89
G7681,100.62,-0.428,0.259
G7682,121.53,-0.144,0.693
G7683,547.75,-0.146,0.613
G7684,14.33,-0.239,0.71
G7685,109.54,0.068,0.855
G7686,173.21,0.439,0.199
G7687,17.18,0.318,0.6
G7688,416.17,0.101,0.735
G7689,30.38,-0.287,0.574
G7690,76.4,0.579,0.151
G7691,84.04,-1.643,3.12e-05
G7692,977.54,0.08,0.768
G7693,8.88,0.325,0.668
G7694,11.86,0.072,0.916
G7695,193.4,0.199,0.553
G7696,158.8,-0.281,0.418
G7697,331.03,-0.425,0.168
G7698,1.85,1.096,0.433
G7699,189.04,0.148,0.66
G7700,7.36,-0.881,0.277
G7701,442.16,0.17,0.566
G7702,98.52,-0.628,0.0995
G7703,6.97,-0.131,0.874
G7704,146.88,0.631,0.0731
G7705,4.31,0.942,0.342
G7706,469.21,0.239,0.416
G7707,44.12,-1.108,0.0162
G7708,644.64,0.143,0.613
G7709,274.92,0.486,0.125
G7710,152.44,-0.334,0.339
G7711,72.83,-0.86,0.0348
G7712,14.27,-0.002,0.998
G7713,1.96,0.139,0.919
G7714,139.5,0.351,0.323
G7715,1025.73,0.059,0.827
G7716,444.22,-0.586,0.0477
G7717,103.3,0.171,0.65
G7718,329.01,-0.262,0.395
G7719,48.55,0.836,0.063
G7720,19.07,0.577,0.325
G7721,1338.15,0.391,0.138
G7722,1.8,-0.484,0.732
G7723,128.58,0.158,0.662
G7724,208.78,-0.359,0.278
G7725,14.35,-0.132,0.837
G7726,52.67,0.23,0.602
G7727,46.61,0.17,0.708
G7728,58.02,0.372,0.387
G7729,87.84,-0.271,0.488
G7730,6.98,-1.59,0.0541
G7731,27.26,-0.124,0.814
G7732,661.9,-0.037,0.896
G7733,28.93,-0.156,0.763
G7734,86.67,0.211,0.59
G7735,29.13,-0.096,0.853
G7736,42.78,0.559,0.229
G7737,250.09,0.24,0.455
G7738,69.74,0.32,0.437
G7739,107.08,-0.097,0.796
G7740,7.97,0.56,0.477
G7741,20.79,-0.16,0.779
G7742,93.35,-0.195,0.613
G7743,40.67,-0.919,0.051
G7744,49.88,-0.054,0.904
G7745,41.34,0.445,0.343
G7746,472.82,-0.3,0.307
G7747,32.64,1.013,0.0428
G7748,70.81,0.196,0.633
G7749,6.73,-1.083,0.196
G7750,32.31,-0.244,0.627
G7751,996.86,0.022,0.935
G7752,36.44,0.28,0.564
G7753,6.12,-1.043,0.229
G7754,34.42,0.314,0.524
G7755,79.63,-0.439,0.272
G7756,587.67,-0.539,0.0595
G7757,126.75,0.151,0.677
G7758,170,0.008,0.981
G7759,11.4,-0.74,0.286
G7760,16.96,-0.766,0.208
G7761,270.37,-0.305,0.336
G7762,8.27,-0.013,0.987
G7763,214.59,-0.423,0.199
G7764,11.93,-0.973,0.154
G7765,168.34,0.411,0.231
G7766,65.62,-0.125,0.765
G7767,126.75,-0.417,0.25
G7768,18.79,-1.15,0.0509
G7769,48.29,-0.116,0.797
G7770,16850.28,-0.221,0.341
G7771,18.27,-0.11,0.853
G7772,612.79,0.278,0.329
G7773,28.58,0.447,0.389
G7774,305.77,-0.235,0.451
G7775,4.24,0.326,0.744
G7776,140.71,-0.215,0.545
G7777,1.65,0.94,0.521
G7778,494.46,-0.002,0.995
G7779,10.19,-1.393,0.0534
G7780,1369.97,-0.137,0.603
G7781,11.8,-0.287,0.676
G7782,86.21,-0.001,0.998
G7783,513.72,0.032,0.912
G7784,172.01,0.231,0.499
G7785,16.64,0.433,0.479
G7786,2.68,-0.116,0.923
G7787,27.85,-0.54,0.302
G7788,24.42,-0.688,0.206
G7789,10.89,0.454,0.52
G7790,359.73,-0.658,0.0306
G7791,17.01,-1.888,0.0019
G7792,37.57,-0.165,0.732
G7793,28.1,1.082,0.0381
G7794,24.21,-0.814,0.135
G7795,26.38,-0.51,0.337
G7796,399.6,0.299,0.319
G7797,542.15,0.4,0.166
G7798,18.96,0.982,0.0946
G7799,3.68,-0.867,0.411
G7800,51.03,0.034,0.939
G7801,18.18,0.334,0.575
G7802,12.7,0.764,0.253
G7803,38.49,0.756,0.114
G7804,18.49,0.75,0.205
G7805,134.9,0.336,0.348
G7806,21.29,0.215,0.704
G7807,21.33,0.366,0.518
G7808,207.79,0.1,0.763
G7809,7.85,-0.887,0.262
G7810,63.55,-0.377,0.37
G7811,118.76,-0.486,0.185
G7812,18,-1.083,0.0697
G7813,156.92,0.247,0.478
G7814,143.33,0.504,0.154
G7815,218.82,-0.001,0.998
G7816,184.9,-0.059,0.861
G7817,336.27,-0.524,0.0881
G7818,1272.92,0.226,0.393
G7819,24.27,-0.181,0.74
G7820,120.21,-0.64,0.0803
G7821,63.46,-0.592,0.16
G7822,7.76,0.653,0.411
G7823,26.87,-0.223,0.673
G7824,39.96,0.678,0.152
G7825,125.08,0.516,0.155
G7826,160.6,-1.236,0.000357
G7827,33.32,1.018,0.0406
G7828,0.81,-0.323,0.872
G7829,37.07,1.059,0.0283
G7830,5.06,0.699,0.453
G7831,12.03,-1.373,0.0439
G7832,317.25,0.382,0.218
G7833,0.71,0.159,0.94
G7834,101.98,-0.192,0.612
G7835,9.67,-0.163,0.824
G7836,41.48,0.23,0.623
G7837,31.4,-0.48,0.342
G7838,139.6,-0.146,0.681
G7839,33.52,-0.355,0.474
G7840,47.73,0.502,0.266
G7841,55.49,0.365,0.401
G7842,1672.03,0.08,0.758
G7843,49.14,-0.314,0.484
G7844,40.62,0.308,0.513
G7845,47.02,0.259,0.568
G7846,212.54,-0.043,0.896
G7847,450.2,0.09,0.761
G7848,118.18,0.132,0.719
G7849,57.05,-0.065,0.88
G7850,622.47,0.177,0.533
G7851,328.21,0.332,0.282
G7852,80.04,-0.886,0.0263
G7853,25.91,-0.43,0.421
G7854,63.96,-0.137,0.744
G7855,23.66,0.656,0.232
G7856,13.77,0.082,0.9
G7857,17.82,0.871,0.146
G7858,131.82,-0.452,0.208
G7859,14.02,0.617,0.341
G7860,2.09,1.829,0.168
G7861,39.35,-0.174,0.714
G7862,1281.13,0.383,0.148
G7863,62.49,0.387,0.36
G7864,14.92,-0.28,0.659
G7865,9.04,0.528,0.483
G7866,306.56,0.417,0.181
G7867,437.9,0.224,0.45
G7868,24.34,-0.928,0.0882
G7869,10.91,0.586,0.405
G7870,65.79,-0.603,0.148
G7871,71.49,-0.527,0.198
G7872,128.46,0.173,0.632
G7873,19.62,0.876,0.132
G7874,9.17,-0.113,0.88
G7875,14.3,0.078,0.903
G7876,82.41,0.178,0.653
G7877,17.59,0.102,0.865
G7878,31.54,-0.199,0.693
G7879,165.7,-0.446,0.195
G7880,296.93,-0.229,0.464
G7881,331.01,0.135,0.661
G7882,173.43,0.114,0.739
G7883,8.54,-0.132,0.863
G7884,312.72,0.621,0.0455
G7885,86.46,0.637,0.104
G7886,13.23,0.163,0.805
G7887,126.26,-1.003,0.00565
G7888,22.96,0.346,0.532
G7889,20.87,0.731,0.2
G7890,0.79,-2.502,0.216
G7891,17.87,0.099,0.869
G7892,12.33,-0.18,0.79
G7893,13.7,0.023,0.972
G7894,400.1,0.281,0.349
G7895,263,0.497,0.119
G7896,1006.48,-0.599,0.0268
G7897,3.09,1.405,0.214
G7898,463.75,0.165,0.575
G7899,21.04,0.869,0.127
G7900,21.24,-0.352,0.535
G7901,139.79,0.692,0.0515
G7902,1152.42,-0.073,0.785
G7903,14.28,0.814,0.206
G7904,6.91,0.252,0.761
G7905,54.71,-0.047,0.914
G7906,8.57,-0.163,0.832
G7907,28.04,0.093,0.859
G7908,99.1,0.34,0.372
G7909,34.8,0.736,0.134
G7910,69.5,-0.091,0.825
G7911,136.21,-0.33,0.355
G7912,84.84,-0.049,0.901
G7913,1.14,1.378,0.423
G7914,124.96,-0.034,0.925
G7915,54.54,0.303,0.488
G7916,123.44,0.112,0.758
G7917,68.7,0.449,0.277
G7918,78.89,-0.064,0.873
G7919,205.48,0.196,0.554
G7920,27.81,0.925,0.0772
G7921,2550.04,0.018,0.943
G7922,52.67,0.069,0.876
G7923,34.84,-0.102,0.835
G7924,16.81,-0.028,0.963
G7925,314.13,-0.273,0.379
G7926,28.22,0.04,0.939
G7927,91.69,-0.099,0.798
G7928,631.79,0.027,0.924
G7929,189.82,-0.161,0.632
G7930,27.22,-0.086,0.87
G7931,750.87,-0.347,0.213
G7932,152.73,0.368,0.292
G7933,285.53,0.032,0.919
G7934,125.03,0.117,0.747
G7935,2.36,0.89,0.48
G7936,118.66,0.49,0.182
G7937,58.39,0.341,0.427
G7938,89,-0.052,0.894
G7939,119.23,-0.173,0.637
G7940,1659.72,-0.197,0.447
G7941,188.46,-0.003,0.993
G7942,1.11,0.039,0.982
G7943,101.38,0.036,0.924
G7944,64.13,1.332,0.00151
G7945,5.28,0.088,0.923
G7946,57.05,-0.91,0.0351
G7947,51.34,0.105,0.813
G7948,11.33,0.418,0.548
G7949,95.03,0.402,0.295
G7950,372.97,0.143,0.637
G7951,109.62,0.474,0.204
G7952,6.87,-0.302,0.716
G7953,15.86,-0.218,0.726
G7954,6.76,0.656,0.432
G7955,12.84,-1.123,0.092
G7956,28.04,0.242,0.643
G7957,86.61,-0.559,0.154
G7958,9.14,-0.979,0.191
G7959,112.95,0.315,0.395
G7960,34.03,-0.17,0.731
G7961,1.65,-1.825,0.213
G7962,6.06,0.985,0.258
G7963,175.09,0.26,0.446
G7964,141.13,0.054,0.879
G7965,1406.27,0.066,0.802
G7966,86.22,0.057,0.884
G7967,88.63,-0.143,0.714
G7968,22.27,-0.343,0.54
G7969,18.34,-0.433,0.466
G7970,94.02,0.267,0.488
G7971,29.41,0.798,0.121
G7972,243.58,-0.237,0.462
G7973,10.93,-0.929,0.187
G7974,6.7,1.417,0.0909
G7975,37.43,-0.458,0.342
G7976,2.48,-1.09,0.378
G7977,37.4,-0.062,0.898
G7978,337.14,-0.449,0.144
G7979,11.83,-0.024,0.972
G7980,14.14,0.127,0.844
G7981,212.02,0.287,0.384
G7982,40.99,-0.466,0.321
G7983,8.4,2.774,0.000327
G7984,640.8,-0.283,0.318
G7985,11.9,0.524,0.444
G7986,669.23,0.177,0.53
G7987,161.84,0.129,0.709
G7988,159.85,-0.114,0.742
G7989,12.71,0.379,0.571
G7990,276.52,0.443,0.161
G7991,55.53,-1.385,0.00144
G7992,121.24,0.308,0.399
G7993,8.21,1.821,0.0193
G7994,110.16,-1.326,0.00037
G7995,34.45,0.405,0.411
G7996,124.04,0.326,0.37
G7997,11.87,0.782,0.253
G7998,1672.89,-0.169,0.514
G7999,152.24,-0.193,0.581
G8000,8.52,0.894,0.244
