"chr","pos","stat","value"
"chr1",104738,"fst",0.0779
"chr1",209739,"fst",0.1013
"chr1",314739,"fst",0.1225
"chr1",419740,"fst",0.1076
"chr1",524741,"fst",0.1425
"chr1",629741,"fst",0.1474
"chr1",734742,"fst",0.1384
"chr1",839743,"fst",0.1833
"chr1",944743,"fst",0.1925
"chr1",1049744,"fst",0.1612
"chr1",1154745,"fst",0.1852
"chr1",1259745,"fst",0.1645
"chr1",1364746,"fst",0.1752
"chr1",1469747,"fst",0.1589
"chr1",1574747,"fst",0.145
"chr1",1679748,"fst",0.1297
"chr1",1784749,"fst",0.1666
"chr1",1889749,"fst",0.0999
"chr1",1994750,"fst",0.0566
"chr1",2099751,"fst",0.0418
"chr1",2204751,"fst",0.0283
"chr1",2309752,"fst",0.0305
"chr1",2414753,"fst",0.0194
"chr1",2519753,"fst",0
"chr1",2624754,"fst",0.0171
"chr1",2729755,"fst",0.0024
"chr1",2834755,"fst",0
"chr1",2939756,"fst",0.014
"chr1",3044757,"fst",0
"chr1",3149757,"fst",0
"chr1",3254758,"fst",0.04
"chr1",3359758,"fst",0.0093
"chr1",3464759,"fst",0
"chr1",3569760,"fst",0.0031
"chr1",3674760,"fst",0.0343
"chr1",3779761,"fst",0.0386
"chr1",3884762,"fst",0.0229
"chr1",3989762,"fst",0.0431
"chr1",4094763,"fst",0.0877
"chr1",4199764,"fst",0.0595
"chr1",4304764,"fst",0.0498
"chr1",4409765,"fst",0.0951
"chr1",4514766,"fst",0.0588
"chr1",4619766,"fst",0.0969
"chr1",4724767,"fst",0.101
"chr1",4829768,"fst",0.0667
"chr1",4934768,"fst",0.0367
"chr1",5039769,"fst",0.0747
"chr1",5144770,"fst",0.0895
"chr1",5249770,"fst",0.1005
"chr1",5354771,"fst",0.1371
"chr1",5459772,"fst",0.1388
"chr1",5564772,"fst",0.1136
"chr1",5669773,"fst",0.1233
"chr1",5774774,"fst",0.1764
"chr1",5879774,"fst",0.1668
"chr1",5984775,"fst",0.1841
"chr1",6089776,"fst",0.1251
"chr1",6194776,"fst",0.0996
"chr1",6299777,"fst",0.091
"chr1",6404778,"fst",0.0672
"chr1",6509778,"fst",0.0722
"chr1",6614779,"fst",0.0426
"chr1",6719779,"fst",0.0587
"chr1",6824780,"fst",0.0367
"chr1",6929781,"fst",0.0992
"chr1",7034781,"fst",0.104
"chr1",7139782,"fst",0.1546
"chr1",7244783,"fst",0.1381
"chr1",7349783,"fst",0.1711
"chr1",7454784,"fst",0.1897
"chr1",7559785,"fst",0.1687
"chr1",7664785,"fst",0.1501
"chr1",7769786,"fst",0.1775
"chr1",7874787,"fst",0.1707
"chr1",7979787,"fst",0.1685
"chr1",8084788,"fst",0.1291
"chr1",8189789,"fst",0.1081
"chr1",8294789,"fst",0.1603
"chr1",8399790,"fst",0.1583
"chr1",8504791,"fst",0.1536
"chr1",8609791,"fst",0.2174
"chr1",8714792,"fst",0.2452
"chr1",8819793,"fst",0.2755
"chr1",8924793,"fst",0.1684
"chr1",9029794,"fst",0.133
"chr1",9134795,"fst",0.1539
"chr1",9239795,"fst",0.1162
"chr1",9344796,"fst",0.0998
"chr1",9449797,"fst",0.1277
"chr1",9554797,"fst",0.1676
"chr1",9659798,"fst",0.1045
"chr1",9764799,"fst",0.0812
"chr1",9869799,"fst",0.0746
"chr1",9974800,"fst",0.0853
"chr1",10079800,"fst",0.0865
"chr1",10184801,"fst",0.1198
"chr1",10289802,"fst",0.0747
"chr1",10394802,"fst",0.1605
"chr1",10499803,"fst",0.1517
"chr1",10604804,"fst",0.1548
"chr1",10709804,"fst",0.1061
"chr1",10814805,"fst",0.1324
"chr1",10919806,"fst",0.1769
"chr1",11024806,"fst",0.1456
"chr1",11129807,"fst",0.1789
"chr1",11234808,"fst",0.1946
"chr1",11339808,"fst",0.2053
"chr1",11444809,"fst",0.1731
"chr1",11549810,"fst",0.1646
"chr1",11654810,"fst",0.2199
"chr1",11759811,"fst",0.225
"chr1",11864812,"fst",0.2119
"chr1",11969812,"fst",0.1981
"chr1",12074813,"fst",0.2046
"chr1",12179814,"fst",0.1494
"chr1",12284814,"fst",0.1814
"chr1",12389815,"fst",0.2369
"chr1",12494816,"fst",0.2494
"chr1",12599816,"fst",0.2243
"chr1",12704817,"fst",0.1436
"chr1",12809818,"fst",0.167
"chr1",12914818,"fst",0.1236
"chr1",13019819,"fst",0.1312
"chr1",13124820,"fst",0.1134
"chr1",13229820,"fst",0.1424
"chr1",13334821,"fst",0.1358
"chr1",13439821,"fst",0.0963
"chr1",13544822,"fst",0.1612
"chr1",13649823,"fst",0.1293
"chr1",13754823,"fst",0.0502
"chr1",13859824,"fst",0.0606
"chr1",13964825,"fst",0.0567
"chr1",14069825,"fst",0.0398
"chr1",14174826,"fst",0.1035
"chr1",14279827,"fst",0.1045
"chr1",14384827,"fst",0.1124
"chr1",14489828,"fst",0.1444
"chr1",14594829,"fst",0.1261
"chr1",14699829,"fst",0.0651
"chr1",14804830,"fst",0.0496
"chr1",14909831,"fst",0.0265
"chr1",15014831,"fst",0.0396
"chr1",15119832,"fst",0.0385
"chr1",15224833,"fst",0.1082
"chr1",15329833,"fst",0.076
"chr1",15434834,"fst",0.0649
"chr1",15539835,"fst",0.0283
"chr1",15644835,"fst",0.0539
"chr1",15749836,"fst",0.046
"chr1",15854837,"fst",0.0926
"chr1",15959837,"fst",0.0882
"chr1",16064838,"fst",0.109
"chr1",16169839,"fst",0.0737
"chr1",16274839,"fst",0.0682
"chr1",16379840,"fst",0.0434
"chr1",16484841,"fst",0.1078
"chr1",16589841,"fst",0.1571
"chr1",16694842,"fst",0.1205
"chr1",16799842,"fst",0.0622
"chr1",16904843,"fst",0.0307
"chr1",17009844,"fst",0.0637
"chr1",17114844,"fst",0.089
"chr1",17219845,"fst",0.0317
"chr1",17324846,"fst",0.048
"chr1",17429846,"fst",0.0735
"chr1",17534847,"fst",0.1043
"chr1",17639848,"fst",0.1238
"chr1",17744848,"fst",0.1216
"chr1",17849849,"fst",0.1037
"chr1",17954850,"fst",0.0886
"chr1",18059850,"fst",0.0727
"chr1",18164851,"fst",0.1089
"chr1",18269852,"fst",0.101
"chr1",18374852,"fst",0.0362
"chr1",18479853,"fst",0.0966
"chr1",18584854,"fst",0.1194
"chr1",18689854,"fst",0.15
"chr1",18794855,"fst",0.1487
"chr1",18899856,"fst",0.0995
"chr1",19004856,"fst",0.087
"chr1",19109857,"fst",0.0558
"chr1",19214858,"fst",0.0512
"chr1",19319858,"fst",0.0683
"chr1",19424859,"fst",0.098
"chr1",19529860,"fst",0.087
"chr1",19634860,"fst",0.0725
"chr1",19739861,"fst",0.0728
"chr1",19844862,"fst",0.0307
"chr1",19949862,"fst",0.0374
"chr1",20054863,"fst",0.0898
"chr1",20159863,"fst",0.0329
"chr1",20264864,"fst",0
"chr1",20369865,"fst",0
"chr1",20474865,"fst",0
"chr1",20579866,"fst",0
"chr1",20684867,"fst",0
"chr1",20789867,"fst",0
"chr1",20894868,"fst",0.0022
"chr1",20999869,"fst",0.0155
"chr1",21104869,"fst",0.024
"chr1",21209870,"fst",0.0349
"chr1",21314871,"fst",0.0995
"chr1",21419871,"fst",0.0852
"chr1",21524872,"fst",0.0776
"chr1",21629873,"fst",0.0574
"chr1",21734873,"fst",0.0562
"chr1",21839874,"fst",0.0601
"chr1",21944875,"fst",0.032
"chr1",22049875,"fst",0.0056
"chr1",22154876,"fst",0
"chr1",22259877,"fst",0
"chr1",22364877,"fst",0
"chr1",22469878,"fst",0
"chr1",22574879,"fst",0
"chr1",22679879,"fst",0.0427
"chr1",22784880,"fst",0.0085
"chr1",22889881,"fst",0.0606
"chr1",22994881,"fst",0.1017
"chr1",23099882,"fst",0.1562
"chr1",23204883,"fst",0.1579
"chr1",23309883,"fst",0.1676
"chr1",23414884,"fst",0.1696
"chr1",23519884,"fst",0.1601
"chr1",23624885,"fst",0.1185
"chr1",23729886,"fst",0.0727
"chr1",23834886,"fst",0.1097
"chr1",23939887,"fst",0.1556
"chr1",24044888,"fst",0.1067
"chr1",24149888,"fst",0.1857
"chr1",24254889,"fst",0.1367
"chr1",24359890,"fst",0.1375
"chr1",24464890,"fst",0.1034
"chr1",24569891,"fst",0.1128
"chr1",24674892,"fst",0.0823
"chr1",24779892,"fst",0.0889
"chr1",24884893,"fst",0.0868
"chr1",24989894,"fst",0.1233
"chr1",25094894,"fst",0.1113
"chr1",25199895,"fst",0.122
"chr1",25304896,"fst",0.0867
"chr1",25409896,"fst",0.1161
"chr1",25514897,"fst",0.1124
"chr1",25619898,"fst",0.087
"chr1",25724898,"fst",0.1157
"chr1",25829899,"fst",0.0708
"chr1",25934900,"fst",0.0804
"chr1",26039900,"fst",0.0661
"chr1",26144901,"fst",0.0747
"chr1",26249902,"fst",0.0724
"chr1",26354902,"fst",0.073
"chr1",26459903,"fst",0.0614
"chr1",26564904,"fst",0
"chr1",26669904,"fst",0
"chr1",26774905,"fst",0
"chr1",26879905,"fst",0
"chr1",26984906,"fst",0.0119
"chr1",27089907,"fst",0.0738
"chr1",27194907,"fst",0.0527
"chr1",27299908,"fst",0.1363
"chr1",27404909,"fst",0.1778
"chr1",27509909,"fst",0.1113
"chr1",27614910,"fst",0.092
"chr1",27719911,"fst",0.0699
"chr1",27824911,"fst",0
"chr1",27929912,"fst",0
"chr1",28034913,"fst",0
"chr1",28139913,"fst",0
"chr1",28244914,"fst",0
"chr1",28349915,"fst",0
"chr1",28454915,"fst",0.014
"chr1",28559916,"fst",0.0654
"chr1",28664917,"fst",0.0904
"chr1",28769917,"fst",0.0509
"chr1",28874918,"fst",0.1743
"chr1",28979919,"fst",0.1711
"chr1",29084919,"fst",0.1759
"chr1",29189920,"fst",0.185
"chr1",29294921,"fst",0.1793
"chr1",29399921,"fst",0.2397
"chr1",29504922,"fst",0.2186
"chr1",29609923,"fst",0.2249
"chr1",29714923,"fst",0.2954
"chr1",29819924,"fst",0.2919
"chr1",29924925,"fst",0.2542
"chr1",30029925,"fst",0.2827
"chr1",30134926,"fst",0.3245
"chr1",30239926,"fst",0.3307
"chr1",30344927,"fst",0.369
"chr1",30449928,"fst",0.3448
"chr1",30554928,"fst",0.2553
"chr1",30659929,"fst",0.2475
"chr1",30764930,"fst",0.2175
"chr1",30869930,"fst",0.195
"chr1",30974931,"fst",0.1902
"chr1",31079932,"fst",0.2122
"chr1",31184932,"fst",0.2288
"chr1",31289933,"fst",0.1569
"chr1",31394934,"fst",0.0935
"chr1",31499934,"fst",0.0744
"chr1",31604935,"fst",0.051
"chr1",31709936,"fst",0.0374
"chr1",31814936,"fst",0.0815
"chr1",31919937,"fst",0.0535
"chr1",32024938,"fst",0.0812
"chr1",32129938,"fst",0.0969
"chr1",32234939,"fst",0.0842
"chr1",32339940,"fst",0.0982
"chr1",32444940,"fst",0.1323
"chr1",32549941,"fst",0.1253
"chr1",32654942,"fst",0.1385
"chr1",32759942,"fst",0.1894
"chr1",32864943,"fst",0.1725
"chr1",32969944,"fst",0.192
"chr1",33074944,"fst",0.1795
"chr1",33179945,"fst",0.1888
"chr1",33284946,"fst",0.1921
"chr1",33389946,"fst",0.1492
"chr1",33494947,"fst",0.1518
"chr1",33599947,"fst",0.1929
"chr1",33704948,"fst",0.1959
"chr1",33809949,"fst",0.1658
"chr1",33914949,"fst",0.2227
"chr1",34019950,"fst",0.2668
"chr1",34124951,"fst",0.2481
"chr1",34229951,"fst",0.249
"chr1",34334952,"fst",0.2277
"chr1",34439953,"fst",0.2624
"chr1",34544953,"fst",0.3363
"chr1",34649954,"fst",0.3239
"chr1",34754955,"fst",0.2729
"chr1",34859955,"fst",0.3187
"chr1",34964956,"fst",0.2486
"chr1",35069957,"fst",0.2647
"chr1",35174957,"fst",0.2324
"chr1",35279958,"fst",0.1898
"chr1",35384959,"fst",0.2216
"chr1",35489959,"fst",0.2324
"chr1",35594960,"fst",0.2432
"chr1",35699961,"fst",0.2007
"chr1",35804961,"fst",0.2255
"chr1",35909962,"fst",0.2355
"chr1",36014963,"fst",0.1849
"chr1",36119963,"fst",0.1681
"chr1",36224964,"fst",0.1168
"chr1",36329965,"fst",0.1104
"chr1",36434965,"fst",0.1436
"chr1",36539966,"fst",0.1093
"chr1",36644967,"fst",0.1061
"chr1",36749967,"fst",0.1245
"chr1",36854968,"fst",0.1029
"chr1",36959968,"fst",0.0619
"chr1",37064969,"fst",0.0032
"chr1",37169970,"fst",0
"chr1",37274970,"fst",0.0246
"chr1",37379971,"fst",0
"chr1",37484972,"fst",0
"chr1",37589972,"fst",0
"chr1",37694973,"fst",0
"chr1",37799974,"fst",0
"chr1",37904974,"fst",0
"chr1",38009975,"fst",0.0336
"chr1",38114976,"fst",0.0064
"chr1",38219976,"fst",0
"chr1",38324977,"fst",0.002
"chr1",38429978,"fst",0
"chr1",38534978,"fst",0.04
"chr1",38639979,"fst",0.0139
"chr1",38744980,"fst",0.0358
"chr1",38849980,"fst",0.0345
"chr1",38954981,"fst",0.0945
"chr1",39059982,"fst",0.066
"chr1",39164982,"fst",0.0769
"chr1",39269983,"fst",0.0105
"chr1",39374984,"fst",0.0371
"chr1",39479984,"fst",0.0505
"chr1",39584985,"fst",0.0167
"chr1",39689986,"fst",0.0397
"chr1",39794986,"fst",0.0381
"chr1",39899987,"fst",0.0382
"chr1",40004988,"fst",0.0348
"chr1",40109988,"fst",0.0502
"chr1",40214989,"fst",0.0427
"chr1",40319989,"fst",0.0527
"chr1",40424990,"fst",0.0023
"chr1",40529991,"fst",0.0529
"chr1",40634991,"fst",0.0622
"chr1",40739992,"fst",0.0607
"chr1",40844993,"fst",0.0603
"chr1",40949993,"fst",0.1058
"chr1",41054994,"fst",0.0945
"chr1",41159995,"fst",0.1126
"chr1",41264995,"fst",0.098
"chr1",41369996,"fst",0.0544
"chr1",41474997,"fst",0.0779
"chr1",41579997,"fst",0.0682
"chr1",41684998,"fst",0.0836
"chr1",41789999,"fst",0.0847
"chr1",41894999,"fst",0.0734
"chr1",4.2e+07,"fst",0.0374
"chr1",104738,"pi",4.0094
"chr1",209739,"pi",4.3775
"chr1",314739,"pi",4.7102
"chr1",419740,"pi",4.4771
"chr1",524741,"pi",5.0257
"chr1",629741,"pi",5.1027
"chr1",734742,"pi",4.961
"chr1",839743,"pi",5.6661
"chr1",944743,"pi",5.8114
"chr1",1049744,"pi",5.3187
"chr1",1154745,"pi",5.6965
"chr1",1259745,"pi",5.3708
"chr1",1364746,"pi",5.5384
"chr1",1469747,"pi",5.2825
"chr1",1574747,"pi",5.065
"chr1",1679748,"pi",4.8238
"chr1",1784749,"pi",5.404
"chr1",1889749,"pi",4.3561
"chr1",1994750,"pi",3.6757
"chr1",2099751,"pi",3.4426
"chr1",2204751,"pi",3.2304
"chr1",2309752,"pi",3.2654
"chr1",2414753,"pi",3.091
"chr1",2519753,"pi",2.3636
"chr1",2624754,"pi",3.0547
"chr1",2729755,"pi",2.824
"chr1",2834755,"pi",2.339
"chr1",2939756,"pi",3.0055
"chr1",3044757,"pi",2.4406
"chr1",3149757,"pi",2.4914
"chr1",3254758,"pi",3.4136
"chr1",3359758,"pi",2.9323
"chr1",3464759,"pi",2.7382
"chr1",3569760,"pi",2.8345
"chr1",3674760,"pi",3.3243
"chr1",3779761,"pi",3.3915
"chr1",3884762,"pi",3.1453
"chr1",3989762,"pi",3.4626
"chr1",4094763,"pi",4.1631
"chr1",4199764,"pi",3.7213
"chr1",4304764,"pi",3.5678
"chr1",4409765,"pi",4.2802
"chr1",4514766,"pi",3.7102
"chr1",4619766,"pi",4.3082
"chr1",4724767,"pi",4.3733
"chr1",4829768,"pi",3.8343
"chr1",4934768,"pi",3.3624
"chr1",5039769,"pi",3.9601
"chr1",5144770,"pi",4.1918
"chr1",5249770,"pi",4.3649
"chr1",5354771,"pi",4.9409
"chr1",5459772,"pi",4.9664
"chr1",5564772,"pi",4.5707
"chr1",5669773,"pi",4.7233
"chr1",5774774,"pi",5.558
"chr1",5879774,"pi",5.4069
"chr1",5984775,"pi",5.678
"chr1",6089776,"pi",4.7519
"chr1",6194776,"pi",4.3509
"chr1",6299777,"pi",4.2163
"chr1",6404778,"pi",3.8412
"chr1",6509778,"pi",3.9209
"chr1",6614779,"pi",3.4547
"chr1",6719779,"pi",3.7082
"chr1",6824780,"pi",3.362
"chr1",6929781,"pi",4.3448
"chr1",7034781,"pi",4.4208
"chr1",7139782,"pi",5.215
"chr1",7244783,"pi",4.9566
"chr1",7349783,"pi",5.4749
"chr1",7454784,"pi",5.7674
"chr1",7559785,"pi",5.4366
"chr1",7664785,"pi",5.1446
"chr1",7769786,"pi",5.5747
"chr1",7874787,"pi",5.4677
"chr1",7979787,"pi",5.4336
"chr1",8084788,"pi",4.8146
"chr1",8189789,"pi",4.4844
"chr1",8294789,"pi",5.3043
"chr1",8399790,"pi",5.2729
"chr1",8504791,"pi",5.1993
"chr1",8609791,"pi",6.2019
"chr1",8714792,"pi",6.6387
"chr1",8819793,"pi",7.1153
"chr1",8924793,"pi",5.4313
"chr1",9029794,"pi",4.876
"chr1",9134795,"pi",5.2044
"chr1",9239795,"pi",4.6119
"chr1",9344796,"pi",4.3533
"chr1",9449797,"pi",4.7921
"chr1",9554797,"pi",5.4192
"chr1",9659798,"pi",4.428
"chr1",9764799,"pi",4.0612
"chr1",9869799,"pi",3.9579
"chr1",9974800,"pi",4.1259
"chr1",10079800,"pi",4.1447
"chr1",10184801,"pi",4.6684
"chr1",10289802,"pi",3.9596
"chr1",10394802,"pi",5.3076
"chr1",10499803,"pi",5.17
"chr1",10604804,"pi",5.2185
"chr1",10709804,"pi",4.4525
"chr1",10814805,"pi",4.8662
"chr1",10919806,"pi",5.5661
"chr1",11024806,"pi",5.0744
"chr1",11129807,"pi",5.5977
"chr1",11234808,"pi",5.8443
"chr1",11339808,"pi",6.0116
"chr1",11444809,"pi",5.5052
"chr1",11549810,"pi",5.3716
"chr1",11654810,"pi",6.2415
"chr1",11759811,"pi",6.3218
"chr1",11864812,"pi",6.1155
"chr1",11969812,"pi",5.8983
"chr1",12074813,"pi",6.0016
"chr1",12179814,"pi",5.1327
"chr1",12284814,"pi",5.6358
"chr1",12389815,"pi",6.5087
"chr1",12494816,"pi",6.7045
"chr1",12599816,"pi",6.3109
"chr1",12704817,"pi",5.0421
"chr1",12809818,"pi",5.4093
"chr1",12914818,"pi",4.7277
"chr1",13019819,"pi",4.8475
"chr1",13124820,"pi",4.5672
"chr1",13229820,"pi",5.0228
"chr1",13334821,"pi",4.9197
"chr1",13439821,"pi",4.2987
"chr1",13544822,"pi",5.3188
"chr1",13649823,"pi",4.8177
"chr1",13754823,"pi",3.5741
"chr1",13859824,"pi",3.7388
"chr1",13964825,"pi",3.6775
"chr1",14069825,"pi",3.4115
"chr1",14174826,"pi",4.4124
"chr1",14279827,"pi",4.4278
"chr1",14384827,"pi",4.552
"chr1",14489828,"pi",5.0544
"chr1",14594829,"pi",4.7669
"chr1",14699829,"pi",3.8095
"chr1",14804830,"pi",3.5651
"chr1",14909831,"pi",3.2018
"chr1",15014831,"pi",3.4087
"chr1",15119832,"pi",3.3905
"chr1",15224833,"pi",4.4855
"chr1",15329833,"pi",3.9795
"chr1",15434834,"pi",3.8058
"chr1",15539835,"pi",3.2297
"chr1",15644835,"pi",3.6334
"chr1",15749836,"pi",3.5082
"chr1",15854837,"pi",4.2407
"chr1",15959837,"pi",4.1718
"chr1",16064838,"pi",4.4986
"chr1",16169839,"pi",3.9435
"chr1",16274839,"pi",3.8576
"chr1",16379840,"pi",3.4669
"chr1",16484841,"pi",4.4793
"chr1",16589841,"pi",5.2539
"chr1",16694842,"pi",4.6793
"chr1",16799842,"pi",3.7627
"chr1",16904843,"pi",3.2683
"chr1",17009844,"pi",3.7872
"chr1",17114844,"pi",4.1843
"chr1",17219845,"pi",3.2843
"chr1",17324846,"pi",3.5398
"chr1",17429846,"pi",3.9402
"chr1",17534847,"pi",4.4254
"chr1",17639848,"pi",4.7312
"chr1",17744848,"pi",4.697
"chr1",17849849,"pi",4.4151
"chr1",17954850,"pi",4.1775
"chr1",18059850,"pi",3.9285
"chr1",18164851,"pi",4.4964
"chr1",18269852,"pi",4.3732
"chr1",18374852,"pi",3.355
"chr1",18479853,"pi",4.3045
"chr1",18584854,"pi",4.6621
"chr1",18689854,"pi",5.1432
"chr1",18794855,"pi",5.122
"chr1",18899856,"pi",4.3488
"chr1",19004856,"pi",4.1532
"chr1",19109857,"pi",3.6633
"chr1",19214858,"pi",3.5909
"chr1",19319858,"pi",3.8589
"chr1",19424859,"pi",4.326
"chr1",19529860,"pi",4.1528
"chr1",19634860,"pi",3.9246
"chr1",19739861,"pi",3.93
"chr1",19844862,"pi",3.2679
"chr1",19949862,"pi",3.3733
"chr1",20054863,"pi",4.1971
"chr1",20159863,"pi",3.3027
"chr1",20264864,"pi",2.7425
"chr1",20369865,"pi",1.6956
"chr1",20474865,"pi",1.4262
"chr1",20579866,"pi",2.3765
"chr1",20684867,"pi",2.2915
"chr1",20789867,"pi",2.7662
"chr1",20894868,"pi",2.821
"chr1",20999869,"pi",3.0296
"chr1",21104869,"pi",3.1622
"chr1",21209870,"pi",3.3349
"chr1",21314871,"pi",4.3488
"chr1",21419871,"pi",4.125
"chr1",21524872,"pi",4.0053
"chr1",21629873,"pi",3.6875
"chr1",21734873,"pi",3.6686
"chr1",21839874,"pi",3.7298
"chr1",21944875,"pi",3.2884
"chr1",22049875,"pi",2.8743
"chr1",22154876,"pi",2.5385
"chr1",22259877,"pi",2.2203
"chr1",22364877,"pi",2.5544
"chr1",22469878,"pi",2.7443
"chr1",22574879,"pi",2.6129
"chr1",22679879,"pi",3.4575
"chr1",22784880,"pi",2.919
"chr1",22889881,"pi",3.7376
"chr1",22994881,"pi",4.384
"chr1",23099882,"pi",5.2406
"chr1",23204883,"pi",5.2663
"chr1",23309883,"pi",5.4201
"chr1",23414884,"pi",5.4503
"chr1",23519884,"pi",5.3008
"chr1",23624885,"pi",4.6473
"chr1",23729886,"pi",3.9287
"chr1",23834886,"pi",4.5093
"chr1",23939887,"pi",5.2302
"chr1",24044888,"pi",4.4624
"chr1",24149888,"pi",5.7045
"chr1",24254889,"pi",4.9342
"chr1",24359890,"pi",4.9459
"chr1",24464890,"pi",4.4099
"chr1",24569891,"pi",4.5581
"chr1",24674892,"pi",4.079
"chr1",24779892,"pi",4.183
"chr1",24884893,"pi",4.1491
"chr1",24989894,"pi",4.7229
"chr1",25094894,"pi",4.5342
"chr1",25199895,"pi",4.7032
"chr1",25304896,"pi",4.1489
"chr1",25409896,"pi",4.6104
"chr1",25514897,"pi",4.5519
"chr1",25619898,"pi",4.1525
"chr1",25724898,"pi",4.6044
"chr1",25829899,"pi",3.8977
"chr1",25934900,"pi",4.0487
"chr1",26039900,"pi",3.8236
"chr1",26144901,"pi",3.9588
"chr1",26249902,"pi",3.9235
"chr1",26354902,"pi",3.9327
"chr1",26459903,"pi",3.7499
"chr1",26564904,"pi",2.4439
"chr1",26669904,"pi",2.2142
"chr1",26774905,"pi",2.4318
"chr1",26879905,"pi",2.7302
"chr1",26984906,"pi",2.9676
"chr1",27089907,"pi",3.9368
"chr1",27194907,"pi",3.601
"chr1",27299908,"pi",4.9099
"chr1",27404909,"pi",5.5538
"chr1",27509909,"pi",4.4956
"chr1",27614910,"pi",4.1769
"chr1",27719911,"pi",3.8077
"chr1",27824911,"pi",2.2736
"chr1",27929912,"pi",1.9057
"chr1",28034913,"pi",1.3062
"chr1",28139913,"pi",1.3498
"chr1",28244914,"pi",1.7942
"chr1",28349915,"pi",1.688
"chr1",28454915,"pi",2.4726
"chr1",28559916,"pi",3.1458
"chr1",28664917,"pi",3.381
"chr1",28769917,"pi",2.5808
"chr1",28874918,"pi",4.3176
"chr1",28979919,"pi",4.0428
"chr1",29084919,"pi",3.876
"chr1",29189920,"pi",3.7617
"chr1",29294921,"pi",3.4061
"chr1",29399921,"pi",4.0846
"chr1",29504922,"pi",3.488
"chr1",29609923,"pi",3.3348
"chr1",29714923,"pi",4.2096
"chr1",29819924,"pi",3.9517
"chr1",29924925,"pi",3.1934
"chr1",30029925,"pi",3.5161
"chr1",30134926,"pi",4.0967
"chr1",30239926,"pi",4.1676
"chr1",30344927,"pi",4.7953
"chr1",30449928,"pi",4.4926
"chr1",30554928,"pi",3.2101
"chr1",30659929,"pi",3.2541
"chr1",30764930,"pi",2.9866
"chr1",30869930,"pi",2.865
"chr1",30974931,"pi",3.0423
"chr1",31079932,"pi",3.6519
"chr1",31184932,"pi",4.1834
"chr1",31289933,"pi",3.3192
"chr1",31394934,"pi",2.5812
"chr1",31499934,"pi",2.5233
"chr1",31604935,"pi",2.3791
"chr1",31709936,"pi",2.3682
"chr1",31814936,"pi",3.2411
"chr1",31919937,"pi",2.9586
"chr1",32024938,"pi",3.5285
"chr1",32129938,"pi",3.8872
"chr1",32234939,"pi",3.7815
"chr1",32339940,"pi",4.0775
"chr1",32444940,"pi",4.6743
"chr1",32549941,"pi",4.6133
"chr1",32654942,"pi",4.8584
"chr1",32759942,"pi",5.6868
"chr1",32864943,"pi",5.4419
"chr1",32969944,"pi",5.7648
"chr1",33074944,"pi",5.58
"chr1",33179945,"pi",5.7341
"chr1",33284946,"pi",5.7912
"chr1",33389946,"pi",5.1212
"chr1",33494947,"pi",5.1658
"chr1",33599947,"pi",5.8127
"chr1",33704948,"pi",5.8612
"chr1",33809949,"pi",5.3895
"chr1",33914949,"pi",6.2845
"chr1",34019950,"pi",6.9784
"chr1",34124951,"pi",6.6842
"chr1",34229951,"pi",6.6989
"chr1",34334952,"pi",6.3636
"chr1",34439953,"pi",6.9091
"chr1",34544953,"pi",8
"chr1",34649954,"pi",7.8754
"chr1",34754955,"pi",7.074
"chr1",34859955,"pi",7.7936
"chr1",34964956,"pi",6.6915
"chr1",35069957,"pi",6.9449
"chr1",35174957,"pi",6.4378
"chr1",35279958,"pi",5.7681
"chr1",35384959,"pi",6.268
"chr1",35489959,"pi",6.4385
"chr1",35594960,"pi",6.6074
"chr1",35699961,"pi",5.9396
"chr1",35804961,"pi",6.329
"chr1",35909962,"pi",6.4868
"chr1",36014963,"pi",5.6913
"chr1",36119963,"pi",5.428
"chr1",36224964,"pi",4.6219
"chr1",36329965,"pi",4.5202
"chr1",36434965,"pi",5.0424
"chr1",36539966,"pi",4.5035
"chr1",36644967,"pi",4.4534
"chr1",36749967,"pi",4.7418
"chr1",36854968,"pi",4.4024
"chr1",36959968,"pi",3.7591
"chr1",37064969,"pi",2.8361
"chr1",37169970,"pi",1.8595
"chr1",37274970,"pi",3.1726
"chr1",37379971,"pi",2.6171
"chr1",37484972,"pi",2.465
"chr1",37589972,"pi",2.1974
"chr1",37694973,"pi",1.888
"chr1",37799974,"pi",2.1849
"chr1",37904974,"pi",2.1927
"chr1",38009975,"pi",3.3134
"chr1",38114976,"pi",2.8868
"chr1",38219976,"pi",2.6024
"chr1",38324977,"pi",2.8173
"chr1",38429978,"pi",2.3881
"chr1",38534978,"pi",3.4143
"chr1",38639979,"pi",3.0035
"chr1",38744980,"pi",3.3485
"chr1",38849980,"pi",3.3285
"chr1",38954981,"pi",4.2712
"chr1",39059982,"pi",3.8231
"chr1",39164982,"pi",3.9941
"chr1",39269983,"pi",2.9503
"chr1",39374984,"pi",3.368
"chr1",39479984,"pi",3.5793
"chr1",39584985,"pi",3.0475
"chr1",39689986,"pi",3.4097
"chr1",39794986,"pi",3.3848
"chr1",39899987,"pi",3.3854
"chr1",40004988,"pi",3.3329
"chr1",40109988,"pi",3.5747
"chr1",40214989,"pi",3.4571
"chr1",40319989,"pi",3.6138
"chr1",40424990,"pi",2.8222
"chr1",40529991,"pi",3.6165
"chr1",40634991,"pi",3.7638
"chr1",40739992,"pi",3.7397
"chr1",40844993,"pi",3.7328
"chr1",40949993,"pi",4.4484
"chr1",41054994,"pi",4.2712
"chr1",41159995,"pi",4.5544
"chr1",41264995,"pi",4.3252
"chr1",41369996,"pi",3.6413
"chr1",41474997,"pi",4.0099
"chr1",41579997,"pi",3.8568
"chr1",41684998,"pi",4.0999
"chr1",41789999,"pi",4.1173
"chr1",41894999,"pi",3.9398
"chr1",4.2e+07,"pi",3.3733
"chr1",104738,"tajima",-0.0753
"chr1",209739,"tajima",0.3597
"chr1",314739,"tajima",0.753
"chr1",419740,"tajima",0.4775
"chr1",524741,"tajima",1.1258
"chr1",629741,"tajima",1.2168
"chr1",734742,"tajima",1.0494
"chr1",839743,"tajima",1.8827
"chr1",944743,"tajima",2.0544
"chr1",1049744,"tajima",1.4721
"chr1",1154745,"tajima",1.9186
"chr1",1259745,"tajima",1.5336
"chr1",1364746,"tajima",1.7317
"chr1",1469747,"tajima",1.4294
"chr1",1574747,"tajima",1.1723
"chr1",1679748,"tajima",0.8872
"chr1",1784749,"tajima",1.5729
"chr1",1889749,"tajima",0.3345
"chr1",1994750,"tajima",-0.4696
"chr1",2099751,"tajima",-0.7451
"chr1",2204751,"tajima",-0.9958
"chr1",2309752,"tajima",-0.9546
"chr1",2414753,"tajima",-1.1606
"chr1",2519753,"tajima",-2.0203
"chr1",2624754,"tajima",-1.2035
"chr1",2729755,"tajima",-1.4762
"chr1",2834755,"tajima",-2.0494
"chr1",2939756,"tajima",-1.2617
"chr1",3044757,"tajima",-1.9293
"chr1",3149757,"tajima",-1.8692
"chr1",3254758,"tajima",-0.7794
"chr1",3359758,"tajima",-1.3482
"chr1",3464759,"tajima",-1.5776
"chr1",3569760,"tajima",-1.4637
"chr1",3674760,"tajima",-0.8849
"chr1",3779761,"tajima",-0.8054
"chr1",3884762,"tajima",-1.0965
"chr1",3989762,"tajima",-0.7215
"chr1",4094763,"tajima",0.1064
"chr1",4199764,"tajima",-0.4157
"chr1",4304764,"tajima",-0.5972
"chr1",4409765,"tajima",0.2447
"chr1",4514766,"tajima",-0.4289
"chr1",4619766,"tajima",0.2779
"chr1",4724767,"tajima",0.3548
"chr1",4829768,"tajima",-0.2822
"chr1",4934768,"tajima",-0.8399
"chr1",5039769,"tajima",-0.1336
"chr1",5144770,"tajima",0.1404
"chr1",5249770,"tajima",0.3448
"chr1",5354771,"tajima",1.0256
"chr1",5459772,"tajima",1.0557
"chr1",5564772,"tajima",0.5881
"chr1",5669773,"tajima",0.7684
"chr1",5774774,"tajima",1.7549
"chr1",5879774,"tajima",1.5764
"chr1",5984775,"tajima",1.8967
"chr1",6089776,"tajima",0.8023
"chr1",6194776,"tajima",0.3283
"chr1",6299777,"tajima",0.1693
"chr1",6404778,"tajima",-0.2741
"chr1",6509778,"tajima",-0.1798
"chr1",6614779,"tajima",-0.7309
"chr1",6719779,"tajima",-0.4312
"chr1",6824780,"tajima",-0.8404
"chr1",6929781,"tajima",0.3211
"chr1",7034781,"tajima",0.4109
"chr1",7139782,"tajima",1.3495
"chr1",7244783,"tajima",1.0441
"chr1",7349783,"tajima",1.6568
"chr1",7454784,"tajima",2.0024
"chr1",7559785,"tajima",1.6115
"chr1",7664785,"tajima",1.2663
"chr1",7769786,"tajima",1.7746
"chr1",7874787,"tajima",1.6482
"chr1",7979787,"tajima",1.6079
"chr1",8084788,"tajima",0.8763
"chr1",8189789,"tajima",0.4861
"chr1",8294789,"tajima",1.4551
"chr1",8399790,"tajima",1.4179
"chr1",8504791,"tajima",1.331
"chr1",8609791,"tajima",2.5159
"chr1",8714792,"tajima",3
"chr1",8819793,"tajima",3
"chr1",8924793,"tajima",1.6052
"chr1",9029794,"tajima",0.949
"chr1",9134795,"tajima",1.337
"chr1",9239795,"tajima",0.6367
"chr1",9344796,"tajima",0.3312
"chr1",9449797,"tajima",0.8497
"chr1",9554797,"tajima",1.5909
"chr1",9659798,"tajima",0.4194
"chr1",9764799,"tajima",-0.0141
"chr1",9869799,"tajima",-0.1362
"chr1",9974800,"tajima",0.0625
"chr1",10079800,"tajima",0.0846
"chr1",10184801,"tajima",0.7035
"chr1",10289802,"tajima",-0.1341
"chr1",10394802,"tajima",1.459
"chr1",10499803,"tajima",1.2963
"chr1",10604804,"tajima",1.3537
"chr1",10709804,"tajima",0.4484
"chr1",10814805,"tajima",0.9374
"chr1",10919806,"tajima",1.7645
"chr1",11024806,"tajima",1.1834
"chr1",11129807,"tajima",1.8018
"chr1",11234808,"tajima",2.0933
"chr1",11339808,"tajima",2.291
"chr1",11444809,"tajima",1.6925
"chr1",11549810,"tajima",1.5346
"chr1",11654810,"tajima",2.5627
"chr1",11759811,"tajima",2.6576
"chr1",11864812,"tajima",2.4137
"chr1",11969812,"tajima",2.1571
"chr1",12074813,"tajima",2.2792
"chr1",12179814,"tajima",1.2523
"chr1",12284814,"tajima",1.8469
"chr1",12389815,"tajima",2.8785
"chr1",12494816,"tajima",3
"chr1",12599816,"tajima",2.6447
"chr1",12704817,"tajima",1.1452
"chr1",12809818,"tajima",1.5792
"chr1",12914818,"tajima",0.7737
"chr1",13019819,"tajima",0.9152
"chr1",13124820,"tajima",0.584
"chr1",13229820,"tajima",1.1224
"chr1",13334821,"tajima",1.0005
"chr1",13439821,"tajima",0.2666
"chr1",13544822,"tajima",1.4722
"chr1",13649823,"tajima",0.88
"chr1",13754823,"tajima",-0.5897
"chr1",13859824,"tajima",-0.3951
"chr1",13964825,"tajima",-0.4675
"chr1",14069825,"tajima",-0.7818
"chr1",14174826,"tajima",0.4011
"chr1",14279827,"tajima",0.4193
"chr1",14384827,"tajima",0.566
"chr1",14489828,"tajima",1.1597
"chr1",14594829,"tajima",0.82
"chr1",14699829,"tajima",-0.3115
"chr1",14804830,"tajima",-0.6003
"chr1",14909831,"tajima",-1.0297
"chr1",15014831,"tajima",-0.7852
"chr1",15119832,"tajima",-0.8067
"chr1",15224833,"tajima",0.4874
"chr1",15329833,"tajima",-0.1105
"chr1",15434834,"tajima",-0.3159
"chr1",15539835,"tajima",-0.9967
"chr1",15644835,"tajima",-0.5196
"chr1",15749836,"tajima",-0.6676
"chr1",15854837,"tajima",0.1981
"chr1",15959837,"tajima",0.1166
"chr1",16064838,"tajima",0.5029
"chr1",16169839,"tajima",-0.1531
"chr1",16274839,"tajima",-0.2546
"chr1",16379840,"tajima",-0.7163
"chr1",16484841,"tajima",0.4801
"chr1",16589841,"tajima",1.3955
"chr1",16694842,"tajima",0.7164
"chr1",16799842,"tajima",-0.3668
"chr1",16904843,"tajima",-0.9511
"chr1",17009844,"tajima",-0.3379
"chr1",17114844,"tajima",0.1315
"chr1",17219845,"tajima",-0.9322
"chr1",17324846,"tajima",-0.6302
"chr1",17429846,"tajima",-0.1571
"chr1",17534847,"tajima",0.4164
"chr1",17639848,"tajima",0.7778
"chr1",17744848,"tajima",0.7374
"chr1",17849849,"tajima",0.4042
"chr1",17954850,"tajima",0.1235
"chr1",18059850,"tajima",-0.1708
"chr1",18164851,"tajima",0.5003
"chr1",18269852,"tajima",0.3547
"chr1",18374852,"tajima",-0.8487
"chr1",18479853,"tajima",0.2735
"chr1",18584854,"tajima",0.6961
"chr1",18689854,"tajima",1.2646
"chr1",18794855,"tajima",1.2396
"chr1",18899856,"tajima",0.3259
"chr1",19004856,"tajima",0.0947
"chr1",19109857,"tajima",-0.4842
"chr1",19214858,"tajima",-0.5699
"chr1",19319858,"tajima",-0.2532
"chr1",19424859,"tajima",0.2989
"chr1",19529860,"tajima",0.0942
"chr1",19634860,"tajima",-0.1755
"chr1",19739861,"tajima",-0.1691
"chr1",19844862,"tajima",-0.9516
"chr1",19949862,"tajima",-0.827
"chr1",20054863,"tajima",0.1466
"chr1",20159863,"tajima",-0.9104
"chr1",20264864,"tajima",-1.5725
"chr1",20369865,"tajima",-2.8098
"chr1",20474865,"tajima",-3.1282
"chr1",20579866,"tajima",-2.0051
"chr1",20684867,"tajima",-2.1055
"chr1",20789867,"tajima",-1.5445
"chr1",20894868,"tajima",-1.4798
"chr1",20999869,"tajima",-1.2332
"chr1",21104869,"tajima",-1.0765
"chr1",21209870,"tajima",-0.8724
"chr1",21314871,"tajima",0.3259
"chr1",21419871,"tajima",0.0613
"chr1",21524872,"tajima",-0.0801
"chr1",21629873,"tajima",-0.4557
"chr1",21734873,"tajima",-0.478
"chr1",21839874,"tajima",-0.4057
"chr1",21944875,"tajima",-0.9274
"chr1",22049875,"tajima",-1.4167
"chr1",22154876,"tajima",-1.8136
"chr1",22259877,"tajima",-2.1897
"chr1",22364877,"tajima",-1.7948
"chr1",22469878,"tajima",-1.5704
"chr1",22574879,"tajima",-1.7257
"chr1",22679879,"tajima",-0.7276
"chr1",22784880,"tajima",-1.3639
"chr1",22889881,"tajima",-0.3964
"chr1",22994881,"tajima",0.3674
"chr1",23099882,"tajima",1.3798
"chr1",23204883,"tajima",1.4101
"chr1",23309883,"tajima",1.5919
"chr1",23414884,"tajima",1.6276
"chr1",23519884,"tajima",1.451
"chr1",23624885,"tajima",0.6786
"chr1",23729886,"tajima",-0.1706
"chr1",23834886,"tajima",0.5155
"chr1",23939887,"tajima",1.3675
"chr1",24044888,"tajima",0.4601
"chr1",24149888,"tajima",1.9281
"chr1",24254889,"tajima",1.0177
"chr1",24359890,"tajima",1.0315
"chr1",24464890,"tajima",0.3981
"chr1",24569891,"tajima",0.5732
"chr1",24674892,"tajima",0.0071
"chr1",24779892,"tajima",0.1299
"chr1",24884893,"tajima",0.0898
"chr1",24989894,"tajima",0.768
"chr1",25094894,"tajima",0.545
"chr1",25199895,"tajima",0.7447
"chr1",25304896,"tajima",0.0896
"chr1",25409896,"tajima",0.635
"chr1",25514897,"tajima",0.5659
"chr1",25619898,"tajima",0.0938
"chr1",25724898,"tajima",0.6279
"chr1",25829899,"tajima",-0.2072
"chr1",25934900,"tajima",-0.0289
"chr1",26039900,"tajima",-0.2949
"chr1",26144901,"tajima",-0.1351
"chr1",26249902,"tajima",-0.1768
"chr1",26354902,"tajima",-0.1659
"chr1",26459903,"tajima",-0.382
"chr1",26564904,"tajima",-1.9253
"chr1",26669904,"tajima",-2.1968
"chr1",26774905,"tajima",-1.9397
"chr1",26879905,"tajima",-1.587
"chr1",26984906,"tajima",-1.3064
"chr1",27089907,"tajima",-0.1609
"chr1",27194907,"tajima",-0.5578
"chr1",27299908,"tajima",0.9892
"chr1",27404909,"tajima",1.7502
"chr1",27509909,"tajima",0.4998
"chr1",27614910,"tajima",0.1232
"chr1",27719911,"tajima",-0.3129
"chr1",27824911,"tajima",-2.1257
"chr1",27929912,"tajima",-2.5601
"chr1",28034913,"tajima",-3.2
"chr1",28139913,"tajima",-3.2
"chr1",28244914,"tajima",-2.6901
"chr1",28349915,"tajima",-2.8147
"chr1",28454915,"tajima",-1.8864
"chr1",28559916,"tajima",-1.0896
"chr1",28664917,"tajima",-0.81
"chr1",28769917,"tajima",-1.754
"chr1",28874918,"tajima",0.3004
"chr1",28979919,"tajima",-0.0221
"chr1",29084919,"tajima",-0.217
"chr1",29189920,"tajima",-0.3496
"chr1",29294921,"tajima",-0.7673
"chr1",29399921,"tajima",0.0371
"chr1",29504922,"tajima",-0.6654
"chr1",29609923,"tajima",-0.8441
"chr1",29714923,"tajima",0.1921
"chr1",29819924,"tajima",-0.1109
"chr1",29924925,"tajima",-1.0054
"chr1",30029925,"tajima",-0.6228
"chr1",30134926,"tajima",0.0641
"chr1",30239926,"tajima",0.1481
"chr1",30344927,"tajima",0.8897
"chr1",30449928,"tajima",0.5312
"chr1",30554928,"tajima",-0.9857
"chr1",30659929,"tajima",-0.9353
"chr1",30764930,"tajima",-1.2533
"chr1",30869930,"tajima",-1.3992
"chr1",30974931,"tajima",-1.1922
"chr1",31079932,"tajima",-0.4743
"chr1",31184932,"tajima",0.1513
"chr1",31289933,"tajima",-0.8725
"chr1",31394934,"tajima",-1.7472
"chr1",31499934,"tajima",-1.8179
"chr1",31604935,"tajima",-1.9904
"chr1",31709936,"tajima",-2.0052
"chr1",31814936,"tajima",-0.9754
"chr1",31919937,"tajima",-1.3108
"chr1",32024938,"tajima",-0.6385
"chr1",32129938,"tajima",-0.2156
"chr1",32234939,"tajima",-0.3415
"chr1",32339940,"tajima",0.0076
"chr1",32444940,"tajima",0.7123
"chr1",32549941,"tajima",0.6398
"chr1",32654942,"tajima",0.9291
"chr1",32759942,"tajima",1.9078
"chr1",32864943,"tajima",1.6182
"chr1",32969944,"tajima",1.9997
"chr1",33074944,"tajima",1.7812
"chr1",33179945,"tajima",1.9632
"chr1",33284946,"tajima",2.0307
"chr1",33389946,"tajima",1.2387
"chr1",33494947,"tajima",1.2914
"chr1",33599947,"tajima",2.0559
"chr1",33704948,"tajima",2.1133
"chr1",33809949,"tajima",1.5558
"chr1",33914949,"tajima",2.6136
"chr1",34019950,"tajima",3
"chr1",34124951,"tajima",3
"chr1",34229951,"tajima",3
"chr1",34334952,"tajima",2.707
"chr1",34439953,"tajima",3
"chr1",34544953,"tajima",3
"chr1",34649954,"tajima",3
"chr1",34754955,"tajima",3
"chr1",34859955,"tajima",3
"chr1",34964956,"tajima",3
"chr1",35069957,"tajima",3
"chr1",35174957,"tajima",2.7947
"chr1",35279958,"tajima",2.0032
"chr1",35384959,"tajima",2.594
"chr1",35489959,"tajima",2.7955
"chr1",35594960,"tajima",2.9951
"chr1",35699961,"tajima",2.2059
"chr1",35804961,"tajima",2.6661
"chr1",35909962,"tajima",2.8525
"chr1",36014963,"tajima",1.9125
"chr1",36119963,"tajima",1.6013
"chr1",36224964,"tajima",0.6486
"chr1",36329965,"tajima",0.5284
"chr1",36434965,"tajima",1.1455
"chr1",36539966,"tajima",0.5087
"chr1",36644967,"tajima",0.4495
"chr1",36749967,"tajima",0.7903
"chr1",36854968,"tajima",0.3892
"chr1",36959968,"tajima",-0.3711
"chr1",37064969,"tajima",-1.4619
"chr1",37169970,"tajima",-2.616
"chr1",37274970,"tajima",-1.0642
"chr1",37379971,"tajima",-1.7207
"chr1",37484972,"tajima",-1.9005
"chr1",37589972,"tajima",-2.2167
"chr1",37694973,"tajima",-2.5824
"chr1",37799974,"tajima",-2.2315
"chr1",37904974,"tajima",-2.2223
"chr1",38009975,"tajima",-0.8978
"chr1",38114976,"tajima",-1.402
"chr1",38219976,"tajima",-1.7381
"chr1",38324977,"tajima",-1.4841
"chr1",38429978,"tajima",-1.9913
"chr1",38534978,"tajima",-0.7786
"chr1",38639979,"tajima",-1.264
"chr1",38744980,"tajima",-0.8563
"chr1",38849980,"tajima",-0.8799
"chr1",38954981,"tajima",0.2341
"chr1",39059982,"tajima",-0.2955
"chr1",39164982,"tajima",-0.0933
"chr1",39269983,"tajima",-1.3269
"chr1",39374984,"tajima",-0.8333
"chr1",39479984,"tajima",-0.5836
"chr1",39584985,"tajima",-1.212
"chr1",39689986,"tajima",-0.784
"chr1",39794986,"tajima",-0.8134
"chr1",39899987,"tajima",-0.8127
"chr1",40004988,"tajima",-0.8748
"chr1",40109988,"tajima",-0.589
"chr1",40214989,"tajima",-0.728
"chr1",40319989,"tajima",-0.5427
"chr1",40424990,"tajima",-1.4783
"chr1",40529991,"tajima",-0.5395
"chr1",40634991,"tajima",-0.3656
"chr1",40739992,"tajima",-0.394
"chr1",40844993,"tajima",-0.4021
"chr1",40949993,"tajima",0.4436
"chr1",41054994,"tajima",0.2342
"chr1",41159995,"tajima",0.5688
"chr1",41264995,"tajima",0.298
"chr1",41369996,"tajima",-0.5103
"chr1",41474997,"tajima",-0.0746
"chr1",41579997,"tajima",-0.2556
"chr1",41684998,"tajima",0.0317
"chr1",41789999,"tajima",0.0523
"chr1",41894999,"tajima",-0.1575
"chr1",4.2e+07,"tajima",-0.827
"chr2",89776,"fst",0.1056
"chr2",179776,"fst",0.0917
"chr2",269777,"fst",0.0979
"chr2",359777,"fst",0.1822
"chr2",449778,"fst",0.1655
"chr2",539778,"fst",0.1429
"chr2",629779,"fst",0.1639
"chr2",719779,"fst",0.1659
"chr2",809780,"fst",0.1625
"chr2",899781,"fst",0.0655
"chr2",989781,"fst",0.0979
"chr2",1079782,"fst",0.0842
"chr2",1169782,"fst",0.0775
"chr2",1259783,"fst",0.0968
"chr2",1349783,"fst",0.0444
"chr2",1439784,"fst",0.0019
"chr2",1529785,"fst",0.0876
"chr2",1619785,"fst",0.1542
"chr2",1709786,"fst",0.152
"chr2",1799786,"fst",0.14
"chr2",1889787,"fst",0.0629
"chr2",1979787,"fst",0.0192
"chr2",2069788,"fst",0.0187
"chr2",2159788,"fst",0.0875
"chr2",2249789,"fst",0.1631
"chr2",2339790,"fst",0.1314
"chr2",2429790,"fst",0.1401
"chr2",2519791,"fst",0.0997
"chr2",2609791,"fst",0.1073
"chr2",2699792,"fst",0.1756
"chr2",2789792,"fst",0.2086
"chr2",2879793,"fst",0.1557
"chr2",2969794,"fst",0.1202
"chr2",3059794,"fst",0.124
"chr2",3149795,"fst",0.0704
"chr2",3239795,"fst",0.0947
"chr2",3329796,"fst",0.0608
"chr2",3419796,"fst",0.076
"chr2",3509797,"fst",0.1178
"chr2",3599797,"fst",0.1277
"chr2",3689798,"fst",0.1606
"chr2",3779799,"fst",0.1154
"chr2",3869799,"fst",0.1569
"chr2",3959800,"fst",0.2227
"chr2",4049800,"fst",0.2539
"chr2",4139801,"fst",0.2112
"chr2",4229801,"fst",0.1902
"chr2",4319802,"fst",0.1439
"chr2",4409803,"fst",0.0842
"chr2",4499803,"fst",0.0774
"chr2",4589804,"fst",0.1745
"chr2",4679804,"fst",0.1843
"chr2",4769805,"fst",0.2192
"chr2",4859805,"fst",0.2072
"chr2",4949806,"fst",0.1793
"chr2",5039806,"fst",0.1909
"chr2",5129807,"fst",0.0918
"chr2",5219808,"fst",0.0835
"chr2",5309808,"fst",0.0486
"chr2",5399809,"fst",0.0987
"chr2",5489809,"fst",0.04
"chr2",5579810,"fst",0.0015
"chr2",5669810,"fst",0.0257
"chr2",5759811,"fst",0.0565
"chr2",5849812,"fst",0
"chr2",5939812,"fst",0
"chr2",6029813,"fst",0
"chr2",6119813,"fst",0
"chr2",6209814,"fst",0
"chr2",6299814,"fst",0
"chr2",6389815,"fst",0.0207
"chr2",6479815,"fst",0.0425
"chr2",6569816,"fst",0.053
"chr2",6659817,"fst",0.0342
"chr2",6749817,"fst",0.0488
"chr2",6839818,"fst",0.0665
"chr2",6929818,"fst",0.1155
"chr2",7019819,"fst",0.0952
"chr2",7109819,"fst",0.0722
"chr2",7199820,"fst",0.0558
"chr2",7289821,"fst",0.0774
"chr2",7379821,"fst",0.0653
"chr2",7469822,"fst",0.0532
"chr2",7559822,"fst",0.0103
"chr2",7649823,"fst",0.0192
"chr2",7739823,"fst",0.0409
"chr2",7829824,"fst",0.0392
"chr2",7919824,"fst",0.0246
"chr2",8009825,"fst",0.0619
"chr2",8099826,"fst",0.0679
"chr2",8189826,"fst",0.0895
"chr2",8279827,"fst",0.0434
"chr2",8369827,"fst",0.0197
"chr2",8459828,"fst",0.0318
"chr2",8549828,"fst",0.0211
"chr2",8639829,"fst",0.0127
"chr2",8729830,"fst",0.0186
"chr2",8819830,"fst",0.0608
"chr2",8909831,"fst",0.094
"chr2",8999831,"fst",0.0983
"chr2",9089832,"fst",0.098
"chr2",9179832,"fst",0.1079
"chr2",9269833,"fst",0.1607
"chr2",9359833,"fst",0.2071
"chr2",9449834,"fst",0.1706
"chr2",9539835,"fst",0.1952
"chr2",9629835,"fst",0.1979
"chr2",9719836,"fst",0.1773
"chr2",9809836,"fst",0.2015
"chr2",9899837,"fst",0.1904
"chr2",9989837,"fst",0.1843
"chr2",10079838,"fst",0.2668
"chr2",10169839,"fst",0.2627
"chr2",10259839,"fst",0.2843
"chr2",10349840,"fst",0.2051
"chr2",10439840,"fst",0.1551
"chr2",10529841,"fst",0.1504
"chr2",10619841,"fst",0.1658
"chr2",10709842,"fst",0.1884
"chr2",10799842,"fst",0.1905
"chr2",10889843,"fst",0.2055
"chr2",10979844,"fst",0.1948
"chr2",11069844,"fst",0.1871
"chr2",11159845,"fst",0.1062
"chr2",11249845,"fst",0.1134
"chr2",11339846,"fst",0.0813
"chr2",11429846,"fst",0.0775
"chr2",11519847,"fst",0.0899
"chr2",11609848,"fst",0.0841
"chr2",11699848,"fst",0.127
"chr2",11789849,"fst",0.108
"chr2",11879849,"fst",0.0939
"chr2",11969850,"fst",0.099
"chr2",12059850,"fst",0.0965
"chr2",12149851,"fst",0.097
"chr2",12239851,"fst",0.1014
"chr2",12329852,"fst",0.071
"chr2",12419853,"fst",0.0699
"chr2",12509853,"fst",0.0251
"chr2",12599854,"fst",0
"chr2",12689854,"fst",0.0147
"chr2",12779855,"fst",0.0462
"chr2",12869855,"fst",0.0981
"chr2",12959856,"fst",0.0949
"chr2",13049857,"fst",0.0599
"chr2",13139857,"fst",0.0548
"chr2",13229858,"fst",0.1273
"chr2",13319858,"fst",0.1028
"chr2",13409859,"fst",0.2076
"chr2",13499859,"fst",0.2083
"chr2",13589860,"fst",0.2494
"chr2",13679860,"fst",0.2434
"chr2",13769861,"fst",0.188
"chr2",13859862,"fst",0.1996
"chr2",13949862,"fst",0.1697
"chr2",14039863,"fst",0.155
"chr2",14129863,"fst",0.134
"chr2",14219864,"fst",0.0913
"chr2",14309864,"fst",0.1777
"chr2",14399865,"fst",0.1499
"chr2",14489866,"fst",0.0891
"chr2",14579866,"fst",0.1116
"chr2",14669867,"fst",0.0734
"chr2",14759867,"fst",0.0968
"chr2",14849868,"fst",0.1536
"chr2",14939868,"fst",0.1317
"chr2",15029869,"fst",0.1357
"chr2",15119869,"fst",0.1421
"chr2",15209870,"fst",0.1485
"chr2",15299871,"fst",0.0958
"chr2",15389871,"fst",0.1181
"chr2",15479872,"fst",0.1117
"chr2",15569872,"fst",0.1466
"chr2",15659873,"fst",0.1165
"chr2",15749873,"fst",0.1644
"chr2",15839874,"fst",0.1386
"chr2",15929875,"fst",0.1332
"chr2",16019875,"fst",0.0848
"chr2",16109876,"fst",0.0913
"chr2",16199876,"fst",0.0849
"chr2",16289877,"fst",0.0603
"chr2",16379877,"fst",0.0382
"chr2",16469878,"fst",0.1207
"chr2",16559878,"fst",0.0904
"chr2",16649879,"fst",0.0616
"chr2",16739880,"fst",0.085
"chr2",16829880,"fst",0.0718
"chr2",16919881,"fst",0.0889
"chr2",17009881,"fst",0.0885
"chr2",17099882,"fst",0.1668
"chr2",17189882,"fst",0.1589
"chr2",17279883,"fst",0.0902
"chr2",17369884,"fst",0.1228
"chr2",17459884,"fst",0.1478
"chr2",17549885,"fst",0.1362
"chr2",17639885,"fst",0.1384
"chr2",17729886,"fst",0.128
"chr2",17819886,"fst",0.1205
"chr2",17909887,"fst",0.0888
"chr2",17999887,"fst",0.1077
"chr2",18089888,"fst",0.17
"chr2",18179889,"fst",0.1435
"chr2",18269889,"fst",0.0757
"chr2",18359890,"fst",0.0402
"chr2",18449890,"fst",0.0941
"chr2",18539891,"fst",0.1322
"chr2",18629891,"fst",0.1098
"chr2",18719892,"fst",0.105
"chr2",18809893,"fst",0.0631
"chr2",18899893,"fst",0.1011
"chr2",18989894,"fst",0.059
"chr2",19079894,"fst",0.0341
"chr2",19169895,"fst",0.0747
"chr2",19259895,"fst",0.0941
"chr2",19349896,"fst",0.1334
"chr2",19439896,"fst",0.1403
"chr2",19529897,"fst",0.1541
"chr2",19619898,"fst",0.1387
"chr2",19709898,"fst",0.0958
"chr2",19799899,"fst",0.0931
"chr2",19889899,"fst",0.0821
"chr2",19979900,"fst",0.0737
"chr2",20069900,"fst",0.0397
"chr2",20159901,"fst",0.0271
"chr2",20249902,"fst",0.0082
"chr2",20339902,"fst",0.1169
"chr2",20429903,"fst",0.1041
"chr2",20519903,"fst",0.147
"chr2",20609904,"fst",0.1568
"chr2",20699904,"fst",0.1413
"chr2",20789905,"fst",0.1536
"chr2",20879905,"fst",0.1636
"chr2",20969906,"fst",0.1278
"chr2",21059907,"fst",0.2029
"chr2",21149907,"fst",0.2089
"chr2",21239908,"fst",0.2513
"chr2",21329908,"fst",0.1831
"chr2",21419909,"fst",0.1467
"chr2",21509909,"fst",0.1376
"chr2",21599910,"fst",0.0758
"chr2",21689911,"fst",0.073
"chr2",21779911,"fst",0.0285
"chr2",21869912,"fst",0.0502
"chr2",21959912,"fst",0.1538
"chr2",22049913,"fst",0.086
"chr2",22139913,"fst",0.0841
"chr2",22229914,"fst",0.0196
"chr2",22319914,"fst",0.0873
"chr2",22409915,"fst",0.0721
"chr2",22499916,"fst",0.1212
"chr2",22589916,"fst",0.0744
"chr2",22679917,"fst",0.086
"chr2",22769917,"fst",0.1188
"chr2",22859918,"fst",0.1693
"chr2",22949918,"fst",0.1615
"chr2",23039919,"fst",0.1929
"chr2",23129920,"fst",0.1946
"chr2",23219920,"fst",0.2154
"chr2",23309921,"fst",0.235
"chr2",23399921,"fst",0.176
"chr2",23489922,"fst",0.1896
"chr2",23579922,"fst",0.1916
"chr2",23669923,"fst",0.1984
"chr2",23759923,"fst",0.1872
"chr2",23849924,"fst",0.1224
"chr2",23939925,"fst",0.1381
"chr2",24029925,"fst",0.1106
"chr2",24119926,"fst",0.0845
"chr2",24209926,"fst",0.1164
"chr2",24299927,"fst",0.0962
"chr2",24389927,"fst",0.1301
"chr2",24479928,"fst",0.1534
"chr2",24569929,"fst",0.175
"chr2",24659929,"fst",0.2048
"chr2",24749930,"fst",0.1597
"chr2",24839930,"fst",0.1388
"chr2",24929931,"fst",0.1197
"chr2",25019931,"fst",0.1867
"chr2",25109932,"fst",0.1882
"chr2",25199932,"fst",0.1802
"chr2",25289933,"fst",0.2189
"chr2",25379934,"fst",0.2053
"chr2",25469934,"fst",0.2539
"chr2",25559935,"fst",0.218
"chr2",25649935,"fst",0.2347
"chr2",25739936,"fst",0.3123
"chr2",25829936,"fst",0.3027
"chr2",25919937,"fst",0.3022
"chr2",26009938,"fst",0.3094
"chr2",26099938,"fst",0.2547
"chr2",26189939,"fst",0.202
"chr2",26279939,"fst",0.2132
"chr2",26369940,"fst",0.1544
"chr2",26459940,"fst",0.1072
"chr2",26549941,"fst",0.1569
"chr2",26639941,"fst",0.1351
"chr2",26729942,"fst",0.106
"chr2",26819943,"fst",0.0956
"chr2",26909943,"fst",0.1108
"chr2",26999944,"fst",0.1493
"chr2",27089944,"fst",0.1178
"chr2",27179945,"fst",0.1054
"chr2",27269945,"fst",0.1095
"chr2",27359946,"fst",0.1147
"chr2",27449947,"fst",0.1039
"chr2",27539947,"fst",0.0778
"chr2",27629948,"fst",0.112
"chr2",27719948,"fst",0.1189
"chr2",27809949,"fst",0.1373
"chr2",27899949,"fst",0.0851
"chr2",27989950,"fst",0.0451
"chr2",28079950,"fst",0.0863
"chr2",28169951,"fst",0.094
"chr2",28259952,"fst",0.092
"chr2",28349952,"fst",0.078
"chr2",28439953,"fst",0.1081
"chr2",28529953,"fst",0.1242
"chr2",28619954,"fst",0.1
"chr2",28709954,"fst",0.0992
"chr2",28799955,"fst",0.1434
"chr2",28889956,"fst",0.1309
"chr2",28979956,"fst",0.1127
"chr2",29069957,"fst",0.1344
"chr2",29159957,"fst",0.056
"chr2",29249958,"fst",0.1177
"chr2",29339958,"fst",0.029
"chr2",29429959,"fst",0
"chr2",29519959,"fst",0
"chr2",29609960,"fst",0
"chr2",29699961,"fst",0.0498
"chr2",29789961,"fst",0.0207
"chr2",29879962,"fst",0.033
"chr2",29969962,"fst",0.0488
"chr2",30059963,"fst",0.0568
"chr2",30149963,"fst",0.013
"chr2",30239964,"fst",0.0435
"chr2",30329965,"fst",0.057
"chr2",30419965,"fst",0.0355
"chr2",30509966,"fst",0.0416
"chr2",30599966,"fst",0.0305
"chr2",30689967,"fst",0.0464
"chr2",30779967,"fst",0.0488
"chr2",30869968,"fst",8e-04
"chr2",30959968,"fst",0.0192
"chr2",31049969,"fst",0.0085
"chr2",31139970,"fst",0.0112
"chr2",31229970,"fst",0.0536
"chr2",31319971,"fst",0.0745
"chr2",31409971,"fst",0.0999
"chr2",31499972,"fst",0.1066
"chr2",31589972,"fst",0.079
"chr2",31679973,"fst",0.0799
"chr2",31769974,"fst",0.0611
"chr2",31859974,"fst",0.0922
"chr2",31949975,"fst",0.117
"chr2",32039975,"fst",0.1358
"chr2",32129976,"fst",0.104
"chr2",32219976,"fst",0.034
"chr2",32309977,"fst",0.0111
"chr2",32399977,"fst",0.0441
"chr2",32489978,"fst",0
"chr2",32579979,"fst",0.0054
"chr2",32669979,"fst",0
"chr2",32759980,"fst",0
"chr2",32849980,"fst",0.0203
"chr2",32939981,"fst",0.0193
"chr2",33029981,"fst",0.044
"chr2",33119982,"fst",0.0973
"chr2",33209983,"fst",0.0862
"chr2",33299983,"fst",0.0626
"chr2",33389984,"fst",0.0538
"chr2",33479984,"fst",0.0293
"chr2",33569985,"fst",0
"chr2",33659985,"fst",0.0033
"chr2",33749986,"fst",0.0435
"chr2",33839986,"fst",0.0067
"chr2",33929987,"fst",0
"chr2",34019988,"fst",0.0413
"chr2",34109988,"fst",0.0625
"chr2",34199989,"fst",0.0213
"chr2",34289989,"fst",0.0168
"chr2",34379990,"fst",0
"chr2",34469990,"fst",0.0064
"chr2",34559991,"fst",0.0303
"chr2",34649992,"fst",0.056
"chr2",34739992,"fst",0.1052
"chr2",34829993,"fst",0.0924
"chr2",34919993,"fst",0.1163
"chr2",35009994,"fst",0.0908
"chr2",35099994,"fst",0.1161
"chr2",35189995,"fst",0.1042
"chr2",35279995,"fst",0.1304
"chr2",35369996,"fst",0.1689
"chr2",35459997,"fst",0.123
"chr2",35549997,"fst",0.1367
"chr2",35639998,"fst",0.1638
"chr2",35729998,"fst",0.1323
"chr2",35819999,"fst",0.1496
"chr2",35909999,"fst",0.1554
"chr2",3.6e+07,"fst",0.0994
"chr2",89776,"pi",4.4444
"chr2",179776,"pi",4.226
"chr2",269777,"pi",4.3244
"chr2",359777,"pi",5.6485
"chr2",449778,"pi",5.3871
"chr2",539778,"pi",5.0314
"chr2",629779,"pi",5.3612
"chr2",719779,"pi",5.3925
"chr2",809780,"pi",5.3396
"chr2",899781,"pi",3.8152
"chr2",989781,"pi",4.3239
"chr2",1079782,"pi",4.1095
"chr2",1169782,"pi",4.0039
"chr2",1259783,"pi",4.3071
"chr2",1349783,"pi",3.4842
"chr2",1439784,"pi",2.815
"chr2",1529785,"pi",4.1617
"chr2",1619785,"pi",5.2083
"chr2",1709786,"pi",5.1738
"chr2",1799786,"pi",4.9852
"chr2",1889787,"pi",3.774
"chr2",1979787,"pi",3.0871
"chr2",2069788,"pi",3.0792
"chr2",2159788,"pi",4.161
"chr2",2249789,"pi",5.3489
"chr2",2339790,"pi",4.8511
"chr2",2429790,"pi",4.9873
"chr2",2519791,"pi",4.3522
"chr2",2609791,"pi",4.4713
"chr2",2699792,"pi",5.5458
"chr2",2789792,"pi",6.0641
"chr2",2879793,"pi",5.2331
"chr2",2969794,"pi",4.6753
"chr2",3059794,"pi",4.7344
"chr2",3149795,"pi",3.8918
"chr2",3239795,"pi",4.2741
"chr2",3329796,"pi",3.741
"chr2",3419796,"pi",3.9802
"chr2",3509797,"pi",4.6369
"chr2",3599797,"pi",4.7918
"chr2",3689798,"pi",5.3092
"chr2",3779799,"pi",4.5997
"chr2",3869799,"pi",5.2519
"chr2",3959800,"pi",6.2859
"chr2",4049800,"pi",6.7761
"chr2",4139801,"pi",6.1048
"chr2",4229801,"pi",5.775
"chr2",4319802,"pi",5.0463
"chr2",4409803,"pi",4.1095
"chr2",4499803,"pi",4.0016
"chr2",4589804,"pi",5.5277
"chr2",4679804,"pi",5.6822
"chr2",4769805,"pi",6.2308
"chr2",4859805,"pi",6.0418
"chr2",4949806,"pi",5.6039
"chr2",5039806,"pi",5.7855
"chr2",5129807,"pi",4.2282
"chr2",5219808,"pi",4.0973
"chr2",5309808,"pi",3.5498
"chr2",5399809,"pi",4.336
"chr2",5489809,"pi",3.4139
"chr2",5579810,"pi",2.8096
"chr2",5669810,"pi",3.1894
"chr2",5759811,"pi",3.6731
"chr2",5849812,"pi",2.4238
"chr2",5939812,"pi",1.9756
"chr2",6029813,"pi",1.7488
"chr2",6119813,"pi",1.5461
"chr2",6209814,"pi",1.3762
"chr2",6299814,"pi",1.6077
"chr2",6389815,"pi",3.1109
"chr2",6479815,"pi",3.4538
"chr2",6569816,"pi",3.6182
"chr2",6659817,"pi",3.3225
"chr2",6749817,"pi",3.5529
"chr2",6839818,"pi",3.831
"chr2",6929818,"pi",4.6003
"chr2",7019819,"pi",4.2825
"chr2",7109819,"pi",3.9205
"chr2",7199820,"pi",3.6624
"chr2",7289821,"pi",4.0024
"chr2",7379821,"pi",3.8111
"chr2",7469822,"pi",3.6214
"chr2",7559822,"pi",2.9483
"chr2",7649823,"pi",3.0867
"chr2",7739823,"pi",3.4277
"chr2",7829824,"pi",3.4013
"chr2",7919824,"pi",3.1721
"chr2",8009825,"pi",3.7584
"chr2",8099826,"pi",3.8532
"chr2",8189826,"pi",4.1921
"chr2",8279827,"pi",3.4677
"chr2",8369827,"pi",3.0948
"chr2",8459828,"pi",3.286
"chr2",8549828,"pi",3.1178
"chr2",8639829,"pi",2.9846
"chr2",8729830,"pi",3.0785
"chr2",8819830,"pi",3.7414
"chr2",8909831,"pi",4.263
"chr2",8999831,"pi",4.3311
"chr2",9089832,"pi",4.3261
"chr2",9179832,"pi",4.4813
"chr2",9269833,"pi",5.3118
"chr2",9359833,"pi",6.0398
"chr2",9449834,"pi",5.467
"chr2",9539835,"pi",5.8538
"chr2",9629835,"pi",5.8963
"chr2",9719836,"pi",5.572
"chr2",9809836,"pi",5.9515
"chr2",9899837,"pi",5.7779
"chr2",9989837,"pi",5.682
"chr2",10079838,"pi",6.9788
"chr2",10169839,"pi",6.9133
"chr2",10259839,"pi",7.2538
"chr2",10349840,"pi",6.0082
"chr2",10439840,"pi",5.2231
"chr2",10529841,"pi",5.1494
"chr2",10619841,"pi",5.391
"chr2",10709842,"pi",5.7461
"chr2",10799842,"pi",5.779
"chr2",10889843,"pi",6.0151
"chr2",10979844,"pi",5.8468
"chr2",11069844,"pi",5.7263
"chr2",11159845,"pi",4.4552
"chr2",11249845,"pi",4.5676
"chr2",11339846,"pi",4.0636
"chr2",11429846,"pi",4.0037
"chr2",11519847,"pi",4.1984
"chr2",11609848,"pi",4.1079
"chr2",11699848,"pi",4.7818
"chr2",11789849,"pi",4.4831
"chr2",11879849,"pi",4.2613
"chr2",11969850,"pi",4.342
"chr2",12059850,"pi",4.3025
"chr2",12149851,"pi",4.3097
"chr2",12239851,"pi",4.3786
"chr2",12329852,"pi",3.9021
"chr2",12419853,"pi",3.8842
"chr2",12509853,"pi",3.1804
"chr2",12599854,"pi",2.5225
"chr2",12689854,"pi",3.0168
"chr2",12779855,"pi",3.5115
"chr2",12869855,"pi",4.3279
"chr2",12959856,"pi",4.2766
"chr2",13049857,"pi",3.7275
"chr2",13139857,"pi",3.6469
"chr2",13229858,"pi",4.7862
"chr2",13319858,"pi",4.4018
"chr2",13409859,"pi",6.0475
"chr2",13499859,"pi",6.0591
"chr2",13589860,"pi",6.7056
"chr2",13679860,"pi",6.6099
"chr2",13769861,"pi",5.7394
"chr2",13859862,"pi",5.9227
"chr2",13949862,"pi",5.4531
"chr2",14039863,"pi",5.2219
"chr2",14129863,"pi",4.8915
"chr2",14219864,"pi",4.2196
"chr2",14309864,"pi",5.5788
"chr2",14399865,"pi",5.1408
"chr2",14489866,"pi",4.1851
"chr2",14579866,"pi",4.5396
"chr2",14669867,"pi",3.9396
"chr2",14759867,"pi",4.3071
"chr2",14849868,"pi",5.1998
"chr2",14939868,"pi",4.8558
"chr2",15029869,"pi",4.9178
"chr2",15119869,"pi",5.0184
"chr2",15209870,"pi",5.1192
"chr2",15299871,"pi",4.2919
"chr2",15389871,"pi",4.6411
"chr2",15479872,"pi",4.5404
"chr2",15569872,"pi",5.0887
"chr2",15659873,"pi",4.6158
"chr2",15749873,"pi",5.3688
"chr2",15839874,"pi",4.964
"chr2",15929875,"pi",4.8792
"chr2",16019875,"pi",4.1188
"chr2",16109876,"pi",4.2199
"chr2",16199876,"pi",4.1205
"chr2",16289877,"pi",3.7329
"chr2",16379877,"pi",3.3864
"chr2",16469878,"pi",4.6818
"chr2",16559878,"pi",4.206
"chr2",16649879,"pi",3.7536
"chr2",16739880,"pi",4.1216
"chr2",16829880,"pi",3.9141
"chr2",16919881,"pi",4.182
"chr2",17009881,"pi",4.176
"chr2",17099882,"pi",5.4076
"chr2",17189882,"pi",5.282
"chr2",17279883,"pi",4.2032
"chr2",17369884,"pi",4.715
"chr2",17459884,"pi",5.108
"chr2",17549885,"pi",4.9257
"chr2",17639885,"pi",4.9606
"chr2",17729886,"pi",4.7973
"chr2",17819886,"pi",4.6798
"chr2",17909887,"pi",4.1814
"chr2",17999887,"pi",4.4782
"chr2",18089888,"pi",5.4578
"chr2",18179889,"pi",5.0413
"chr2",18269889,"pi",3.9752
"chr2",18359890,"pi",3.4174
"chr2",18449890,"pi",4.2642
"chr2",18539891,"pi",4.8626
"chr2",18629891,"pi",4.5115
"chr2",18719892,"pi",4.435
"chr2",18809893,"pi",3.7771
"chr2",18899893,"pi",4.3746
"chr2",18989894,"pi",3.7126
"chr2",19079894,"pi",3.3212
"chr2",19169895,"pi",3.9591
"chr2",19259895,"pi",4.2636
"chr2",19349896,"pi",4.8813
"chr2",19439896,"pi",4.9897
"chr2",19529897,"pi",5.207
"chr2",19619898,"pi",4.9657
"chr2",19709898,"pi",4.2911
"chr2",19799899,"pi",4.2485
"chr2",19889899,"pi",4.0755
"chr2",19979900,"pi",3.9432
"chr2",20069900,"pi",3.4104
"chr2",20159901,"pi",3.2114
"chr2",20249902,"pi",2.9138
"chr2",20339902,"pi",4.6228
"chr2",20429903,"pi",4.4209
"chr2",20519903,"pi",5.0957
"chr2",20609904,"pi",5.2495
"chr2",20699904,"pi",5.0067
"chr2",20789905,"pi",5.1992
"chr2",20879905,"pi",5.3574
"chr2",20969906,"pi",4.7936
"chr2",21059907,"pi",5.9747
"chr2",21149907,"pi",6.0679
"chr2",21239908,"pi",6.734
"chr2",21329908,"pi",5.6634
"chr2",21419909,"pi",5.0907
"chr2",21509909,"pi",4.9473
"chr2",21599910,"pi",3.9763
"chr2",21689911,"pi",3.9332
"chr2",21779911,"pi",3.2339
"chr2",21869912,"pi",3.5742
"chr2",21959912,"pi",5.202
"chr2",22049913,"pi",4.1367
"chr2",22139913,"pi",4.1071
"chr2",22229914,"pi",3.0937
"chr2",22319914,"pi",4.1573
"chr2",22409915,"pi",3.9191
"chr2",22499916,"pi",4.6901
"chr2",22589916,"pi",3.9552
"chr2",22679917,"pi",4.1366
"chr2",22769917,"pi",4.653
"chr2",22859918,"pi",5.4462
"chr2",22949918,"pi",5.3242
"chr2",23039919,"pi",5.8176
"chr2",23129920,"pi",5.8438
"chr2",23219920,"pi",6.1711
"chr2",23309921,"pi",6.4787
"chr2",23399921,"pi",5.552
"chr2",23489922,"pi",5.7655
"chr2",23579922,"pi",5.7971
"chr2",23669923,"pi",5.9027
"chr2",23759923,"pi",5.7267
"chr2",23849924,"pi",4.7096
"chr2",23939925,"pi",4.9554
"chr2",24029925,"pi",4.5244
"chr2",24119926,"pi",4.1135
"chr2",24209926,"pi",4.6142
"chr2",24299927,"pi",4.2978
"chr2",24389927,"pi",4.83
"chr2",24479928,"pi",5.1964
"chr2",24569929,"pi",5.5355
"chr2",24659929,"pi",6.0035
"chr2",24749930,"pi",5.2946
"chr2",24839930,"pi",4.9661
"chr2",24929931,"pi",4.6661
"chr2",25019931,"pi",5.7194
"chr2",25109932,"pi",5.7438
"chr2",25199932,"pi",5.6176
"chr2",25289933,"pi",6.2256
"chr2",25379934,"pi",6.0116
"chr2",25469934,"pi",6.7752
"chr2",25559935,"pi",6.2108
"chr2",25649935,"pi",6.4744
"chr2",25739936,"pi",7.6935
"chr2",25829936,"pi",7.5431
"chr2",25919937,"pi",7.5351
"chr2",26009938,"pi",7.647
"chr2",26099938,"pi",6.7883
"chr2",26189939,"pi",5.9603
"chr2",26279939,"pi",6.136
"chr2",26369940,"pi",5.2122
"chr2",26459940,"pi",4.4695
"chr2",26549941,"pi",5.2512
"chr2",26639941,"pi",4.9082
"chr2",26729942,"pi",4.451
"chr2",26819943,"pi",4.2875
"chr2",26909943,"pi",4.5271
"chr2",26999944,"pi",5.132
"chr2",27089944,"pi",4.6362
"chr2",27179945,"pi",4.4428
"chr2",27269945,"pi",4.5065
"chr2",27359946,"pi",4.5885
"chr2",27449947,"pi",4.419
"chr2",27539947,"pi",4.0077
"chr2",27629948,"pi",4.5465
"chr2",27719948,"pi",4.6542
"chr2",27809949,"pi",4.9432
"chr2",27899949,"pi",4.1234
"chr2",27989950,"pi",3.4938
"chr2",28079950,"pi",4.1414
"chr2",28169951,"pi",4.2628
"chr2",28259952,"pi",4.2317
"chr2",28349952,"pi",4.0114
"chr2",28439953,"pi",4.4852
"chr2",28529953,"pi",4.7377
"chr2",28619954,"pi",4.3568
"chr2",28709954,"pi",4.3453
"chr2",28799955,"pi",5.0394
"chr2",28889956,"pi",4.8424
"chr2",28979956,"pi",4.5564
"chr2",29069957,"pi",4.8976
"chr2",29159957,"pi",3.6653
"chr2",29249958,"pi",4.6358
"chr2",29339958,"pi",3.2409
"chr2",29429959,"pi",2.7594
"chr2",29519959,"pi",2.4894
"chr2",29609960,"pi",2.5707
"chr2",29699961,"pi",3.5683
"chr2",29789961,"pi",3.1114
"chr2",29879962,"pi",3.305
"chr2",29969962,"pi",3.5525
"chr2",30059963,"pi",3.6777
"chr2",30149963,"pi",2.9895
"chr2",30239964,"pi",3.4687
"chr2",30329965,"pi",3.6807
"chr2",30419965,"pi",3.3431
"chr2",30509966,"pi",3.4388
"chr2",30599966,"pi",3.2653
"chr2",30689967,"pi",3.5156
"chr2",30779967,"pi",3.5533
"chr2",30869968,"pi",2.7986
"chr2",30959968,"pi",3.0871
"chr2",31049969,"pi",2.9192
"chr2",31139970,"pi",2.9613
"chr2",31229970,"pi",3.6284
"chr2",31319971,"pi",3.9565
"chr2",31409971,"pi",4.3559
"chr2",31499972,"pi",4.4602
"chr2",31589972,"pi",4.0272
"chr2",31679973,"pi",4.0411
"chr2",31769974,"pi",3.7466
"chr2",31859974,"pi",4.235
"chr2",31949975,"pi",4.6236
"chr2",32039975,"pi",4.9191
"chr2",32129976,"pi",4.4206
"chr2",32219976,"pi",3.3199
"chr2",32309977,"pi",2.9601
"chr2",32399977,"pi",3.4779
"chr2",32489978,"pi",2.6359
"chr2",32579979,"pi",2.8703
"chr2",32669979,"pi",2.6415
"chr2",32759980,"pi",2.7081
"chr2",32849980,"pi",3.1054
"chr2",32939981,"pi",3.0888
"chr2",33029981,"pi",3.4765
"chr2",33119982,"pi",4.3142
"chr2",33209983,"pi",4.1401
"chr2",33299983,"pi",3.7697
"chr2",33389984,"pi",3.6314
"chr2",33479984,"pi",3.2469
"chr2",33569985,"pi",2.7554
"chr2",33659985,"pi",2.8368
"chr2",33749986,"pi",3.4691
"chr2",33839986,"pi",2.8905
"chr2",33929987,"pi",2.5687
"chr2",34019988,"pi",3.4349
"chr2",34109988,"pi",3.7676
"chr2",34199989,"pi",3.1203
"chr2",34289989,"pi",3.0503
"chr2",34379990,"pi",2.4675
"chr2",34469990,"pi",2.8858
"chr2",34559991,"pi",3.2624
"chr2",34649992,"pi",3.6655
"chr2",34739992,"pi",4.4389
"chr2",34829993,"pi",4.2378
"chr2",34919993,"pi",4.6136
"chr2",35009994,"pi",4.2133
"chr2",35099994,"pi",4.6109
"chr2",35189995,"pi",4.4238
"chr2",35279995,"pi",4.8343
"chr2",35369996,"pi",5.4391
"chr2",35459997,"pi",4.7184
"chr2",35549997,"pi",4.9345
"chr2",35639998,"pi",5.3591
"chr2",35729998,"pi",4.8641
"chr2",35819999,"pi",5.137
"chr2",35909999,"pi",5.2275
"chr2",3.6e+07,"pi",4.3481
"chr2",89776,"tajima",0.4389
"chr2",179776,"tajima",0.1808
"chr2",269777,"tajima",0.297
"chr2",359777,"tajima",1.8618
"chr2",449778,"tajima",1.553
"chr2",539778,"tajima",1.1326
"chr2",629779,"tajima",1.5224
"chr2",719779,"tajima",1.5593
"chr2",809780,"tajima",1.4968
"chr2",899781,"tajima",-0.3048
"chr2",989781,"tajima",0.2964
"chr2",1079782,"tajima",0.0431
"chr2",1169782,"tajima",-0.0818
"chr2",1259783,"tajima",0.2766
"chr2",1349783,"tajima",-0.696
"chr2",1439784,"tajima",-1.4868
"chr2",1529785,"tajima",0.1047
"chr2",1619785,"tajima",1.3417
"chr2",1709786,"tajima",1.3008
"chr2",1799786,"tajima",1.0779
"chr2",1889787,"tajima",-0.3535
"chr2",1979787,"tajima",-1.1652
"chr2",2069788,"tajima",-1.1746
"chr2",2159788,"tajima",0.104
"chr2",2249789,"tajima",1.5078
"chr2",2339790,"tajima",0.9195
"chr2",2429790,"tajima",1.0804
"chr2",2519791,"tajima",0.3299
"chr2",2609791,"tajima",0.4706
"chr2",2699792,"tajima",1.7405
"chr2",2789792,"tajima",2.353
"chr2",2879793,"tajima",1.371
"chr2",2969794,"tajima",0.7117
"chr2",3059794,"tajima",0.7815
"chr2",3149795,"tajima",-0.2142
"chr2",3239795,"tajima",0.2376
"chr2",3329796,"tajima",-0.3924
"chr2",3419796,"tajima",-0.1098
"chr2",3509797,"tajima",0.6664
"chr2",3599797,"tajima",0.8494
"chr2",3689798,"tajima",1.4609
"chr2",3779799,"tajima",0.6223
"chr2",3869799,"tajima",1.3932
"chr2",3959800,"tajima",2.6151
"chr2",4049800,"tajima",3
"chr2",4139801,"tajima",2.4011
"chr2",4229801,"tajima",2.0114
"chr2",4319802,"tajima",1.1501
"chr2",4409803,"tajima",0.0431
"chr2",4499803,"tajima",-0.0845
"chr2",4589804,"tajima",1.7191
"chr2",4679804,"tajima",1.9017
"chr2",4769805,"tajima",2.55
"chr2",4859805,"tajima",2.3267
"chr2",4949806,"tajima",1.8092
"chr2",5039806,"tajima",2.0238
"chr2",5129807,"tajima",0.1833
"chr2",5219808,"tajima",0.0286
"chr2",5309808,"tajima",-0.6184
"chr2",5399809,"tajima",0.3107
"chr2",5489809,"tajima",-0.779
"chr2",5579810,"tajima",-1.4932
"chr2",5669810,"tajima",-1.0443
"chr2",5759811,"tajima",-0.4727
"chr2",5849812,"tajima",-1.9492
"chr2",5939812,"tajima",-2.4788
"chr2",6029813,"tajima",-2.7469
"chr2",6119813,"tajima",-2.9864
"chr2",6209814,"tajima",-3.1873
"chr2",6299814,"tajima",-2.9136
"chr2",6389815,"tajima",-1.1371
"chr2",6479815,"tajima",-0.7318
"chr2",6569816,"tajima",-0.5376
"chr2",6659817,"tajima",-0.8871
"chr2",6749817,"tajima",-0.6148
"chr2",6839818,"tajima",-0.2861
"chr2",6929818,"tajima",0.6231
"chr2",7019819,"tajima",0.2474
"chr2",7109819,"tajima",-0.1803
"chr2",7199820,"tajima",-0.4853
"chr2",7289821,"tajima",-0.0835
"chr2",7379821,"tajima",-0.3096
"chr2",7469822,"tajima",-0.5338
"chr2",7559822,"tajima",-1.3293
"chr2",7649823,"tajima",-1.1657
"chr2",7739823,"tajima",-0.7628
"chr2",7829824,"tajima",-0.7939
"chr2",7919824,"tajima",-1.0647
"chr2",8009825,"tajima",-0.3719
"chr2",8099826,"tajima",-0.2599
"chr2",8189826,"tajima",0.1407
"chr2",8279827,"tajima",-0.7154
"chr2",8369827,"tajima",-1.1562
"chr2",8459828,"tajima",-0.9302
"chr2",8549828,"tajima",-1.129
"chr2",8639829,"tajima",-1.2864
"chr2",8729830,"tajima",-1.1754
"chr2",8819830,"tajima",-0.392
"chr2",8909831,"tajima",0.2245
"chr2",8999831,"tajima",0.3049
"chr2",9089832,"tajima",0.299
"chr2",9179832,"tajima",0.4825
"chr2",9269833,"tajima",1.4639
"chr2",9359833,"tajima",2.3243
"chr2",9449834,"tajima",1.6474
"chr2",9539835,"tajima",2.1045
"chr2",9629835,"tajima",2.1548
"chr2",9719836,"tajima",1.7714
"chr2",9809836,"tajima",2.22
"chr2",9899837,"tajima",2.0148
"chr2",9989837,"tajima",1.9015
"chr2",10079838,"tajima",3
"chr2",10169839,"tajima",3
"chr2",10259839,"tajima",3
"chr2",10349840,"tajima",2.287
"chr2",10439840,"tajima",1.3591
"chr2",10529841,"tajima",1.272
"chr2",10619841,"tajima",1.5575
"chr2",10709842,"tajima",1.9772
"chr2",10799842,"tajima",2.0161
"chr2",10889843,"tajima",2.2952
"chr2",10979844,"tajima",2.0962
"chr2",11069844,"tajima",1.9538
"chr2",11159845,"tajima",0.4516
"chr2",11249845,"tajima",0.5845
"chr2",11339846,"tajima",-0.0112
"chr2",11429846,"tajima",-0.082
"chr2",11519847,"tajima",0.1481
"chr2",11609848,"tajima",0.0412
"chr2",11699848,"tajima",0.8375
"chr2",11789849,"tajima",0.4846
"chr2",11879849,"tajima",0.2224
"chr2",11969850,"tajima",0.3178
"chr2",12059850,"tajima",0.2711
"chr2",12149851,"tajima",0.2796
"chr2",12239851,"tajima",0.3611
"chr2",12329852,"tajima",-0.202
"chr2",12419853,"tajima",-0.2232
"chr2",12509853,"tajima",-1.0549
"chr2",12599854,"tajima",-1.8325
"chr2",12689854,"tajima",-1.2483
"chr2",12779855,"tajima",-0.6637
"chr2",12869855,"tajima",0.3011
"chr2",12959856,"tajima",0.2406
"chr2",13049857,"tajima",-0.4084
"chr2",13139857,"tajima",-0.5037
"chr2",13229858,"tajima",0.8428
"chr2",13319858,"tajima",0.3885
"chr2",13409859,"tajima",2.3334
"chr2",13499859,"tajima",2.3471
"chr2",13589860,"tajima",3
"chr2",13679860,"tajima",2.9981
"chr2",13769861,"tajima",1.9693
"chr2",13859862,"tajima",2.1859
"chr2",13949862,"tajima",1.631
"chr2",14039863,"tajima",1.3577
"chr2",14129863,"tajima",0.9673
"chr2",14219864,"tajima",0.1732
"chr2",14309864,"tajima",1.7794
"chr2",14399865,"tajima",1.2619
"chr2",14489866,"tajima",0.1324
"chr2",14579866,"tajima",0.5514
"chr2",14669867,"tajima",-0.1577
"chr2",14759867,"tajima",0.2766
"chr2",14849868,"tajima",1.3316
"chr2",14939868,"tajima",0.925
"chr2",15029869,"tajima",0.9983
"chr2",15119869,"tajima",1.1172
"chr2",15209870,"tajima",1.2363
"chr2",15299871,"tajima",0.2586
"chr2",15389871,"tajima",0.6713
"chr2",15479872,"tajima",0.5523
"chr2",15569872,"tajima",1.2002
"chr2",15659873,"tajima",0.6414
"chr2",15749873,"tajima",1.5313
"chr2",15839874,"tajima",1.0529
"chr2",15929875,"tajima",0.9527
"chr2",16019875,"tajima",0.054
"chr2",16109876,"tajima",0.1735
"chr2",16199876,"tajima",0.0561
"chr2",16289877,"tajima",-0.4021
"chr2",16379877,"tajima",-0.8115
"chr2",16469878,"tajima",0.7194
"chr2",16559878,"tajima",0.1571
"chr2",16649879,"tajima",-0.3776
"chr2",16739880,"tajima",0.0574
"chr2",16829880,"tajima",-0.1879
"chr2",16919881,"tajima",0.1288
"chr2",17009881,"tajima",0.1216
"chr2",17099882,"tajima",1.5772
"chr2",17189882,"tajima",1.4287
"chr2",17279883,"tajima",0.1538
"chr2",17369884,"tajima",0.7586
"chr2",17459884,"tajima",1.2231
"chr2",17549885,"tajima",1.0077
"chr2",17639885,"tajima",1.0489
"chr2",17729886,"tajima",0.8559
"chr2",17819886,"tajima",0.717
"chr2",17909887,"tajima",0.128
"chr2",17999887,"tajima",0.4788
"chr2",18089888,"tajima",1.6365
"chr2",18179889,"tajima",1.1442
"chr2",18269889,"tajima",-0.1156
"chr2",18359890,"tajima",-0.7749
"chr2",18449890,"tajima",0.2259
"chr2",18539891,"tajima",0.9331
"chr2",18629891,"tajima",0.5181
"chr2",18719892,"tajima",0.4278
"chr2",18809893,"tajima",-0.3498
"chr2",18899893,"tajima",0.3563
"chr2",18989894,"tajima",-0.4261
"chr2",19079894,"tajima",-0.8886
"chr2",19169895,"tajima",-0.1347
"chr2",19259895,"tajima",0.2252
"chr2",19349896,"tajima",0.9551
"chr2",19439896,"tajima",1.0833
"chr2",19529897,"tajima",1.3401
"chr2",19619898,"tajima",1.0549
"chr2",19709898,"tajima",0.2576
"chr2",19799899,"tajima",0.2073
"chr2",19889899,"tajima",0.0029
"chr2",19979900,"tajima",-0.1535
"chr2",20069900,"tajima",-0.7832
"chr2",20159901,"tajima",-1.0183
"chr2",20249902,"tajima",-1.3701
"chr2",20339902,"tajima",0.6497
"chr2",20429903,"tajima",0.411
"chr2",20519903,"tajima",1.2085
"chr2",20609904,"tajima",1.3903
"chr2",20699904,"tajima",1.1034
"chr2",20789905,"tajima",1.3309
"chr2",20879905,"tajima",1.5178
"chr2",20969906,"tajima",0.8515
"chr2",21059907,"tajima",2.2474
"chr2",21149907,"tajima",2.3575
"chr2",21239908,"tajima",3
"chr2",21329908,"tajima",1.8795
"chr2",21419909,"tajima",1.2027
"chr2",21509909,"tajima",1.0332
"chr2",21599910,"tajima",-0.1144
"chr2",21689911,"tajima",-0.1653
"chr2",21779911,"tajima",-0.9918
"chr2",21869912,"tajima",-0.5896
"chr2",21959912,"tajima",1.3342
"chr2",22049913,"tajima",0.0752
"chr2",22139913,"tajima",0.0403
"chr2",22229914,"tajima",-1.1574
"chr2",22319914,"tajima",0.0996
"chr2",22409915,"tajima",-0.182
"chr2",22499916,"tajima",0.7292
"chr2",22589916,"tajima",-0.1393
"chr2",22679917,"tajima",0.0751
"chr2",22769917,"tajima",0.6854
"chr2",22859918,"tajima",1.6228
"chr2",22949918,"tajima",1.4786
"chr2",23039919,"tajima",2.0617
"chr2",23129920,"tajima",2.0926
"chr2",23219920,"tajima",2.4795
"chr2",23309921,"tajima",2.843
"chr2",23399921,"tajima",1.7479
"chr2",23489922,"tajima",2.0002
"chr2",23579922,"tajima",2.0375
"chr2",23669923,"tajima",2.1623
"chr2",23759923,"tajima",1.9543
"chr2",23849924,"tajima",0.7522
"chr2",23939925,"tajima",1.0428
"chr2",24029925,"tajima",0.5333
"chr2",24119926,"tajima",0.0478
"chr2",24209926,"tajima",0.6395
"chr2",24299927,"tajima",0.2656
"chr2",24389927,"tajima",0.8945
"chr2",24479928,"tajima",1.3275
"chr2",24569929,"tajima",1.7283
"chr2",24659929,"tajima",2.2814
"chr2",24749930,"tajima",1.4436
"chr2",24839930,"tajima",1.0554
"chr2",24929931,"tajima",0.7008
"chr2",25019931,"tajima",1.9456
"chr2",25109932,"tajima",1.9745
"chr2",25199932,"tajima",1.8254
"chr2",25289933,"tajima",2.5438
"chr2",25379934,"tajima",2.2909
"chr2",25469934,"tajima",3
"chr2",25559935,"tajima",2.5264
"chr2",25649935,"tajima",2.838
"chr2",25739936,"tajima",3
"chr2",25829936,"tajima",3
"chr2",25919937,"tajima",3
"chr2",26009938,"tajima",3
"chr2",26099938,"tajima",3
"chr2",26189939,"tajima",2.2304
"chr2",26279939,"tajima",2.4381
"chr2",26369940,"tajima",1.3462
"chr2",26459940,"tajima",0.4685
"chr2",26549941,"tajima",1.3923
"chr2",26639941,"tajima",0.9869
"chr2",26729942,"tajima",0.4466
"chr2",26819943,"tajima",0.2534
"chr2",26909943,"tajima",0.5366
"chr2",26999944,"tajima",1.2515
"chr2",27089944,"tajima",0.6655
"chr2",27179945,"tajima",0.4369
"chr2",27269945,"tajima",0.5123
"chr2",27359946,"tajima",0.6091
"chr2",27449947,"tajima",0.4088
"chr2",27539947,"tajima",-0.0772
"chr2",27629948,"tajima",0.5595
"chr2",27719948,"tajima",0.6868
"chr2",27809949,"tajima",1.0283
"chr2",27899949,"tajima",0.0594
"chr2",27989950,"tajima",-0.6846
"chr2",28079950,"tajima",0.0808
"chr2",28169951,"tajima",0.2243
"chr2",28259952,"tajima",0.1875
"chr2",28349952,"tajima",-0.0729
"chr2",28439953,"tajima",0.4871
"chr2",28529953,"tajima",0.7855
"chr2",28619954,"tajima",0.3353
"chr2",28709954,"tajima",0.3217
"chr2",28799955,"tajima",1.142
"chr2",28889956,"tajima",0.9092
"chr2",28979956,"tajima",0.5712
"chr2",29069957,"tajima",0.9745
"chr2",29159957,"tajima",-0.4819
"chr2",29249958,"tajima",0.665
"chr2",29339958,"tajima",-0.9835
"chr2",29429959,"tajima",-1.5526
"chr2",29519959,"tajima",-1.8716
"chr2",29609960,"tajima",-1.7756
"chr2",29699961,"tajima",-0.5966
"chr2",29789961,"tajima",-1.1366
"chr2",29879962,"tajima",-0.9078
"chr2",29969962,"tajima",-0.6152
"chr2",30059963,"tajima",-0.4673
"chr2",30149963,"tajima",-1.2806
"chr2",30239964,"tajima",-0.7143
"chr2",30329965,"tajima",-0.4638
"chr2",30419965,"tajima",-0.8627
"chr2",30509966,"tajima",-0.7497
"chr2",30599966,"tajima",-0.9546
"chr2",30689967,"tajima",-0.6589
"chr2",30779967,"tajima",-0.6142
"chr2",30869968,"tajima",-1.5062
"chr2",30959968,"tajima",-1.1652
"chr2",31049969,"tajima",-1.3637
"chr2",31139970,"tajima",-1.3139
"chr2",31229970,"tajima",-0.5255
"chr2",31319971,"tajima",-0.1378
"chr2",31409971,"tajima",0.3342
"chr2",31499972,"tajima",0.4575
"chr2",31589972,"tajima",-0.0542
"chr2",31679973,"tajima",-0.0378
"chr2",31769974,"tajima",-0.3859
"chr2",31859974,"tajima",0.1913
"chr2",31949975,"tajima",0.6506
"chr2",32039975,"tajima",0.9998
"chr2",32129976,"tajima",0.4107
"chr2",32219976,"tajima",-0.8901
"chr2",32309977,"tajima",-1.3153
"chr2",32399977,"tajima",-0.7033
"chr2",32489978,"tajima",-1.6984
"chr2",32579979,"tajima",-1.4214
"chr2",32669979,"tajima",-1.6918
"chr2",32759980,"tajima",-1.6132
"chr2",32849980,"tajima",-1.1436
"chr2",32939981,"tajima",-1.1632
"chr2",33029981,"tajima",-0.705
"chr2",33119982,"tajima",0.285
"chr2",33209983,"tajima",0.0792
"chr2",33299983,"tajima",-0.3586
"chr2",33389984,"tajima",-0.522
"chr2",33479984,"tajima",-0.9764
"chr2",33569985,"tajima",-1.5573
"chr2",33659985,"tajima",-1.461
"chr2",33749986,"tajima",-0.7137
"chr2",33839986,"tajima",-1.3976
"chr2",33929987,"tajima",-1.7779
"chr2",34019988,"tajima",-0.7542
"chr2",34109988,"tajima",-0.3611
"chr2",34199989,"tajima",-1.126
"chr2",34289989,"tajima",-1.2088
"chr2",34379990,"tajima",-1.8975
"chr2",34469990,"tajima",-1.4032
"chr2",34559991,"tajima",-0.9581
"chr2",34649992,"tajima",-0.4817
"chr2",34739992,"tajima",0.4324
"chr2",34829993,"tajima",0.1946
"chr2",34919993,"tajima",0.6388
"chr2",35009994,"tajima",0.1658
"chr2",35099994,"tajima",0.6356
"chr2",35189995,"tajima",0.4145
"chr2",35279995,"tajima",0.8996
"chr2",35369996,"tajima",1.6144
"chr2",35459997,"tajima",0.7627
"chr2",35549997,"tajima",1.0181
"chr2",35639998,"tajima",1.5198
"chr2",35729998,"tajima",0.9348
"chr2",35819999,"tajima",1.2574
"chr2",35909999,"tajima",1.3644
"chr2",3.6e+07,"tajima",0.325
"chr3",94763,"fst",0.0841
"chr3",189764,"fst",0.0998
"chr3",284764,"fst",0.1071
"chr3",379765,"fst",0.1132
"chr3",474765,"fst",0.0727
"chr3",569766,"fst",0.0831
"chr3",664767,"fst",0.0883
"chr3",759767,"fst",0.1359
"chr3",854768,"fst",0.1243
"chr3",949768,"fst",0.1326
"chr3",1044769,"fst",0.1322
"chr3",1139770,"fst",0.102
"chr3",1234770,"fst",0.0823
"chr3",1329771,"fst",0.0557
"chr3",1424771,"fst",0.12
"chr3",1519772,"fst",0.0895
"chr3",1614773,"fst",0.1031
"chr3",1709773,"fst",0.0759
"chr3",1804774,"fst",0.0753
"chr3",1899774,"fst",0.0093
"chr3",1994775,"fst",0
"chr3",2089776,"fst",0.006
"chr3",2184776,"fst",0.0139
"chr3",2279777,"fst",0.0264
"chr3",2374777,"fst",0.0329
"chr3",2469778,"fst",0.0331
"chr3",2564779,"fst",0
"chr3",2659779,"fst",0
"chr3",2754780,"fst",0.0238
"chr3",2849780,"fst",0.0825
"chr3",2944781,"fst",0.1282
"chr3",3039781,"fst",0.1083
"chr3",3134782,"fst",0.0805
"chr3",3229783,"fst",0.133
"chr3",3324783,"fst",0.0271
"chr3",3419784,"fst",0
"chr3",3514784,"fst",0
"chr3",3609785,"fst",0
"chr3",3704786,"fst",0.0406
"chr3",3799786,"fst",0.0224
"chr3",3894787,"fst",0.0539
"chr3",3989787,"fst",0.0785
"chr3",4084788,"fst",0.0727
"chr3",4179789,"fst",0.0718
"chr3",4274789,"fst",0.0641
"chr3",4369790,"fst",0.0652
"chr3",4464790,"fst",0.0857
"chr3",4559791,"fst",0.0803
"chr3",4654792,"fst",0.0982
"chr3",4749792,"fst",0.0811
"chr3",4844793,"fst",0.0886
"chr3",4939793,"fst",0.0615
"chr3",5034794,"fst",0.0509
"chr3",5129795,"fst",0.024
"chr3",5224795,"fst",0.0132
"chr3",5319796,"fst",0
"chr3",5414796,"fst",0.0156
"chr3",5509797,"fst",0
"chr3",5604798,"fst",0.0262
"chr3",5699798,"fst",0.0233
"chr3",5794799,"fst",0.0254
"chr3",5889799,"fst",0.0553
"chr3",5984800,"fst",0.0703
"chr3",6079800,"fst",0.1433
"chr3",6174801,"fst",0.131
"chr3",6269802,"fst",0.0956
"chr3",6364802,"fst",0.1051
"chr3",6459803,"fst",0.0963
"chr3",6554803,"fst",0.1139
"chr3",6649804,"fst",0.1308
"chr3",6744805,"fst",0.149
"chr3",6839805,"fst",0.146
"chr3",6934806,"fst",0.065
"chr3",7029806,"fst",0.0112
"chr3",7124807,"fst",0.064
"chr3",7219808,"fst",0.0781
"chr3",7314808,"fst",0.0672
"chr3",7409809,"fst",0.0288
"chr3",7504809,"fst",0.0932
"chr3",7599810,"fst",0.15
"chr3",7694811,"fst",0.207
"chr3",7789811,"fst",0.1589
"chr3",7884812,"fst",0.1912
"chr3",7979812,"fst",0.1828
"chr3",8074813,"fst",0.1558
"chr3",8169814,"fst",0.1748
"chr3",8264814,"fst",0.152
"chr3",8359815,"fst",0.1046
"chr3",8454815,"fst",0.0752
"chr3",8549816,"fst",0.0865
"chr3",8644817,"fst",0.041
"chr3",8739817,"fst",0.0256
"chr3",8834818,"fst",0.0442
"chr3",8929818,"fst",0.0942
"chr3",9024819,"fst",0.145
"chr3",9119819,"fst",0.1135
"chr3",9214820,"fst",0.0909
"chr3",9309821,"fst",0.1302
"chr3",9404821,"fst",0.1161
"chr3",9499822,"fst",0.0986
"chr3",9594822,"fst",0.0994
"chr3",9689823,"fst",0.0977
"chr3",9784824,"fst",0.0344
"chr3",9879824,"fst",0.0184
"chr3",9974825,"fst",0.0189
"chr3",10069825,"fst",0.0338
"chr3",10164826,"fst",0.0152
"chr3",10259827,"fst",0.0266
"chr3",10354827,"fst",0.0368
"chr3",10449828,"fst",0.0148
"chr3",10544828,"fst",0.0536
"chr3",10639829,"fst",0.0327
"chr3",10734830,"fst",0.0902
"chr3",10829830,"fst",0.1247
"chr3",10924831,"fst",0.0968
"chr3",11019831,"fst",0.1076
"chr3",11114832,"fst",0.0658
"chr3",11209833,"fst",0.1263
"chr3",11304833,"fst",0.1092
"chr3",11399834,"fst",0.1355
"chr3",11494834,"fst",0.1451
"chr3",11589835,"fst",0.165
"chr3",11684836,"fst",0.1438
"chr3",11779836,"fst",0.1555
"chr3",11874837,"fst",0.159
"chr3",11969837,"fst",0.1409
"chr3",12064838,"fst",0.1538
"chr3",12159838,"fst",0.1876
"chr3",12254839,"fst",0.1798
"chr3",12349840,"fst",0.1668
"chr3",12444840,"fst",0.1393
"chr3",12539841,"fst",0.1133
"chr3",12634841,"fst",0.132
"chr3",12729842,"fst",0.1631
"chr3",12824843,"fst",0.1795
"chr3",12919843,"fst",0.1734
"chr3",13014844,"fst",0.1485
"chr3",13109844,"fst",0.1805
"chr3",13204845,"fst",0.1215
"chr3",13299846,"fst",0.1435
"chr3",13394846,"fst",0.0892
"chr3",13489847,"fst",0.1281
"chr3",13584847,"fst",0.1375
"chr3",13679848,"fst",0.1225
"chr3",13774849,"fst",0.1644
"chr3",13869849,"fst",0.1073
"chr3",13964850,"fst",0.0319
"chr3",14059850,"fst",0.125
"chr3",14154851,"fst",0.1147
"chr3",14249852,"fst",0.154
"chr3",14344852,"fst",0.1375
"chr3",14439853,"fst",0.1182
"chr3",14534853,"fst",0.14
"chr3",14629854,"fst",0.1624
"chr3",14724855,"fst",0.2198
"chr3",14819855,"fst",0.2452
"chr3",14914856,"fst",0.2529
"chr3",15009856,"fst",0.3099
"chr3",15104857,"fst",0.3754
"chr3",15199857,"fst",0.4285
"chr3",15294858,"fst",0.3641
"chr3",15389859,"fst",0.3708
"chr3",15484859,"fst",0.3495
"chr3",15579860,"fst",0.3557
"chr3",15674860,"fst",0.4075
"chr3",15769861,"fst",0.3807
"chr3",15864862,"fst",0.481
"chr3",15959862,"fst",0.4747
"chr3",16054863,"fst",0.4827
"chr3",16149863,"fst",0.479
"chr3",16244864,"fst",0.4489
"chr3",16339865,"fst",0.4359
"chr3",16434865,"fst",0.3954
"chr3",16529866,"fst",0.3095
"chr3",16624866,"fst",0.2801
"chr3",16719867,"fst",0.2941
"chr3",16814868,"fst",0.3216
"chr3",16909868,"fst",0.3111
"chr3",17004869,"fst",0.349
"chr3",17099869,"fst",0.3838
"chr3",17194870,"fst",0.3659
"chr3",17289871,"fst",0.4346
"chr3",17384871,"fst",0.3819
"chr3",17479872,"fst",0.3841
"chr3",17574872,"fst",0.3747
"chr3",17669873,"fst",0.3432
"chr3",17764874,"fst",0.2797
"chr3",17859874,"fst",0.2539
"chr3",17954875,"fst",0.2145
"chr3",18049875,"fst",0.1843
"chr3",18144876,"fst",0.2047
"chr3",18239876,"fst",0.1964
"chr3",18334877,"fst",0.1924
"chr3",18429878,"fst",0.1798
"chr3",18524878,"fst",0.1835
"chr3",18619879,"fst",0.1079
"chr3",18714879,"fst",0.1593
"chr3",18809880,"fst",0.1525
"chr3",18904881,"fst",0.1508
"chr3",18999881,"fst",0.1287
"chr3",19094882,"fst",0.0846
"chr3",19189882,"fst",0.1311
"chr3",19284883,"fst",0.1225
"chr3",19379884,"fst",0.1045
"chr3",19474884,"fst",0.0822
"chr3",19569885,"fst",0.0809
"chr3",19664885,"fst",0.0504
"chr3",19759886,"fst",0.0467
"chr3",19854887,"fst",0.0918
"chr3",19949887,"fst",0.0591
"chr3",20044888,"fst",0.1014
"chr3",20139888,"fst",0.087
"chr3",20234889,"fst",0.1426
"chr3",20329890,"fst",0.0869
"chr3",20424890,"fst",0.0451
"chr3",20519891,"fst",0.0738
"chr3",20614891,"fst",0.0079
"chr3",20709892,"fst",0.0073
"chr3",20804893,"fst",0
"chr3",20899893,"fst",0
"chr3",20994894,"fst",0
"chr3",21089894,"fst",0
"chr3",21184895,"fst",0
"chr3",21279895,"fst",0.0199
"chr3",21374896,"fst",0.0895
"chr3",21469897,"fst",0.1005
"chr3",21564897,"fst",0.0462
"chr3",21659898,"fst",0.0666
"chr3",21754898,"fst",0.0637
"chr3",21849899,"fst",0.0774
"chr3",21944900,"fst",0.0677
"chr3",22039900,"fst",0.0942
"chr3",22134901,"fst",0.1486
"chr3",22229901,"fst",0.1706
"chr3",22324902,"fst",0.1896
"chr3",22419903,"fst",0.1871
"chr3",22514903,"fst",0.2573
"chr3",22609904,"fst",0.2257
"chr3",22704904,"fst",0.2068
"chr3",22799905,"fst",0.2175
"chr3",22894906,"fst",0.2109
"chr3",22989906,"fst",0.2347
"chr3",23084907,"fst",0.2059
"chr3",23179907,"fst",0.1893
"chr3",23274908,"fst",0.2027
"chr3",23369909,"fst",0.2348
"chr3",23464909,"fst",0.1982
"chr3",23559910,"fst",0.2009
"chr3",23654910,"fst",0.2428
"chr3",23749911,"fst",0.2679
"chr3",23844912,"fst",0.2215
"chr3",23939912,"fst",0.2579
"chr3",24034913,"fst",0.24
"chr3",24129913,"fst",0.1928
"chr3",24224914,"fst",0.2359
"chr3",24319914,"fst",0.2211
"chr3",24414915,"fst",0.2566
"chr3",24509916,"fst",0.1661
"chr3",24604916,"fst",0.1327
"chr3",24699917,"fst",0.128
"chr3",24794917,"fst",0.0733
"chr3",24889918,"fst",0.0552
"chr3",24984919,"fst",0.0297
"chr3",25079919,"fst",0.0952
"chr3",25174920,"fst",0.0936
"chr3",25269920,"fst",0.1173
"chr3",25364921,"fst",0.0976
"chr3",25459922,"fst",0.1221
"chr3",25554922,"fst",0.1255
"chr3",25649923,"fst",0.1219
"chr3",25744923,"fst",0.1364
"chr3",25839924,"fst",0.0862
"chr3",25934925,"fst",0.0265
"chr3",26029925,"fst",0.014
"chr3",26124926,"fst",0
"chr3",26219926,"fst",0
"chr3",26314927,"fst",0.0676
"chr3",26409928,"fst",0.0128
"chr3",26504928,"fst",0.0655
"chr3",26599929,"fst",0.037
"chr3",26694929,"fst",0.0497
"chr3",26789930,"fst",0.0796
"chr3",26884931,"fst",0.0574
"chr3",26979931,"fst",0.045
"chr3",27074932,"fst",0.0152
"chr3",27169932,"fst",0.0717
"chr3",27264933,"fst",0.0751
"chr3",27359933,"fst",0.0479
"chr3",27454934,"fst",0.0057
"chr3",27549935,"fst",0.032
"chr3",27644935,"fst",0.0565
"chr3",27739936,"fst",0.1054
"chr3",27834936,"fst",0.1352
"chr3",27929937,"fst",0.1316
"chr3",28024938,"fst",0.1445
"chr3",28119938,"fst",0.1288
"chr3",28214939,"fst",0.1026
"chr3",28309939,"fst",0.1166
"chr3",28404940,"fst",0.1003
"chr3",28499941,"fst",0.1055
"chr3",28594941,"fst",0.0801
"chr3",28689942,"fst",0.0874
"chr3",28784942,"fst",0.1091
"chr3",28879943,"fst",0.1508
"chr3",28974944,"fst",0.1668
"chr3",29069944,"fst",0.1794
"chr3",29164945,"fst",0.2138
"chr3",29259945,"fst",0.274
"chr3",29354946,"fst",0.295
"chr3",29449947,"fst",0.2548
"chr3",29544947,"fst",0.1939
"chr3",29639948,"fst",0.1639
"chr3",29734948,"fst",0.0776
"chr3",29829949,"fst",0.0687
"chr3",29924950,"fst",0.091
"chr3",30019950,"fst",0.1036
"chr3",30114951,"fst",0.1219
"chr3",30209951,"fst",0.1223
"chr3",30304952,"fst",0.1065
"chr3",30399952,"fst",0.1141
"chr3",30494953,"fst",0.0907
"chr3",30589954,"fst",0.0698
"chr3",30684954,"fst",0.0639
"chr3",30779955,"fst",0.0585
"chr3",30874955,"fst",0.0738
"chr3",30969956,"fst",0.1044
"chr3",31064957,"fst",0.1308
"chr3",31159957,"fst",0.1817
"chr3",31254958,"fst",0.1517
"chr3",31349958,"fst",0.1179
"chr3",31444959,"fst",0.1148
"chr3",31539960,"fst",0.0782
"chr3",31634960,"fst",0.0916
"chr3",31729961,"fst",0.0989
"chr3",31824961,"fst",0.1196
"chr3",31919962,"fst",0.1419
"chr3",32014963,"fst",0.1443
"chr3",32109963,"fst",0.1741
"chr3",32204964,"fst",0.1568
"chr3",32299964,"fst",0.2292
"chr3",32394965,"fst",0.2341
"chr3",32489966,"fst",0.2391
"chr3",32584966,"fst",0.2022
"chr3",32679967,"fst",0.1911
"chr3",32774967,"fst",0.1426
"chr3",32869968,"fst",0.1868
"chr3",32964969,"fst",0.1532
"chr3",33059969,"fst",0.109
"chr3",33154970,"fst",0.1402
"chr3",33249970,"fst",0.1409
"chr3",33344971,"fst",0.0963
"chr3",33439971,"fst",0.0458
"chr3",33534972,"fst",0.0141
"chr3",33629973,"fst",0.0134
"chr3",33724973,"fst",0
"chr3",33819974,"fst",0
"chr3",33914974,"fst",0
"chr3",34009975,"fst",0
"chr3",34104976,"fst",0
"chr3",34199976,"fst",0
"chr3",34294977,"fst",0
"chr3",34389977,"fst",0
"chr3",34484978,"fst",0
"chr3",34579979,"fst",0
"chr3",34674979,"fst",0
"chr3",34769980,"fst",0
"chr3",34864980,"fst",0.0077
"chr3",34959981,"fst",0
"chr3",35054982,"fst",0.0287
"chr3",35149982,"fst",0
"chr3",35244983,"fst",0.0471
"chr3",35339983,"fst",0.0238
"chr3",35434984,"fst",0.0621
"chr3",35529985,"fst",0.0156
"chr3",35624985,"fst",0.028
"chr3",35719986,"fst",0.0151
"chr3",35814986,"fst",0.0552
"chr3",35909987,"fst",0.0722
"chr3",36004988,"fst",0.0146
"chr3",36099988,"fst",0.0597
"chr3",36194989,"fst",0.0459
"chr3",36289989,"fst",0.0784
"chr3",36384990,"fst",0.0743
"chr3",36479990,"fst",0.1055
"chr3",36574991,"fst",0.059
"chr3",36669992,"fst",0.0492
"chr3",36764992,"fst",0.0496
"chr3",36859993,"fst",0.0441
"chr3",36954993,"fst",0.0397
"chr3",37049994,"fst",0.0503
"chr3",37144995,"fst",0.0662
"chr3",37239995,"fst",0.032
"chr3",37334996,"fst",0.0169
"chr3",37429996,"fst",0.0096
"chr3",37524997,"fst",0.0789
"chr3",37619998,"fst",0.0894
"chr3",37714998,"fst",0.0994
"chr3",37809999,"fst",0.0603
"chr3",37904999,"fst",0.061
"chr3",3.8e+07,"fst",0.0678
"chr3",94763,"pi",4.1074
"chr3",189764,"pi",4.3533
"chr3",284764,"pi",4.4684
"chr3",379765,"pi",4.5649
"chr3",474765,"pi",3.9288
"chr3",569766,"pi",4.0915
"chr3",664767,"pi",4.1729
"chr3",759767,"pi",4.9211
"chr3",854768,"pi",4.7391
"chr3",949768,"pi",4.8699
"chr3",1044769,"pi",4.8626
"chr3",1139770,"pi",4.3886
"chr3",1234770,"pi",4.0795
"chr3",1329771,"pi",3.6611
"chr3",1424771,"pi",4.6716
"chr3",1519772,"pi",4.1925
"chr3",1614773,"pi",4.4062
"chr3",1709773,"pi",3.9777
"chr3",1804774,"pi",3.9695
"chr3",1899774,"pi",2.9314
"chr3",1994775,"pi",2.6939
"chr3",2089776,"pi",2.8805
"chr3",2184776,"pi",3.0039
"chr3",2279777,"pi",3.201
"chr3",2374777,"pi",3.3035
"chr3",2469778,"pi",3.3064
"chr3",2564779,"pi",2.4183
"chr3",2659779,"pi",2.6301
"chr3",2754780,"pi",3.1594
"chr3",2849780,"pi",4.082
"chr3",2944781,"pi",4.8009
"chr3",3039781,"pi",4.4876
"chr3",3134782,"pi",4.051
"chr3",3229783,"pi",4.8764
"chr3",3324783,"pi",3.2109
"chr3",3419784,"pi",2.7338
"chr3",3514784,"pi",2.7462
"chr3",3609785,"pi",2.5968
"chr3",3704786,"pi",3.4245
"chr3",3799786,"pi",3.1378
"chr3",3894787,"pi",3.6334
"chr3",3989787,"pi",4.0198
"chr3",4084788,"pi",3.9278
"chr3",4179789,"pi",3.9145
"chr3",4274789,"pi",3.7928
"chr3",4369790,"pi",3.8108
"chr3",4464790,"pi",4.1322
"chr3",4559791,"pi",4.0483
"chr3",4654792,"pi",4.3282
"chr3",4749792,"pi",4.0603
"chr3",4844793,"pi",4.1785
"chr3",4939793,"pi",3.7523
"chr3",5034794,"pi",3.5862
"chr3",5129795,"pi",3.163
"chr3",5224795,"pi",2.9935
"chr3",5319796,"pi",2.7482
"chr3",5414796,"pi",3.0304
"chr3",5509797,"pi",2.7446
"chr3",5604798,"pi",3.1967
"chr3",5699798,"pi",3.152
"chr3",5794799,"pi",3.1851
"chr3",5889799,"pi",3.654
"chr3",5984800,"pi",3.8904
"chr3",6079800,"pi",5.0377
"chr3",6174801,"pi",4.8437
"chr3",6269802,"pi",4.2881
"chr3",6364802,"pi",4.4372
"chr3",6459803,"pi",4.2983
"chr3",6554803,"pi",4.5753
"chr3",6649804,"pi",4.8407
"chr3",6744805,"pi",5.1267
"chr3",6839805,"pi",5.0801
"chr3",6934806,"pi",3.8075
"chr3",7029806,"pi",2.9612
"chr3",7124807,"pi",3.7907
"chr3",7219808,"pi",4.0123
"chr3",7314808,"pi",3.8411
"chr3",7409809,"pi",3.239
"chr3",7504809,"pi",4.2504
"chr3",7599810,"pi",5.1422
"chr3",7694811,"pi",6.0388
"chr3",7789811,"pi",5.2829
"chr3",7884812,"pi",5.7903
"chr3",7979812,"pi",5.6586
"chr3",8074813,"pi",5.234
"chr3",8169814,"pi",5.5331
"chr3",8264814,"pi",5.1742
"chr3",8359815,"pi",4.4291
"chr3",8454815,"pi",3.9666
"chr3",8549816,"pi",4.1452
"chr3",8644817,"pi",3.4294
"chr3",8739817,"pi",3.1888
"chr3",8834818,"pi",3.4796
"chr3",8929818,"pi",4.2657
"chr3",9024819,"pi",5.0641
"chr3",9119819,"pi",4.5692
"chr3",9214820,"pi",4.2143
"chr3",9309821,"pi",4.8322
"chr3",9404821,"pi",4.6099
"chr3",9499822,"pi",4.3356
"chr3",9594822,"pi",4.3479
"chr3",9689823,"pi",4.3203
"chr3",9784824,"pi",3.3269
"chr3",9879824,"pi",3.0743
"chr3",9974825,"pi",3.0834
"chr3",10069825,"pi",3.3175
"chr3",10164826,"pi",3.0241
"chr3",10259827,"pi",3.2032
"chr3",10354827,"pi",3.3647
"chr3",10449828,"pi",3.0186
"chr3",10544828,"pi",3.6286
"chr3",10639829,"pi",3.3
"chr3",10734830,"pi",4.2024
"chr3",10829830,"pi",4.7447
"chr3",10924831,"pi",4.3059
"chr3",11019831,"pi",4.4766
"chr3",11114832,"pi",3.8193
"chr3",11209833,"pi",4.7696
"chr3",11304833,"pi",4.5005
"chr3",11399834,"pi",4.9132
"chr3",11494834,"pi",5.0636
"chr3",11589835,"pi",5.3761
"chr3",11684836,"pi",5.0422
"chr3",11779836,"pi",5.2248
"chr3",11874837,"pi",5.2782
"chr3",11969837,"pi",4.9908
"chr3",12064838,"pi",5.1903
"chr3",12159838,"pi",5.7155
"chr3",12254839,"pi",5.5874
"chr3",12349840,"pi",5.3763
"chr3",12444840,"pi",4.9335
"chr3",12539841,"pi",4.5124
"chr3",12634841,"pi",4.7887
"chr3",12729842,"pi",5.2574
"chr3",12824843,"pi",5.4898
"chr3",12919843,"pi",5.3619
"chr3",13014844,"pi",4.9309
"chr3",13109844,"pi",5.3851
"chr3",13204845,"pi",4.3995
"chr3",13299846,"pi",4.6753
"chr3",13394846,"pi",3.7386
"chr3",13489847,"pi",4.2525
"chr3",13584847,"pi",4.285
"chr3",13679848,"pi",3.9169
"chr3",13774849,"pi",4.4242
"chr3",13869849,"pi",3.3543
"chr3",13964850,"pi",1.9737
"chr3",14059850,"pi",3.2209
"chr3",14154851,"pi",2.8194
"chr3",14249852,"pi",3.1748
"chr3",14344852,"pi",2.6332
"chr3",14439853,"pi",2.0256
"chr3",14534853,"pi",2.0476
"chr3",14629854,"pi",2.0643
"chr3",14724855,"pi",2.6192
"chr3",14819855,"pi",2.6654
"chr3",14914856,"pi",2.4306
"chr3",15009856,"pi",2.9735
"chr3",15104857,"pi",3.6589
"chr3",15199857,"pi",4.1631
"chr3",15294858,"pi",2.8435
"chr3",15389859,"pi",2.6673
"chr3",15484859,"pi",2.0837
"chr3",15579860,"pi",1.9693
"chr3",15674860,"pi",2.6145
"chr3",15769861,"pi",2.0695
"chr3",15864862,"pi",3.5699
"chr3",15959862,"pi",3.4458
"chr3",16054863,"pi",3.597
"chr3",16149863,"pi",3.6138
"chr3",16244864,"pi",3.2648
"chr3",16339865,"pi",3.2292
"chr3",16434865,"pi",2.8038
"chr3",16529866,"pi",1.703
"chr3",16624866,"pi",1.5233
"chr3",16719867,"pi",2.0505
"chr3",16814868,"pi",2.8122
"chr3",16909868,"pi",2.9911
"chr3",17004869,"pi",3.939
"chr3",17099869,"pi",4.8421
"chr3",17194870,"pi",4.9138
"chr3",17289871,"pi",6.341
"chr3",17384871,"pi",5.8487
"chr3",17479872,"pi",6.2029
"chr3",17574872,"pi",6.3596
"chr3",17669873,"pi",6.1474
"chr3",17764874,"pi",5.4112
"chr3",17859874,"pi",5.2451
"chr3",17954875,"pi",4.8426
"chr3",18049875,"pi",4.5634
"chr3",18144876,"pi",5.0565
"chr3",18239876,"pi",5.0785
"chr3",18334877,"pi",5.148
"chr3",18429878,"pi",5.0652
"chr3",18524878,"pi",5.2213
"chr3",18619879,"pi",4.1161
"chr3",18714879,"pi",4.9936
"chr3",18809880,"pi",4.9444
"chr3",18904881,"pi",4.9665
"chr3",18999881,"pi",4.6595
"chr3",19094882,"pi",3.9972
"chr3",19189882,"pi",4.7548
"chr3",19284883,"pi",4.6406
"chr3",19379884,"pi",4.3737
"chr3",19474884,"pi",4.0367
"chr3",19569885,"pi",4.0257
"chr3",19664885,"pi",3.5548
"chr3",19759886,"pi",3.5019
"chr3",19854887,"pi",4.2162
"chr3",19949887,"pi",3.7043
"chr3",20044888,"pi",4.3727
"chr3",20139888,"pi",4.1481
"chr3",20234889,"pi",5.0231
"chr3",20329890,"pi",4.1487
"chr3",20424890,"pi",3.492
"chr3",20519891,"pi",3.9445
"chr3",20614891,"pi",2.9095
"chr3",20709892,"pi",2.9004
"chr3",20804893,"pi",2.2435
"chr3",20899893,"pi",2.3162
"chr3",20994894,"pi",1.9416
"chr3",21089894,"pi",2.0079
"chr3",21184895,"pi",1.8992
"chr3",21279895,"pi",3.0979
"chr3",21374896,"pi",4.1923
"chr3",21469897,"pi",4.3644
"chr3",21564897,"pi",3.5113
"chr3",21659898,"pi",3.8319
"chr3",21754898,"pi",3.7863
"chr3",21849899,"pi",4.0017
"chr3",21944900,"pi",3.8493
"chr3",22039900,"pi",4.2658
"chr3",22134901,"pi",5.1209
"chr3",22229901,"pi",5.4666
"chr3",22324902,"pi",5.7659
"chr3",22419903,"pi",5.7253
"chr3",22514903,"pi",6.8287
"chr3",22609904,"pi",6.3326
"chr3",22704904,"pi",6.0355
"chr3",22799905,"pi",6.2041
"chr3",22894906,"pi",6.0996
"chr3",22989906,"pi",6.4736
"chr3",23084907,"pi",6.022
"chr3",23179907,"pi",5.7608
"chr3",23274908,"pi",5.9705
"chr3",23369909,"pi",6.4755
"chr3",23464909,"pi",5.8996
"chr3",23559910,"pi",5.9423
"chr3",23654910,"pi",6.6008
"chr3",23749911,"pi",6.9949
"chr3",23844912,"pi",6.2659
"chr3",23939912,"pi",6.8386
"chr3",24034913,"pi",6.5564
"chr3",24129913,"pi",5.8159
"chr3",24224914,"pi",6.4926
"chr3",24319914,"pi",6.2596
"chr3",24414915,"pi",6.8183
"chr3",24509916,"pi",5.3966
"chr3",24604916,"pi",4.8715
"chr3",24699917,"pi",4.7967
"chr3",24794917,"pi",3.9375
"chr3",24889918,"pi",3.6534
"chr3",24984919,"pi",3.2525
"chr3",25079919,"pi",4.2822
"chr3",25174920,"pi",4.2571
"chr3",25269920,"pi",4.6291
"chr3",25364921,"pi",4.3191
"chr3",25459922,"pi",4.7037
"chr3",25554922,"pi",4.7584
"chr3",25649923,"pi",4.7017
"chr3",25744923,"pi",4.9298
"chr3",25839924,"pi",4.1406
"chr3",25934925,"pi",3.2027
"chr3",26029925,"pi",3.0061
"chr3",26124926,"pi",2.3473
"chr3",26219926,"pi",1.9938
"chr3",26314927,"pi",3.8479
"chr3",26409928,"pi",2.9872
"chr3",26504928,"pi",3.8144
"chr3",26599929,"pi",3.3674
"chr3",26694929,"pi",3.5664
"chr3",26789930,"pi",4.0359
"chr3",26884931,"pi",3.6878
"chr3",26979931,"pi",3.4927
"chr3",27074932,"pi",3.025
"chr3",27169932,"pi",3.9124
"chr3",27264933,"pi",3.9655
"chr3",27359933,"pi",3.5389
"chr3",27454934,"pi",2.8747
"chr3",27549935,"pi",3.2884
"chr3",27644935,"pi",3.6735
"chr3",27739936,"pi",4.4423
"chr3",27834936,"pi",4.9105
"chr3",27929937,"pi",4.8534
"chr3",28024938,"pi",5.0564
"chr3",28119938,"pi",4.8094
"chr3",28214939,"pi",4.3982
"chr3",28309939,"pi",4.6185
"chr3",28404940,"pi",4.3619
"chr3",28499941,"pi",4.4441
"chr3",28594941,"pi",4.0449
"chr3",28689942,"pi",4.1584
"chr3",28784942,"pi",4.5005
"chr3",28879943,"pi",5.1556
"chr3",28974944,"pi",5.4066
"chr3",29069944,"pi",5.6042
"chr3",29164945,"pi",6.146
"chr3",29259945,"pi",7.0907
"chr3",29354946,"pi",7.4219
"chr3",29449947,"pi",6.7901
"chr3",29544947,"pi",5.8333
"chr3",29639948,"pi",5.3617
"chr3",29734948,"pi",4.0049
"chr3",29829949,"pi",3.8649
"chr3",29924950,"pi",4.2156
"chr3",30019950,"pi",4.4129
"chr3",30114951,"pi",4.702
"chr3",30209951,"pi",4.7072
"chr3",30304952,"pi",4.459
"chr3",30399952,"pi",4.5782
"chr3",30494953,"pi",4.211
"chr3",30589954,"pi",3.8825
"chr3",30684954,"pi",3.7902
"chr3",30779955,"pi",3.7047
"chr3",30874955,"pi",3.9447
"chr3",30969956,"pi",4.4265
"chr3",31064957,"pi",4.8419
"chr3",31159957,"pi",5.6413
"chr3",31254958,"pi",5.1697
"chr3",31349958,"pi",4.6381
"chr3",31444959,"pi",4.5894
"chr3",31539960,"pi",4.0144
"chr3",31634960,"pi",4.2245
"chr3",31729961,"pi",4.3395
"chr3",31824961,"pi",4.6649
"chr3",31919962,"pi",5.0152
"chr3",32014963,"pi",5.0536
"chr3",32109963,"pi",5.5209
"chr3",32204964,"pi",5.2499
"chr3",32299964,"pi",6.3879
"chr3",32394965,"pi",6.4651
"chr3",32489966,"pi",6.5428
"chr3",32584966,"pi",5.9633
"chr3",32679967,"pi",5.7892
"chr3",32774967,"pi",5.0267
"chr3",32869968,"pi",5.7207
"chr3",32964969,"pi",5.1934
"chr3",33059969,"pi",4.498
"chr3",33154970,"pi",4.9891
"chr3",33249970,"pi",5.0002
"chr3",33344971,"pi",4.2987
"chr3",33439971,"pi",3.5059
"chr3",33534972,"pi",3.0072
"chr3",33629973,"pi",2.9965
"chr3",33724973,"pi",2.1134
"chr3",33819974,"pi",1.8939
"chr3",33914974,"pi",1.6642
"chr3",34009975,"pi",2.5527
"chr3",34104976,"pi",1.9776
"chr3",34199976,"pi",2.142
"chr3",34294977,"pi",2.5478
"chr3",34389977,"pi",1.8865
"chr3",34484978,"pi",1.5833
"chr3",34579979,"pi",2.5036
"chr3",34674979,"pi",2.6875
"chr3",34769980,"pi",2.7184
"chr3",34864980,"pi",2.9068
"chr3",34959981,"pi",2.7417
"chr3",35054982,"pi",3.2372
"chr3",35149982,"pi",2.7352
"chr3",35244983,"pi",3.5264
"chr3",35339983,"pi",3.1597
"chr3",35434984,"pi",3.7619
"chr3",35529985,"pi",3.0301
"chr3",35624985,"pi",3.2253
"chr3",35719986,"pi",3.0232
"chr3",35814986,"pi",3.6528
"chr3",35909987,"pi",3.921
"chr3",36004988,"pi",3.0145
"chr3",36099988,"pi",3.7233
"chr3",36194989,"pi",3.5068
"chr3",36289989,"pi",4.0181
"chr3",36384990,"pi",3.954
"chr3",36479990,"pi",4.4431
"chr3",36574991,"pi",3.7128
"chr3",36669992,"pi",3.5583
"chr3",36764992,"pi",3.5648
"chr3",36859993,"pi",3.4788
"chr3",36954993,"pi",3.4092
"chr3",37049994,"pi",3.5761
"chr3",37144995,"pi",3.8267
"chr3",37239995,"pi",3.2889
"chr3",37334996,"pi",3.0509
"chr3",37429996,"pi",2.9361
"chr3",37524997,"pi",4.0254
"chr3",37619998,"pi",4.1901
"chr3",37714998,"pi",4.3474
"chr3",37809999,"pi",3.7328
"chr3",37904999,"pi",3.7442
"chr3",3.8e+07,"pi",3.8504
"chr3",94763,"tajima",0.0406
"chr3",189764,"tajima",0.3311
"chr3",284764,"tajima",0.4672
"chr3",379765,"tajima",0.5813
"chr3",474765,"tajima",-0.1705
"chr3",569766,"tajima",0.0218
"chr3",664767,"tajima",0.1179
"chr3",759767,"tajima",1.0022
"chr3",854768,"tajima",0.7871
"chr3",949768,"tajima",0.9416
"chr3",1044769,"tajima",0.9331
"chr3",1139770,"tajima",0.3729
"chr3",1234770,"tajima",0.0076
"chr3",1329771,"tajima",-0.4869
"chr3",1424771,"tajima",0.7074
"chr3",1519772,"tajima",0.1411
"chr3",1614773,"tajima",0.3937
"chr3",1709773,"tajima",-0.1128
"chr3",1804774,"tajima",-0.1224
"chr3",1899774,"tajima",-1.3492
"chr3",1994775,"tajima",-1.6299
"chr3",2089776,"tajima",-1.4095
"chr3",2184776,"tajima",-1.2636
"chr3",2279777,"tajima",-1.0307
"chr3",2374777,"tajima",-0.9095
"chr3",2469778,"tajima",-0.9061
"chr3",2564779,"tajima",-1.9556
"chr3",2659779,"tajima",-1.7053
"chr3",2754780,"tajima",-1.0798
"chr3",2849780,"tajima",0.0105
"chr3",2944781,"tajima",0.8602
"chr3",3039781,"tajima",0.4898
"chr3",3134782,"tajima",-0.026
"chr3",3229783,"tajima",0.9494
"chr3",3324783,"tajima",-1.0189
"chr3",3419784,"tajima",-1.5828
"chr3",3514784,"tajima",-1.5681
"chr3",3609785,"tajima",-1.7447
"chr3",3704786,"tajima",-0.7666
"chr3",3799786,"tajima",-1.1053
"chr3",3894787,"tajima",-0.5197
"chr3",3989787,"tajima",-0.0629
"chr3",4084788,"tajima",-0.1717
"chr3",4179789,"tajima",-0.1874
"chr3",4274789,"tajima",-0.3312
"chr3",4369790,"tajima",-0.3099
"chr3",4464790,"tajima",0.0698
"chr3",4559791,"tajima",-0.0292
"chr3",4654792,"tajima",0.3015
"chr3",4749792,"tajima",-0.0151
"chr3",4844793,"tajima",0.1246
"chr3",4939793,"tajima",-0.3791
"chr3",5034794,"tajima",-0.5754
"chr3",5129795,"tajima",-1.0756
"chr3",5224795,"tajima",-1.2758
"chr3",5319796,"tajima",-1.5658
"chr3",5414796,"tajima",-1.2322
"chr3",5509797,"tajima",-1.57
"chr3",5604798,"tajima",-1.0357
"chr3",5699798,"tajima",-1.0885
"chr3",5794799,"tajima",-1.0495
"chr3",5889799,"tajima",-0.4952
"chr3",5984800,"tajima",-0.2159
"chr3",6079800,"tajima",1.1401
"chr3",6174801,"tajima",0.9107
"chr3",6269802,"tajima",0.2541
"chr3",6364802,"tajima",0.4304
"chr3",6459803,"tajima",0.2662
"chr3",6554803,"tajima",0.5935
"chr3",6649804,"tajima",0.9072
"chr3",6744805,"tajima",1.2452
"chr3",6839805,"tajima",1.1901
"chr3",6934806,"tajima",-0.3138
"chr3",7029806,"tajima",-1.3141
"chr3",7124807,"tajima",-0.3338
"chr3",7219808,"tajima",-0.0719
"chr3",7314808,"tajima",-0.2742
"chr3",7409809,"tajima",-0.9857
"chr3",7504809,"tajima",0.2096
"chr3",7599810,"tajima",1.2635
"chr3",7694811,"tajima",2.3231
"chr3",7789811,"tajima",1.4298
"chr3",7884812,"tajima",2.0294
"chr3",7979812,"tajima",1.8738
"chr3",8074813,"tajima",1.3721
"chr3",8169814,"tajima",1.7254
"chr3",8264814,"tajima",1.3013
"chr3",8359815,"tajima",0.4208
"chr3",8454815,"tajima",-0.1258
"chr3",8549816,"tajima",0.0853
"chr3",8644817,"tajima",-0.7607
"chr3",8739817,"tajima",-1.0451
"chr3",8834818,"tajima",-0.7014
"chr3",8929818,"tajima",0.2276
"chr3",9024819,"tajima",1.1712
"chr3",9119819,"tajima",0.5863
"chr3",9214820,"tajima",0.1669
"chr3",9309821,"tajima",0.8972
"chr3",9404821,"tajima",0.6345
"chr3",9499822,"tajima",0.3102
"chr3",9594822,"tajima",0.3248
"chr3",9689823,"tajima",0.2922
"chr3",9784824,"tajima",-0.8818
"chr3",9879824,"tajima",-1.1804
"chr3",9974825,"tajima",-1.1696
"chr3",10069825,"tajima",-0.8929
"chr3",10164826,"tajima",-1.2397
"chr3",10259827,"tajima",-1.028
"chr3",10354827,"tajima",-0.8372
"chr3",10449828,"tajima",-1.2462
"chr3",10544828,"tajima",-0.5253
"chr3",10639829,"tajima",-0.9136
"chr3",10734830,"tajima",0.1529
"chr3",10829830,"tajima",0.7938
"chr3",10924831,"tajima",0.2752
"chr3",11019831,"tajima",0.4769
"chr3",11114832,"tajima",-0.2999
"chr3",11209833,"tajima",0.8232
"chr3",11304833,"tajima",0.5051
"chr3",11399834,"tajima",0.9929
"chr3",11494834,"tajima",1.1706
"chr3",11589835,"tajima",1.54
"chr3",11684836,"tajima",1.1454
"chr3",11779836,"tajima",1.3613
"chr3",11874837,"tajima",1.4244
"chr3",11969837,"tajima",1.0849
"chr3",12064838,"tajima",1.3208
"chr3",12159838,"tajima",1.9417
"chr3",12254839,"tajima",1.7904
"chr3",12349840,"tajima",1.5413
"chr3",12444840,"tajima",1.0183
"chr3",12539841,"tajima",0.5211
"chr3",12634841,"tajima",0.8482
"chr3",12729842,"tajima",1.4029
"chr3",12824843,"tajima",1.6783
"chr3",12919843,"tajima",1.5283
"chr3",13014844,"tajima",1.0203
"chr3",13109844,"tajima",1.5588
"chr3",13204845,"tajima",0.396
"chr3",13299846,"tajima",0.7244
"chr3",13394846,"tajima",-0.3797
"chr3",13489847,"tajima",0.231
"chr3",13584847,"tajima",0.2734
"chr3",13679848,"tajima",-0.157
"chr3",13774849,"tajima",0.4479
"chr3",13869849,"tajima",-0.8106
"chr3",13964850,"tajima",-2.4355
"chr3",14059850,"tajima",-0.954
"chr3",14154851,"tajima",-1.4201
"chr3",14249852,"tajima",-0.991
"chr3",14344852,"tajima",-1.6213
"chr3",14439853,"tajima",-2.3288
"chr3",14534853,"tajima",-2.2917
"chr3",14629854,"tajima",-2.2603
"chr3",14724855,"tajima",-1.5924
"chr3",14819855,"tajima",-1.5255
"chr3",14914856,"tajima",-1.7906
"chr3",15009856,"tajima",-1.1367
"chr3",15104857,"tajima",-0.3148
"chr3",15199857,"tajima",0.2925
"chr3",15294858,"tajima",-1.2563
"chr3",15389859,"tajima",-1.4547
"chr3",15484859,"tajima",-2.1358
"chr3",15579860,"tajima",-2.2636
"chr3",15674860,"tajima",-1.4953
"chr3",15769861,"tajima",-2.135
"chr3",15864862,"tajima",-0.3592
"chr3",15959862,"tajima",-0.505
"chr3",16054863,"tajima",-0.3272
"chr3",16149863,"tajima",-0.3099
"chr3",16244864,"tajima",-0.7267
"chr3",16339865,"tajima",-0.7746
"chr3",16434865,"tajima",-1.2847
"chr3",16529866,"tajima",-2.5943
"chr3",16624866,"tajima",-2.8165
"chr3",16719867,"tajima",-2.2041
"chr3",16814868,"tajima",-1.3153
"chr3",16909868,"tajima",-1.1159
"chr3",17004869,"tajima",-0.0079
"chr3",17099869,"tajima",1.047
"chr3",17194870,"tajima",1.1194
"chr3",17289871,"tajima",2.7941
"chr3",17384871,"tajima",2.2006
"chr3",17479872,"tajima",2.6081
"chr3",17574872,"tajima",2.7827
"chr3",17669873,"tajima",2.5221
"chr3",17764874,"tajima",1.643
"chr3",17859874,"tajima",1.4383
"chr3",17954875,"tajima",0.9551
"chr3",18049875,"tajima",0.6183
"chr3",18144876,"tajima",1.1951
"chr3",18239876,"tajima",1.2158
"chr3",18334877,"tajima",1.2933
"chr3",18429878,"tajima",1.1915
"chr3",18524878,"tajima",1.3726
"chr3",18619879,"tajima",0.0635
"chr3",18714879,"tajima",1.0982
"chr3",18809880,"tajima",1.038
"chr3",18904881,"tajima",1.0624
"chr3",18999881,"tajima",0.6983
"chr3",19094882,"tajima",-0.0856
"chr3",19189882,"tajima",0.8089
"chr3",19284883,"tajima",0.6731
"chr3",19379884,"tajima",0.3571
"chr3",19474884,"tajima",-0.0416
"chr3",19569885,"tajima",-0.0549
"chr3",19664885,"tajima",-0.6116
"chr3",19759886,"tajima",-0.6745
"chr3",19854887,"tajima",0.1696
"chr3",19949887,"tajima",-0.4355
"chr3",20044888,"tajima",0.3544
"chr3",20139888,"tajima",0.0888
"chr3",20234889,"tajima",1.1229
"chr3",20329890,"tajima",0.0894
"chr3",20424890,"tajima",-0.6867
"chr3",20519891,"tajima",-0.1519
"chr3",20614891,"tajima",-1.3751
"chr3",20709892,"tajima",-1.3859
"chr3",20804893,"tajima",-2.1623
"chr3",20899893,"tajima",-2.0763
"chr3",20994894,"tajima",-2.519
"chr3",21089894,"tajima",-2.4406
"chr3",21184895,"tajima",-2.5691
"chr3",21279895,"tajima",-1.1524
"chr3",21374896,"tajima",0.141
"chr3",21469897,"tajima",0.3443
"chr3",21564897,"tajima",-0.6639
"chr3",21659898,"tajima",-0.285
"chr3",21754898,"tajima",-0.3389
"chr3",21849899,"tajima",-0.0844
"chr3",21944900,"tajima",-0.2644
"chr3",22039900,"tajima",0.2278
"chr3",22134901,"tajima",1.2384
"chr3",22229901,"tajima",1.6469
"chr3",22324902,"tajima",2.0006
"chr3",22419903,"tajima",1.9526
"chr3",22514903,"tajima",3
"chr3",22609904,"tajima",2.6704
"chr3",22704904,"tajima",2.3193
"chr3",22799905,"tajima",2.5185
"chr3",22894906,"tajima",2.395
"chr3",22989906,"tajima",2.837
"chr3",23084907,"tajima",2.3033
"chr3",23179907,"tajima",1.9946
"chr3",23274908,"tajima",2.2424
"chr3",23369909,"tajima",2.8392
"chr3",23464909,"tajima",2.1586
"chr3",23559910,"tajima",2.2091
"chr3",23654910,"tajima",2.9873
"chr3",23749911,"tajima",3
"chr3",23844912,"tajima",2.5915
"chr3",23939912,"tajima",3
"chr3",24034913,"tajima",2.9348
"chr3",24129913,"tajima",2.0597
"chr3",24224914,"tajima",2.8594
"chr3",24319914,"tajima",2.5841
"chr3",24414915,"tajima",3
"chr3",24509916,"tajima",1.5641
"chr3",24604916,"tajima",0.9436
"chr3",24699917,"tajima",0.8552
"chr3",24794917,"tajima",-0.1603
"chr3",24889918,"tajima",-0.4959
"chr3",24984919,"tajima",-0.9698
"chr3",25079919,"tajima",0.2472
"chr3",25174920,"tajima",0.2175
"chr3",25269920,"tajima",0.6571
"chr3",25364921,"tajima",0.2908
"chr3",25459922,"tajima",0.7453
"chr3",25554922,"tajima",0.8099
"chr3",25649923,"tajima",0.743
"chr3",25744923,"tajima",1.0125
"chr3",25839924,"tajima",0.0798
"chr3",25934925,"tajima",-1.0287
"chr3",26029925,"tajima",-1.2609
"chr3",26124926,"tajima",-2.0395
"chr3",26219926,"tajima",-2.4573
"chr3",26314927,"tajima",-0.2661
"chr3",26409928,"tajima",-1.2833
"chr3",26504928,"tajima",-0.3057
"chr3",26599929,"tajima",-0.834
"chr3",26694929,"tajima",-0.5988
"chr3",26789930,"tajima",-0.0439
"chr3",26884931,"tajima",-0.4553
"chr3",26979931,"tajima",-0.6859
"chr3",27074932,"tajima",-1.2386
"chr3",27169932,"tajima",-0.1899
"chr3",27264933,"tajima",-0.1272
"chr3",27359933,"tajima",-0.6314
"chr3",27454934,"tajima",-1.4163
"chr3",27549935,"tajima",-0.9273
"chr3",27644935,"tajima",-0.4722
"chr3",27739936,"tajima",0.4364
"chr3",27834936,"tajima",0.9897
"chr3",27929937,"tajima",0.9222
"chr3",28024938,"tajima",1.1621
"chr3",28119938,"tajima",0.8702
"chr3",28214939,"tajima",0.3842
"chr3",28309939,"tajima",0.6446
"chr3",28404940,"tajima",0.3413
"chr3",28499941,"tajima",0.4385
"chr3",28594941,"tajima",-0.0333
"chr3",28689942,"tajima",0.1009
"chr3",28784942,"tajima",0.5051
"chr3",28879943,"tajima",1.2793
"chr3",28974944,"tajima",1.576
"chr3",29069944,"tajima",1.8096
"chr3",29164945,"tajima",2.4499
"chr3",29259945,"tajima",3
"chr3",29354946,"tajima",3
"chr3",29449947,"tajima",3
"chr3",29544947,"tajima",2.0802
"chr3",29639948,"tajima",1.5229
"chr3",29734948,"tajima",-0.0806
"chr3",29829949,"tajima",-0.246
"chr3",29924950,"tajima",0.1685
"chr3",30019950,"tajima",0.4016
"chr3",30114951,"tajima",0.7433
"chr3",30209951,"tajima",0.7494
"chr3",30304952,"tajima",0.4561
"chr3",30399952,"tajima",0.5969
"chr3",30494953,"tajima",0.163
"chr3",30589954,"tajima",-0.2252
"chr3",30684954,"tajima",-0.3343
"chr3",30779955,"tajima",-0.4353
"chr3",30874955,"tajima",-0.1517
"chr3",30969956,"tajima",0.4177
"chr3",31064957,"tajima",0.9086
"chr3",31159957,"tajima",1.8533
"chr3",31254958,"tajima",1.296
"chr3",31349958,"tajima",0.6678
"chr3",31444959,"tajima",0.6101
"chr3",31539960,"tajima",-0.0693
"chr3",31634960,"tajima",0.1789
"chr3",31729961,"tajima",0.3149
"chr3",31824961,"tajima",0.6995
"chr3",31919962,"tajima",1.1134
"chr3",32014963,"tajima",1.1589
"chr3",32109963,"tajima",1.7111
"chr3",32204964,"tajima",1.3908
"chr3",32299964,"tajima",2.7357
"chr3",32394965,"tajima",2.8269
"chr3",32489966,"tajima",2.9188
"chr3",32584966,"tajima",2.2339
"chr3",32679967,"tajima",2.0282
"chr3",32774967,"tajima",1.127
"chr3",32869968,"tajima",1.9472
"chr3",32964969,"tajima",1.324
"chr3",33059969,"tajima",0.5022
"chr3",33154970,"tajima",1.0826
"chr3",33249970,"tajima",1.0957
"chr3",33344971,"tajima",0.2667
"chr3",33439971,"tajima",-0.6703
"chr3",33534972,"tajima",-1.2597
"chr3",33629973,"tajima",-1.2724
"chr3",33724973,"tajima",-2.3159
"chr3",33819974,"tajima",-2.5753
"chr3",33914974,"tajima",-2.8468
"chr3",34009975,"tajima",-1.7969
"chr3",34104976,"tajima",-2.4764
"chr3",34199976,"tajima",-2.2822
"chr3",34294977,"tajima",-1.8026
"chr3",34389977,"tajima",-2.5842
"chr3",34484978,"tajima",-2.9425
"chr3",34579979,"tajima",-1.8548
"chr3",34674979,"tajima",-1.6375
"chr3",34769980,"tajima",-1.6009
"chr3",34864980,"tajima",-1.3783
"chr3",34959981,"tajima",-1.5735
"chr3",35054982,"tajima",-0.9878
"chr3",35149982,"tajima",-1.5811
"chr3",35244983,"tajima",-0.6461
"chr3",35339983,"tajima",-1.0795
"chr3",35434984,"tajima",-0.3678
"chr3",35529985,"tajima",-1.2326
"chr3",35624985,"tajima",-1.0019
"chr3",35719986,"tajima",-1.2408
"chr3",35814986,"tajima",-0.4967
"chr3",35909987,"tajima",-0.1798
"chr3",36004988,"tajima",-1.2511
"chr3",36099988,"tajima",-0.4134
"chr3",36194989,"tajima",-0.6692
"chr3",36289989,"tajima",-0.065
"chr3",36384990,"tajima",-0.1407
"chr3",36479990,"tajima",0.4373
"chr3",36574991,"tajima",-0.4258
"chr3",36669992,"tajima",-0.6084
"chr3",36764992,"tajima",-0.6006
"chr3",36859993,"tajima",-0.7024
"chr3",36954993,"tajima",-0.7845
"chr3",37049994,"tajima",-0.5873
"chr3",37144995,"tajima",-0.2911
"chr3",37239995,"tajima",-0.9268
"chr3",37334996,"tajima",-1.208
"chr3",37429996,"tajima",-1.3437
"chr3",37524997,"tajima",-0.0563
"chr3",37619998,"tajima",0.1383
"chr3",37714998,"tajima",0.3242
"chr3",37809999,"tajima",-0.4021
"chr3",37904999,"tajima",-0.3887
"chr3",3.8e+07,"tajima",-0.2631
"chr4",77307,"fst",0.0919
"chr4",154807,"fst",0.0519
"chr4",232308,"fst",0.0887
"chr4",309808,"fst",0.1984
"chr4",387309,"fst",0.2003
"chr4",464809,"fst",0.2246
"chr4",542310,"fst",0.2168
"chr4",619810,"fst",0.203
"chr4",697311,"fst",0.1345
"chr4",774811,"fst",0.1248
"chr4",852312,"fst",0.129
"chr4",929812,"fst",0.0969
"chr4",1007313,"fst",0.1596
"chr4",1084813,"fst",0.0786
"chr4",1162314,"fst",0.0703
"chr4",1239814,"fst",0.0659
"chr4",1317314,"fst",0.0414
"chr4",1394815,"fst",0.1102
"chr4",1472315,"fst",0.0887
"chr4",1549816,"fst",0.0553
"chr4",1627316,"fst",0.0607
"chr4",1704817,"fst",0.0794
"chr4",1782317,"fst",0.0974
"chr4",1859818,"fst",0.143
"chr4",1937318,"fst",0.1155
"chr4",2014819,"fst",0.0848
"chr4",2092319,"fst",0.1502
"chr4",2169820,"fst",0.1234
"chr4",2247320,"fst",0.0574
"chr4",2324821,"fst",0.1014
"chr4",2402321,"fst",0.1288
"chr4",2479822,"fst",0.1396
"chr4",2557322,"fst",0.1316
"chr4",2634823,"fst",0.0809
"chr4",2712323,"fst",0.073
"chr4",2789824,"fst",0.0981
"chr4",2867324,"fst",0.0454
"chr4",2944825,"fst",0.031
"chr4",3022325,"fst",0.1324
"chr4",3099826,"fst",0.1361
"chr4",3177326,"fst",0.0938
"chr4",3254827,"fst",0.1012
"chr4",3332327,"fst",0.0964
"chr4",3409828,"fst",0.1143
"chr4",3487328,"fst",0.1455
"chr4",3564829,"fst",0.1252
"chr4",3642329,"fst",0.1487
"chr4",3719829,"fst",0.1584
"chr4",3797330,"fst",0.0742
"chr4",3874830,"fst",0.0882
"chr4",3952331,"fst",0.0777
"chr4",4029831,"fst",0.0696
"chr4",4107332,"fst",0.1013
"chr4",4184832,"fst",0.0703
"chr4",4262333,"fst",0.0803
"chr4",4339833,"fst",0.1167
"chr4",4417334,"fst",0.0824
"chr4",4494834,"fst",0.0695
"chr4",4572335,"fst",0.056
"chr4",4649835,"fst",0.0352
"chr4",4727336,"fst",0.0598
"chr4",4804836,"fst",0.1023
"chr4",4882337,"fst",0.086
"chr4",4959837,"fst",0.0715
"chr4",5037338,"fst",0.0809
"chr4",5114838,"fst",0.0413
"chr4",5192339,"fst",0.0551
"chr4",5269839,"fst",0.1022
"chr4",5347340,"fst",0.0816
"chr4",5424840,"fst",0.1337
"chr4",5502341,"fst",0.1897
"chr4",5579841,"fst",0.2065
"chr4",5657342,"fst",0.1747
"chr4",5734842,"fst",0.1498
"chr4",5812343,"fst",0.151
"chr4",5889843,"fst",0.1813
"chr4",5967344,"fst",0.1727
"chr4",6044844,"fst",0.2228
"chr4",6122345,"fst",0.238
"chr4",6199845,"fst",0.1626
"chr4",6277345,"fst",0.1365
"chr4",6354846,"fst",0.1055
"chr4",6432346,"fst",0.0771
"chr4",6509847,"fst",0.087
"chr4",6587347,"fst",0.1051
"chr4",6664848,"fst",0.0977
"chr4",6742348,"fst",0.1266
"chr4",6819849,"fst",0.108
"chr4",6897349,"fst",0.1061
"chr4",6974850,"fst",0.1193
"chr4",7052350,"fst",0.1342
"chr4",7129851,"fst",0.0943
"chr4",7207351,"fst",0.1185
"chr4",7284852,"fst",0.1389
"chr4",7362352,"fst",0.1113
"chr4",7439853,"fst",0.1427
"chr4",7517353,"fst",0.1592
"chr4",7594854,"fst",0.1698
"chr4",7672354,"fst",0.1796
"chr4",7749855,"fst",0.2209
"chr4",7827355,"fst",0.255
"chr4",7904856,"fst",0.232
"chr4",7982356,"fst",0.2513
"chr4",8059857,"fst",0.233
"chr4",8137357,"fst",0.1857
"chr4",8214858,"fst",0.2037
"chr4",8292358,"fst",0.2293
"chr4",8369859,"fst",0.2433
"chr4",8447359,"fst",0.183
"chr4",8524860,"fst",0.228
"chr4",8602360,"fst",0.2017
"chr4",8679860,"fst",0.238
"chr4",8757361,"fst",0.2317
"chr4",8834861,"fst",0.2688
"chr4",8912362,"fst",0.2638
"chr4",8989862,"fst",0.2369
"chr4",9067363,"fst",0.2354
"chr4",9144863,"fst",0.2625
"chr4",9222364,"fst",0.2012
"chr4",9299864,"fst",0.1882
"chr4",9377365,"fst",0.2252
"chr4",9454865,"fst",0.1972
"chr4",9532366,"fst",0.1776
"chr4",9609866,"fst",0.1541
"chr4",9687367,"fst",0.1759
"chr4",9764867,"fst",0.1758
"chr4",9842368,"fst",0.1405
"chr4",9919868,"fst",0.1809
"chr4",9997369,"fst",0.1721
"chr4",10074869,"fst",0.2019
"chr4",10152370,"fst",0.2845
"chr4",10229870,"fst",0.2335
"chr4",10307371,"fst",0.1275
"chr4",10384871,"fst",0.118
"chr4",10462372,"fst",0.1689
"chr4",10539872,"fst",0.116
"chr4",10617373,"fst",0.1032
"chr4",10694873,"fst",0.1182
"chr4",10772374,"fst",0.1273
"chr4",10849874,"fst",0.1417
"chr4",10927375,"fst",0.1013
"chr4",11004875,"fst",0.0994
"chr4",11082376,"fst",0.0726
"chr4",11159876,"fst",0.152
"chr4",11237376,"fst",0.104
"chr4",11314877,"fst",0.1263
"chr4",11392377,"fst",0.1125
"chr4",11469878,"fst",0.1425
"chr4",11547378,"fst",0.2293
"chr4",11624879,"fst",0.1978
"chr4",11702379,"fst",0.1416
"chr4",11779880,"fst",0.1535
"chr4",11857380,"fst",0.0805
"chr4",11934881,"fst",0.0492
"chr4",12012381,"fst",0.0718
"chr4",12089882,"fst",0.0381
"chr4",12167382,"fst",0.0451
"chr4",12244883,"fst",0.0829
"chr4",12322383,"fst",0.1117
"chr4",12399884,"fst",0.1568
"chr4",12477384,"fst",0.0887
"chr4",12554885,"fst",0.023
"chr4",12632385,"fst",0.0299
"chr4",12709886,"fst",0.0557
"chr4",12787386,"fst",0.025
"chr4",12864887,"fst",0.0843
"chr4",12942387,"fst",0.0895
"chr4",13019888,"fst",0.106
"chr4",13097388,"fst",0.0781
"chr4",13174889,"fst",0.068
"chr4",13252389,"fst",0.0394
"chr4",13329890,"fst",0.037
"chr4",13407390,"fst",0.0266
"chr4",13484891,"fst",0.0522
"chr4",13562391,"fst",0.0513
"chr4",13639891,"fst",0.0401
"chr4",13717392,"fst",0.0441
"chr4",13794892,"fst",0.0203
"chr4",13872393,"fst",0.0796
"chr4",13949893,"fst",0.0047
"chr4",14027394,"fst",0.0685
"chr4",14104894,"fst",0.0845
"chr4",14182395,"fst",0.0762
"chr4",14259895,"fst",0.1166
"chr4",14337396,"fst",0.143
"chr4",14414896,"fst",0.1191
"chr4",14492397,"fst",0.1672
"chr4",14569897,"fst",0.1751
"chr4",14647398,"fst",0.1704
"chr4",14724898,"fst",0.1799
"chr4",14802399,"fst",0.1791
"chr4",14879899,"fst",0.1586
"chr4",14957400,"fst",0.196
"chr4",15034900,"fst",0.1959
"chr4",15112401,"fst",0.1866
"chr4",15189901,"fst",0.2449
"chr4",15267402,"fst",0.2253
"chr4",15344902,"fst",0.233
"chr4",15422403,"fst",0.2071
"chr4",15499903,"fst",0.1471
"chr4",15577404,"fst",0.1221
"chr4",15654904,"fst",0.1408
"chr4",15732405,"fst",0.0477
"chr4",15809905,"fst",0.0401
"chr4",15887406,"fst",0.0599
"chr4",15964906,"fst",0.0847
"chr4",16042407,"fst",0.072
"chr4",16119907,"fst",0.0826
"chr4",16197407,"fst",0.0948
"chr4",16274908,"fst",0.1199
"chr4",16352408,"fst",0.0869
"chr4",16429909,"fst",0.1141
"chr4",16507409,"fst",0.1627
"chr4",16584910,"fst",0.1279
"chr4",16662410,"fst",0.1018
"chr4",16739911,"fst",0.0969
"chr4",16817411,"fst",0.063
"chr4",16894912,"fst",0.0673
"chr4",16972412,"fst",0.0878
"chr4",17049913,"fst",0.0916
"chr4",17127413,"fst",0.1203
"chr4",17204914,"fst",0.1018
"chr4",17282414,"fst",0.0879
"chr4",17359915,"fst",0.0261
"chr4",17437415,"fst",0.023
"chr4",17514916,"fst",0.0203
"chr4",17592416,"fst",0
"chr4",17669917,"fst",0.017
"chr4",17747417,"fst",0.0462
"chr4",17824918,"fst",0.1076
"chr4",17902418,"fst",0.1319
"chr4",17979919,"fst",0.1298
"chr4",18057419,"fst",0.1178
"chr4",18134920,"fst",0.1296
"chr4",18212420,"fst",0.1069
"chr4",18289921,"fst",0.0402
"chr4",18367421,"fst",0.0253
"chr4",18444922,"fst",0.0395
"chr4",18522422,"fst",0.089
"chr4",18599922,"fst",0.0866
"chr4",18677423,"fst",0.0916
"chr4",18754923,"fst",0.0758
"chr4",18832424,"fst",0.0773
"chr4",18909924,"fst",0.0909
"chr4",18987425,"fst",0.0571
"chr4",19064925,"fst",0.0795
"chr4",19142426,"fst",0.0724
"chr4",19219926,"fst",0.074
"chr4",19297427,"fst",0.0719
"chr4",19374927,"fst",0.0899
"chr4",19452428,"fst",0.118
"chr4",19529928,"fst",0.1566
"chr4",19607429,"fst",0.1948
"chr4",19684929,"fst",0.1589
"chr4",19762430,"fst",0.1109
"chr4",19839930,"fst",0.0927
"chr4",19917431,"fst",0.111
"chr4",19994931,"fst",0.031
"chr4",20072432,"fst",0.0136
"chr4",20149932,"fst",0.0336
"chr4",20227433,"fst",0
"chr4",20304933,"fst",0
"chr4",20382434,"fst",0
"chr4",20459934,"fst",0
"chr4",20537435,"fst",6e-04
"chr4",20614935,"fst",0.0211
"chr4",20692436,"fst",0.0663
"chr4",20769936,"fst",0.0227
"chr4",20847437,"fst",0
"chr4",20924937,"fst",0.086
"chr4",21002438,"fst",0.0797
"chr4",21079938,"fst",0.1355
"chr4",21157438,"fst",0.1782
"chr4",21234939,"fst",0.1498
"chr4",21312439,"fst",0.1489
"chr4",21389940,"fst",0.1183
"chr4",21467440,"fst",0.0991
"chr4",21544941,"fst",0.0632
"chr4",21622441,"fst",0.0742
"chr4",21699942,"fst",0.1344
"chr4",21777442,"fst",0.16
"chr4",21854943,"fst",0.1783
"chr4",21932443,"fst",0.169
"chr4",22009944,"fst",0.1248
"chr4",22087444,"fst",0.0781
"chr4",22164945,"fst",0.1263
"chr4",22242445,"fst",0.1127
"chr4",22319946,"fst",0.1356
"chr4",22397446,"fst",0.1454
"chr4",22474947,"fst",0.1248
"chr4",22552447,"fst",0.1227
"chr4",22629948,"fst",0.1537
"chr4",22707448,"fst",0.1387
"chr4",22784949,"fst",0.1756
"chr4",22862449,"fst",0.1423
"chr4",22939950,"fst",0.1302
"chr4",23017450,"fst",0.1324
"chr4",23094951,"fst",0.1705
"chr4",23172451,"fst",0.0694
"chr4",23249952,"fst",0.1141
"chr4",23327452,"fst",0.135
"chr4",23404953,"fst",0.1581
"chr4",23482453,"fst",0.214
"chr4",23559953,"fst",0.1758
"chr4",23637454,"fst",0.203
"chr4",23714954,"fst",0.2142
"chr4",23792455,"fst",0.2498
"chr4",23869955,"fst",0.1975
"chr4",23947456,"fst",0.2818
"chr4",24024956,"fst",0.2043
"chr4",24102457,"fst",0.2163
"chr4",24179957,"fst",0.1402
"chr4",24257458,"fst",0.1465
"chr4",24334958,"fst",0.0656
"chr4",24412459,"fst",0.0631
"chr4",24489959,"fst",0.0986
"chr4",24567460,"fst",0.0941
"chr4",24644960,"fst",0.0857
"chr4",24722461,"fst",0.0697
"chr4",24799961,"fst",0.0406
"chr4",24877462,"fst",0.0314
"chr4",24954962,"fst",0.0623
"chr4",25032463,"fst",0.1149
"chr4",25109963,"fst",0.1014
"chr4",25187464,"fst",0.1293
"chr4",25264964,"fst",0.0738
"chr4",25342465,"fst",0.0653
"chr4",25419965,"fst",0.0131
"chr4",25497466,"fst",0
"chr4",25574966,"fst",0.0019
"chr4",25652467,"fst",0
"chr4",25729967,"fst",0.0066
"chr4",25807468,"fst",0.0366
"chr4",25884968,"fst",0.0333
"chr4",25962469,"fst",0.065
"chr4",26039969,"fst",0.0139
"chr4",26117469,"fst",0.0394
"chr4",26194970,"fst",0.0376
"chr4",26272470,"fst",0.058
"chr4",26349971,"fst",0.0723
"chr4",26427471,"fst",0.0675
"chr4",26504972,"fst",0.0066
"chr4",26582472,"fst",0.0162
"chr4",26659973,"fst",0
"chr4",26737473,"fst",0.0194
"chr4",26814974,"fst",0.0374
"chr4",26892474,"fst",0.0395
"chr4",26969975,"fst",0.0855
"chr4",27047475,"fst",0.0696
"chr4",27124976,"fst",0.0624
"chr4",27202476,"fst",0.0516
"chr4",27279977,"fst",0.0686
"chr4",27357477,"fst",0.1059
"chr4",27434978,"fst",0.1195
"chr4",27512478,"fst",0.1331
"chr4",27589979,"fst",0.1252
"chr4",27667479,"fst",0.0732
"chr4",27744980,"fst",0.0308
"chr4",27822480,"fst",0.0836
"chr4",27899981,"fst",0.1333
"chr4",27977481,"fst",0.175
"chr4",28054982,"fst",0.1705
"chr4",28132482,"fst",0.143
"chr4",28209983,"fst",0.133
"chr4",28287483,"fst",0.0813
"chr4",28364984,"fst",0.1597
"chr4",28442484,"fst",0.0974
"chr4",28519984,"fst",0.0453
"chr4",28597485,"fst",0.0675
"chr4",28674985,"fst",0.0938
"chr4",28752486,"fst",0.1339
"chr4",28829986,"fst",0.1262
"chr4",28907487,"fst",0.0838
"chr4",28984987,"fst",0.0204
"chr4",29062488,"fst",0.1061
"chr4",29139988,"fst",0.1384
"chr4",29217489,"fst",0.141
"chr4",29294989,"fst",0.1071
"chr4",29372490,"fst",0.1071
"chr4",29449990,"fst",0.1052
"chr4",29527491,"fst",0.0849
"chr4",29604991,"fst",0.1042
"chr4",29682492,"fst",0.1287
"chr4",29759992,"fst",0.1052
"chr4",29837493,"fst",0.0552
"chr4",29914993,"fst",0.0791
"chr4",29992494,"fst",0.0894
"chr4",30069994,"fst",0.0655
"chr4",30147495,"fst",0.0906
"chr4",30224995,"fst",0.088
"chr4",30302496,"fst",0.082
"chr4",30379996,"fst",0.0675
"chr4",30457497,"fst",0.0672
"chr4",30534997,"fst",0.1058
"chr4",30612498,"fst",0.108
"chr4",30689998,"fst",0.1169
"chr4",30767499,"fst",0.0978
"chr4",30844999,"fst",0.0838
"chr4",30922500,"fst",0.0876
"chr4",3.1e+07,"fst",0.1027
"chr4",77307,"pi",4.23
"chr4",154807,"pi",3.6013
"chr4",232308,"pi",4.1797
"chr4",309808,"pi",5.9037
"chr4",387309,"pi",5.9339
"chr4",464809,"pi",6.3152
"chr4",542310,"pi",6.1931
"chr4",619810,"pi",5.9755
"chr4",697311,"pi",4.8985
"chr4",774811,"pi",4.7463
"chr4",852312,"pi",4.8134
"chr4",929812,"pi",4.3078
"chr4",1007313,"pi",5.2934
"chr4",1084813,"pi",4.0212
"chr4",1162314,"pi",3.8901
"chr4",1239814,"pi",3.8214
"chr4",1317314,"pi",3.437
"chr4",1394815,"pi",4.517
"chr4",1472315,"pi",4.1798
"chr4",1549816,"pi",3.6552
"chr4",1627316,"pi",3.7402
"chr4",1704817,"pi",4.0342
"chr4",1782317,"pi",4.3163
"chr4",1859818,"pi",5.0332
"chr4",1937318,"pi",4.6003
"chr4",2014819,"pi",4.1191
"chr4",2092319,"pi",5.146
"chr4",2169820,"pi",4.7243
"chr4",2247320,"pi",3.6884
"chr4",2324821,"pi",4.3794
"chr4",2402321,"pi",4.809
"chr4",2479822,"pi",4.9789
"chr4",2557322,"pi",4.8535
"chr4",2634823,"pi",4.0565
"chr4",2712323,"pi",3.9327
"chr4",2789824,"pi",4.3279
"chr4",2867324,"pi",3.4997
"chr4",2944825,"pi",3.2722
"chr4",3022325,"pi",4.8659
"chr4",3099826,"pi",4.9245
"chr4",3177326,"pi",4.2601
"chr4",3254827,"pi",4.376
"chr4",3332327,"pi",4.3002
"chr4",3409828,"pi",4.5816
"chr4",3487328,"pi",5.0718
"chr4",3564829,"pi",4.753
"chr4",3642329,"pi",5.1221
"chr4",3719829,"pi",5.2745
"chr4",3797330,"pi",3.9523
"chr4",3874830,"pi",4.1724
"chr4",3952331,"pi",4.0066
"chr4",4029831,"pi",3.8794
"chr4",4107332,"pi",4.3774
"chr4",4184832,"pi",3.8901
"chr4",4262333,"pi",4.0481
"chr4",4339833,"pi",4.6197
"chr4",4417334,"pi",4.0801
"chr4",4494834,"pi",3.8785
"chr4",4572335,"pi",3.6661
"chr4",4649835,"pi",3.3382
"chr4",4727336,"pi",3.7257
"chr4",4804836,"pi",4.3935
"chr4",4882337,"pi",4.1373
"chr4",4959837,"pi",3.9093
"chr4",5037338,"pi",4.0564
"chr4",5114838,"pi",3.4344
"chr4",5192339,"pi",3.6516
"chr4",5269839,"pi",4.3924
"chr4",5347340,"pi",4.0682
"chr4",5424840,"pi",4.8871
"chr4",5502341,"pi",5.7663
"chr4",5579841,"pi",6.0302
"chr4",5657342,"pi",5.5306
"chr4",5734842,"pi",5.1395
"chr4",5812343,"pi",5.1592
"chr4",5889843,"pi",5.6344
"chr4",5967344,"pi",5.5
"chr4",6044844,"pi",6.2863
"chr4",6122345,"pi",6.5254
"chr4",6199845,"pi",5.3416
"chr4",6277345,"pi",4.931
"chr4",6354846,"pi",4.4434
"chr4",6432346,"pi",3.9975
"chr4",6509847,"pi",4.1529
"chr4",6587347,"pi",4.4379
"chr4",6664848,"pi",4.3204
"chr4",6742348,"pi",4.7752
"chr4",6819849,"pi",4.4832
"chr4",6897349,"pi",4.4537
"chr4",6974850,"pi",4.6599
"chr4",7052350,"pi",4.8943
"chr4",7129851,"pi",4.2681
"chr4",7207351,"pi",4.6482
"chr4",7284852,"pi",4.9688
"chr4",7362352,"pi",4.5342
"chr4",7439853,"pi",5.0283
"chr4",7517353,"pi",5.2877
"chr4",7594854,"pi",5.4544
"chr4",7672354,"pi",5.6083
"chr4",7749855,"pi",6.2575
"chr4",7827355,"pi",6.7925
"chr4",7904856,"pi",6.4313
"chr4",7982356,"pi",6.7348
"chr4",8059857,"pi",6.4468
"chr4",8137357,"pi",5.7037
"chr4",8214858,"pi",5.9873
"chr4",8292358,"pi",6.3888
"chr4",8369859,"pi",6.6089
"chr4",8447359,"pi",5.6618
"chr4",8524860,"pi",6.3679
"chr4",8602360,"pi",5.9558
"chr4",8679860,"pi",6.5259
"chr4",8757361,"pi",6.4264
"chr4",8834861,"pi",7.0099
"chr4",8912362,"pi",6.9315
"chr4",8989862,"pi",6.5087
"chr4",9067363,"pi",6.4845
"chr4",9144863,"pi",6.9103
"chr4",9222364,"pi",5.9477
"chr4",9299864,"pi",5.7426
"chr4",9377365,"pi",6.3239
"chr4",9454865,"pi",5.8842
"chr4",9532366,"pi",5.5766
"chr4",9609866,"pi",5.208
"chr4",9687367,"pi",5.5503
"chr4",9764867,"pi",5.5481
"chr4",9842368,"pi",4.9938
"chr4",9919868,"pi",5.6287
"chr4",9997369,"pi",5.49
"chr4",10074869,"pi",5.9591
"chr4",10152370,"pi",7.2571
"chr4",10229870,"pi",6.4558
"chr4",10307371,"pi",4.7885
"chr4",10384871,"pi",4.6402
"chr4",10462372,"pi",5.4397
"chr4",10539872,"pi",4.6085
"chr4",10617373,"pi",4.4071
"chr4",10694873,"pi",4.6425
"chr4",10772374,"pi",4.7858
"chr4",10849874,"pi",5.0122
"chr4",10927375,"pi",4.3771
"chr4",11004875,"pi",4.3473
"chr4",11082376,"pi",3.9273
"chr4",11159876,"pi",5.1745
"chr4",11237376,"pi",4.4195
"chr4",11314877,"pi",4.7707
"chr4",11392377,"pi",4.554
"chr4",11469878,"pi",5.0242
"chr4",11547378,"pi",6.3883
"chr4",11624879,"pi",5.8944
"chr4",11702379,"pi",5.0113
"chr4",11779880,"pi",5.1972
"chr4",11857380,"pi",4.0502
"chr4",11934881,"pi",3.559
"chr4",12012381,"pi",3.9147
"chr4",12089882,"pi",3.3838
"chr4",12167382,"pi",3.4945
"chr4",12244883,"pi",4.0881
"chr4",12322383,"pi",4.5408
"chr4",12399884,"pi",5.2497
"chr4",12477384,"pi",4.1791
"chr4",12554885,"pi",3.1471
"chr4",12632385,"pi",3.2561
"chr4",12709886,"pi",3.6604
"chr4",12787386,"pi",3.1787
"chr4",12864887,"pi",4.11
"chr4",12942387,"pi",4.1916
"chr4",13019888,"pi",4.4518
"chr4",13097388,"pi",4.0131
"chr4",13174889,"pi",3.8535
"chr4",13252389,"pi",3.4047
"chr4",13329890,"pi",3.3665
"chr4",13407390,"pi",3.203
"chr4",13484891,"pi",3.6063
"chr4",13562391,"pi",3.592
"chr4",13639891,"pi",3.4153
"chr4",13717392,"pi",3.479
"chr4",13794892,"pi",3.1043
"chr4",13872393,"pi",4.0369
"chr4",13949893,"pi",2.8599
"chr4",14027394,"pi",3.8619
"chr4",14104894,"pi",4.1141
"chr4",14182395,"pi",3.9835
"chr4",14259895,"pi",4.618
"chr4",14337396,"pi",5.0329
"chr4",14414896,"pi",4.6571
"chr4",14492397,"pi",5.4128
"chr4",14569897,"pi",5.5367
"chr4",14647398,"pi",5.464
"chr4",14724898,"pi",5.6128
"chr4",14802399,"pi",5.5994
"chr4",14879899,"pi",5.2785
"chr4",14957400,"pi",5.866
"chr4",15034900,"pi",5.8647
"chr4",15112401,"pi",5.7181
"chr4",15189901,"pi",6.634
"chr4",15267402,"pi",6.3254
"chr4",15344902,"pi",6.447
"chr4",15422403,"pi",6.0398
"chr4",15499903,"pi",5.097
"chr4",15577404,"pi",4.7049
"chr4",15654904,"pi",4.9986
"chr4",15732405,"pi",3.5349
"chr4",15809905,"pi",3.4166
"chr4",15887406,"pi",3.7277
"chr4",15964906,"pi",4.1174
"chr4",16042407,"pi",3.9178
"chr4",16119907,"pi",4.083
"chr4",16197407,"pi",4.2761
"chr4",16274908,"pi",4.6692
"chr4",16352408,"pi",4.1508
"chr4",16429909,"pi",4.5788
"chr4",16507409,"pi",5.3418
"chr4",16584910,"pi",4.7954
"chr4",16662410,"pi",4.3848
"chr4",16739911,"pi",4.3079
"chr4",16817411,"pi",3.7753
"chr4",16894912,"pi",3.844
"chr4",16972412,"pi",4.1654
"chr4",17049913,"pi",4.2246
"chr4",17127413,"pi",4.6768
"chr4",17204914,"pi",4.3859
"chr4",17282414,"pi",4.1671
"chr4",17359915,"pi",3.1964
"chr4",17437415,"pi",3.1477
"chr4",17514916,"pi",3.1049
"chr4",17592416,"pi",2.3498
"chr4",17669917,"pi",3.0534
"chr4",17747417,"pi",3.5114
"chr4",17824918,"pi",4.4773
"chr4",17902418,"pi",4.8579
"chr4",17979919,"pi",4.8254
"chr4",18057419,"pi",4.637
"chr4",18134920,"pi",4.8225
"chr4",18212420,"pi",4.4648
"chr4",18289921,"pi",3.4168
"chr4",18367421,"pi",3.1828
"chr4",18444922,"pi",3.4065
"chr4",18522422,"pi",4.1848
"chr4",18599922,"pi",4.1462
"chr4",18677423,"pi",4.2255
"chr4",18754923,"pi",3.9773
"chr4",18832424,"pi",3.9998
"chr4",18909924,"pi",4.2143
"chr4",18987425,"pi",3.6835
"chr4",19064925,"pi",4.0346
"chr4",19142426,"pi",3.923
"chr4",19219926,"pi",3.9483
"chr4",19297427,"pi",3.9163
"chr4",19374927,"pi",4.1982
"chr4",19452428,"pi",4.6395
"chr4",19529928,"pi",5.246
"chr4",19607429,"pi",5.8475
"chr4",19684929,"pi",5.2829
"chr4",19762430,"pi",4.529
"chr4",19839930,"pi",4.2432
"chr4",19917431,"pi",4.5304
"chr4",19994931,"pi",3.2728
"chr4",20072432,"pi",2.9996
"chr4",20149932,"pi",3.314
"chr4",20227433,"pi",2.5417
"chr4",20304933,"pi",2.2698
"chr4",20382434,"pi",1.8393
"chr4",20459934,"pi",2.7078
"chr4",20537435,"pi",2.7958
"chr4",20614935,"pi",3.1173
"chr4",20692436,"pi",3.8269
"chr4",20769936,"pi",3.1423
"chr4",20847437,"pi",2.7694
"chr4",20924937,"pi",4.1367
"chr4",21002438,"pi",4.0388
"chr4",21079938,"pi",4.9149
"chr4",21157438,"pi",5.5866
"chr4",21234939,"pi",5.1403
"chr4",21312439,"pi",5.125
"chr4",21389940,"pi",4.6453
"chr4",21467440,"pi",4.3433
"chr4",21544941,"pi",3.7787
"chr4",21622441,"pi",3.9514
"chr4",21699942,"pi",4.8981
"chr4",21777442,"pi",5.3004
"chr4",21854943,"pi",5.5883
"chr4",21932443,"pi",5.4411
"chr4",22009944,"pi",4.7469
"chr4",22087444,"pi",4.013
"chr4",22164945,"pi",4.7709
"chr4",22242445,"pi",4.5563
"chr4",22319946,"pi",4.9162
"chr4",22397446,"pi",5.0702
"chr4",22474947,"pi",4.7476
"chr4",22552447,"pi",4.7132
"chr4",22629948,"pi",5.2017
"chr4",22707448,"pi",4.9659
"chr4",22784949,"pi",5.5459
"chr4",22862449,"pi",5.0212
"chr4",22939950,"pi",4.8314
"chr4",23017450,"pi",4.8665
"chr4",23094951,"pi",5.465
"chr4",23172451,"pi",3.8765
"chr4",23249952,"pi",4.5788
"chr4",23327452,"pi",4.9064
"chr4",23404953,"pi",5.2703
"chr4",23482453,"pi",6.1488
"chr4",23559953,"pi",5.5484
"chr4",23637454,"pi",5.9761
"chr4",23714954,"pi",6.1514
"chr4",23792455,"pi",6.7107
"chr4",23869955,"pi",5.8885
"chr4",23947456,"pi",7.2135
"chr4",24024956,"pi",5.9956
"chr4",24102457,"pi",6.1846
"chr4",24179957,"pi",4.989
"chr4",24257458,"pi",5.0886
"chr4",24334958,"pi",3.8168
"chr4",24412459,"pi",3.7773
"chr4",24489959,"pi",4.335
"chr4",24567460,"pi",4.2649
"chr4",24644960,"pi",4.1332
"chr4",24722461,"pi",3.8807
"chr4",24799961,"pi",3.4231
"chr4",24877462,"pi",3.2788
"chr4",24954962,"pi",3.764
"chr4",25032463,"pi",4.5911
"chr4",25109963,"pi",4.3796
"chr4",25187464,"pi",4.8176
"chr4",25264964,"pi",3.9457
"chr4",25342465,"pi",3.8117
"chr4",25419965,"pi",2.9911
"chr4",25497466,"pi",2.4131
"chr4",25574966,"pi",2.8153
"chr4",25652467,"pi",2.5475
"chr4",25729967,"pi",2.8888
"chr4",25807468,"pi",3.3611
"chr4",25884968,"pi",3.3086
"chr4",25962469,"pi",3.8077
"chr4",26039969,"pi",3.0034
"chr4",26117469,"pi",3.4043
"chr4",26194970,"pi",3.3764
"chr4",26272470,"pi",3.6974
"chr4",26349971,"pi",3.9212
"chr4",26427471,"pi",3.8464
"chr4",26504972,"pi",2.8899
"chr4",26582472,"pi",3.0399
"chr4",26659973,"pi",2.7323
"chr4",26737473,"pi",3.0912
"chr4",26814974,"pi",3.3735
"chr4",26892474,"pi",3.4059
"chr4",26969975,"pi",4.1292
"chr4",27047475,"pi",3.8794
"chr4",27124976,"pi",3.7666
"chr4",27202476,"pi",3.5959
"chr4",27279977,"pi",3.8638
"chr4",27357477,"pi",4.4498
"chr4",27434978,"pi",4.663
"chr4",27512478,"pi",4.8774
"chr4",27589979,"pi",4.7525
"chr4",27667479,"pi",3.9364
"chr4",27744980,"pi",3.2694
"chr4",27822480,"pi",4.0994
"chr4",27899981,"pi",4.8802
"chr4",27977481,"pi",5.535
"chr4",28054982,"pi",5.4653
"chr4",28132482,"pi",5.0327
"chr4",28209983,"pi",4.8754
"chr4",28287483,"pi",4.0633
"chr4",28364984,"pi",5.2957
"chr4",28442484,"pi",4.3159
"chr4",28519984,"pi",3.4972
"chr4",28597485,"pi",3.8461
"chr4",28674985,"pi",4.2593
"chr4",28752486,"pi",4.8891
"chr4",28829986,"pi",4.7692
"chr4",28907487,"pi",4.1027
"chr4",28984987,"pi",3.1066
"chr4",29062488,"pi",4.4523
"chr4",29139988,"pi",4.9605
"chr4",29217489,"pi",5.0016
"chr4",29294989,"pi",4.4686
"chr4",29372490,"pi",4.4693
"chr4",29449990,"pi",4.4396
"chr4",29527491,"pi",4.1204
"chr4",29604991,"pi",4.4237
"chr4",29682492,"pi",4.8087
"chr4",29759992,"pi",4.4385
"chr4",29837493,"pi",3.6528
"chr4",29914993,"pi",4.0286
"chr4",29992494,"pi",4.1912
"chr4",30069994,"pi",3.8147
"chr4",30147495,"pi",4.2096
"chr4",30224995,"pi",4.1691
"chr4",30302496,"pi",4.0743
"chr4",30379996,"pi",3.8468
"chr4",30457497,"pi",3.8414
"chr4",30534997,"pi",4.4476
"chr4",30612498,"pi",4.4829
"chr4",30689998,"pi",4.6225
"chr4",30767499,"pi",4.3218
"chr4",30844999,"pi",4.1018
"chr4",30922500,"pi",4.1617
"chr4",3.1e+07,"pi",4.3988
"chr4",77307,"tajima",0.1855
"chr4",154807,"tajima",-0.5576
"chr4",232308,"tajima",0.126
"chr4",309808,"tajima",2.1635
"chr4",387309,"tajima",2.1992
"chr4",464809,"tajima",2.6497
"chr4",542310,"tajima",2.5054
"chr4",619810,"tajima",2.2483
"chr4",697311,"tajima",0.9755
"chr4",774811,"tajima",0.7957
"chr4",852312,"tajima",0.875
"chr4",929812,"tajima",0.2774
"chr4",1007313,"tajima",1.4422
"chr4",1084813,"tajima",-0.0613
"chr4",1162314,"tajima",-0.2162
"chr4",1239814,"tajima",-0.2974
"chr4",1317314,"tajima",-0.7517
"chr4",1394815,"tajima",0.5247
"chr4",1472315,"tajima",0.1262
"chr4",1549816,"tajima",-0.4938
"chr4",1627316,"tajima",-0.3934
"chr4",1704817,"tajima",-0.046
"chr4",1782317,"tajima",0.2874
"chr4",1859818,"tajima",1.1346
"chr4",1937318,"tajima",0.6231
"chr4",2014819,"tajima",0.0544
"chr4",2092319,"tajima",1.268
"chr4",2169820,"tajima",0.7696
"chr4",2247320,"tajima",-0.4546
"chr4",2324821,"tajima",0.3621
"chr4",2402321,"tajima",0.8697
"chr4",2479822,"tajima",1.0705
"chr4",2557322,"tajima",0.9223
"chr4",2634823,"tajima",-0.0196
"chr4",2712323,"tajima",-0.1658
"chr4",2789824,"tajima",0.3012
"chr4",2867324,"tajima",-0.6777
"chr4",2944825,"tajima",-0.9465
"chr4",3022325,"tajima",0.9369
"chr4",3099826,"tajima",1.0063
"chr4",3177326,"tajima",0.221
"chr4",3254827,"tajima",0.358
"chr4",3332327,"tajima",0.2684
"chr4",3409828,"tajima",0.601
"chr4",3487328,"tajima",1.1803
"chr4",3564829,"tajima",0.8035
"chr4",3642329,"tajima",1.2397
"chr4",3719829,"tajima",1.4198
"chr4",3797330,"tajima",-0.1427
"chr4",3874830,"tajima",0.1174
"chr4",3952331,"tajima",-0.0786
"chr4",4029831,"tajima",-0.2288
"chr4",4107332,"tajima",0.3596
"chr4",4184832,"tajima",-0.2163
"chr4",4262333,"tajima",-0.0296
"chr4",4339833,"tajima",0.646
"chr4",4417334,"tajima",0.0083
"chr4",4494834,"tajima",-0.2299
"chr4",4572335,"tajima",-0.481
"chr4",4649835,"tajima",-0.8685
"chr4",4727336,"tajima",-0.4105
"chr4",4804836,"tajima",0.3787
"chr4",4882337,"tajima",0.0759
"chr4",4959837,"tajima",-0.1936
"chr4",5037338,"tajima",-0.0197
"chr4",5114838,"tajima",-0.7548
"chr4",5192339,"tajima",-0.4982
"chr4",5269839,"tajima",0.3774
"chr4",5347340,"tajima",-0.0057
"chr4",5424840,"tajima",0.962
"chr4",5502341,"tajima",2.0011
"chr4",5579841,"tajima",2.313
"chr4",5657342,"tajima",1.7226
"chr4",5734842,"tajima",1.2603
"chr4",5812343,"tajima",1.2836
"chr4",5889843,"tajima",1.8452
"chr4",5967344,"tajima",1.6864
"chr4",6044844,"tajima",2.6156
"chr4",6122345,"tajima",2.8982
"chr4",6199845,"tajima",1.4991
"chr4",6277345,"tajima",1.0139
"chr4",6354846,"tajima",0.4377
"chr4",6432346,"tajima",-0.0893
"chr4",6509847,"tajima",0.0944
"chr4",6587347,"tajima",0.4312
"chr4",6664848,"tajima",0.2923
"chr4",6742348,"tajima",0.8298
"chr4",6819849,"tajima",0.4847
"chr4",6897349,"tajima",0.4498
"chr4",6974850,"tajima",0.6936
"chr4",7052350,"tajima",0.9705
"chr4",7129851,"tajima",0.2304
"chr4",7207351,"tajima",0.6797
"chr4",7284852,"tajima",1.0586
"chr4",7362352,"tajima",0.545
"chr4",7439853,"tajima",1.1289
"chr4",7517353,"tajima",1.4355
"chr4",7594854,"tajima",1.6324
"chr4",7672354,"tajima",1.8144
"chr4",7749855,"tajima",2.5816
"chr4",7827355,"tajima",3
"chr4",7904856,"tajima",2.787
"chr4",7982356,"tajima",3
"chr4",8059857,"tajima",2.8053
"chr4",8137357,"tajima",1.927
"chr4",8214858,"tajima",2.2623
"chr4",8292358,"tajima",2.7368
"chr4",8369859,"tajima",2.9969
"chr4",8447359,"tajima",1.8776
"chr4",8524860,"tajima",2.7121
"chr4",8602360,"tajima",2.225
"chr4",8679860,"tajima",2.8988
"chr4",8757361,"tajima",2.7812
"chr4",8834861,"tajima",3
"chr4",8912362,"tajima",3
"chr4",8989862,"tajima",2.8785
"chr4",9067363,"tajima",2.8498
"chr4",9144863,"tajima",3
"chr4",9222364,"tajima",2.2155
"chr4",9299864,"tajima",1.973
"chr4",9377365,"tajima",2.66
"chr4",9454865,"tajima",2.1405
"chr4",9532366,"tajima",1.7768
"chr4",9609866,"tajima",1.3413
"chr4",9687367,"tajima",1.7458
"chr4",9764867,"tajima",1.7432
"chr4",9842368,"tajima",1.0882
"chr4",9919868,"tajima",1.8385
"chr4",9997369,"tajima",1.6745
"chr4",10074869,"tajima",2.2289
"chr4",10152370,"tajima",3
"chr4",10229870,"tajima",2.8159
"chr4",10307371,"tajima",0.8456
"chr4",10384871,"tajima",0.6702
"chr4",10462372,"tajima",1.6151
"chr4",10539872,"tajima",0.6328
"chr4",10617373,"tajima",0.3948
"chr4",10694873,"tajima",0.673
"chr4",10772374,"tajima",0.8423
"chr4",10849874,"tajima",1.1099
"chr4",10927375,"tajima",0.3593
"chr4",11004875,"tajima",0.324
"chr4",11082376,"tajima",-0.1723
"chr4",11159876,"tajima",1.3016
"chr4",11237376,"tajima",0.4094
"chr4",11314877,"tajima",0.8244
"chr4",11392377,"tajima",0.5684
"chr4",11469878,"tajima",1.1241
"chr4",11547378,"tajima",2.7362
"chr4",11624879,"tajima",2.1524
"chr4",11702379,"tajima",1.1088
"chr4",11779880,"tajima",1.3285
"chr4",11857380,"tajima",-0.027
"chr4",11934881,"tajima",-0.6076
"chr4",12012381,"tajima",-0.1872
"chr4",12089882,"tajima",-0.8145
"chr4",12167382,"tajima",-0.6838
"chr4",12244883,"tajima",0.0177
"chr4",12322383,"tajima",0.5528
"chr4",12399884,"tajima",1.3906
"chr4",12477384,"tajima",0.1252
"chr4",12554885,"tajima",-1.0944
"chr4",12632385,"tajima",-0.9656
"chr4",12709886,"tajima",-0.4877
"chr4",12787386,"tajima",-1.0569
"chr4",12864887,"tajima",0.0436
"chr4",12942387,"tajima",0.1401
"chr4",13019888,"tajima",0.4476
"chr4",13097388,"tajima",-0.0709
"chr4",13174889,"tajima",-0.2595
"chr4",13252389,"tajima",-0.7899
"chr4",13329890,"tajima",-0.835
"chr4",13407390,"tajima",-1.0283
"chr4",13484891,"tajima",-0.5516
"chr4",13562391,"tajima",-0.5686
"chr4",13639891,"tajima",-0.7773
"chr4",13717392,"tajima",-0.7021
"chr4",13794892,"tajima",-1.1449
"chr4",13872393,"tajima",-0.0428
"chr4",13949893,"tajima",-1.4337
"chr4",14027394,"tajima",-0.2496
"chr4",14104894,"tajima",0.0485
"chr4",14182395,"tajima",-0.1059
"chr4",14259895,"tajima",0.644
"chr4",14337396,"tajima",1.1343
"chr4",14414896,"tajima",0.6903
"chr4",14492397,"tajima",1.5833
"chr4",14569897,"tajima",1.7297
"chr4",14647398,"tajima",1.6438
"chr4",14724898,"tajima",1.8196
"chr4",14802399,"tajima",1.8039
"chr4",14879899,"tajima",1.4246
"chr4",14957400,"tajima",2.1189
"chr4",15034900,"tajima",2.1173
"chr4",15112401,"tajima",1.9441
"chr4",15189901,"tajima",3
"chr4",15267402,"tajima",2.6618
"chr4",15344902,"tajima",2.8055
"chr4",15422403,"tajima",2.3243
"chr4",15499903,"tajima",1.2101
"chr4",15577404,"tajima",0.7467
"chr4",15654904,"tajima",1.0937
"chr4",15732405,"tajima",-0.636
"chr4",15809905,"tajima",-0.7758
"chr4",15887406,"tajima",-0.4082
"chr4",15964906,"tajima",0.0524
"chr4",16042407,"tajima",-0.1835
"chr4",16119907,"tajima",0.0117
"chr4",16197407,"tajima",0.2399
"chr4",16274908,"tajima",0.7045
"chr4",16352408,"tajima",0.0918
"chr4",16429909,"tajima",0.5977
"chr4",16507409,"tajima",1.4994
"chr4",16584910,"tajima",0.8536
"chr4",16662410,"tajima",0.3684
"chr4",16739911,"tajima",0.2775
"chr4",16817411,"tajima",-0.3519
"chr4",16894912,"tajima",-0.2708
"chr4",16972412,"tajima",0.1091
"chr4",17049913,"tajima",0.1791
"chr4",17127413,"tajima",0.7134
"chr4",17204914,"tajima",0.3697
"chr4",17282414,"tajima",0.1111
"chr4",17359915,"tajima",-1.0361
"chr4",17437415,"tajima",-1.0936
"chr4",17514916,"tajima",-1.1443
"chr4",17592416,"tajima",-2.0366
"chr4",17669917,"tajima",-1.2051
"chr4",17747417,"tajima",-0.6638
"chr4",17824918,"tajima",0.4777
"chr4",17902418,"tajima",0.9276
"chr4",17979919,"tajima",0.8891
"chr4",18057419,"tajima",0.6664
"chr4",18134920,"tajima",0.8857
"chr4",18212420,"tajima",0.463
"chr4",18289921,"tajima",-0.7756
"chr4",18367421,"tajima",-1.0522
"chr4",18444922,"tajima",-0.7878
"chr4",18522422,"tajima",0.1321
"chr4",18599922,"tajima",0.0864
"chr4",18677423,"tajima",0.1801
"chr4",18754923,"tajima",-0.1132
"chr4",18832424,"tajima",-0.0866
"chr4",18909924,"tajima",0.1669
"chr4",18987425,"tajima",-0.4605
"chr4",19064925,"tajima",-0.0455
"chr4",19142426,"tajima",-0.1773
"chr4",19219926,"tajima",-0.1474
"chr4",19297427,"tajima",-0.1852
"chr4",19374927,"tajima",0.1479
"chr4",19452428,"tajima",0.6694
"chr4",19529928,"tajima",1.3861
"chr4",19607429,"tajima",2.0971
"chr4",19684929,"tajima",1.4298
"chr4",19762430,"tajima",0.5388
"chr4",19839930,"tajima",0.201
"chr4",19917431,"tajima",0.5405
"chr4",19994931,"tajima",-0.9458
"chr4",20072432,"tajima",-1.2687
"chr4",20149932,"tajima",-0.8971
"chr4",20227433,"tajima",-1.8098
"chr4",20304933,"tajima",-2.1312
"chr4",20382434,"tajima",-2.64
"chr4",20459934,"tajima",-1.6135
"chr4",20537435,"tajima",-1.5095
"chr4",20614935,"tajima",-1.1296
"chr4",20692436,"tajima",-0.2909
"chr4",20769936,"tajima",-1.1
"chr4",20847437,"tajima",-1.5408
"chr4",20924937,"tajima",0.0752
"chr4",21002438,"tajima",-0.0405
"chr4",21079938,"tajima",0.9948
"chr4",21157438,"tajima",1.7887
"chr4",21234939,"tajima",1.2612
"chr4",21312439,"tajima",1.2432
"chr4",21389940,"tajima",0.6762
"chr4",21467440,"tajima",0.3193
"chr4",21544941,"tajima",-0.3479
"chr4",21622441,"tajima",-0.1438
"chr4",21699942,"tajima",0.9751
"chr4",21777442,"tajima",1.4505
"chr4",21854943,"tajima",1.7907
"chr4",21932443,"tajima",1.6167
"chr4",22009944,"tajima",0.7963
"chr4",22087444,"tajima",-0.0709
"chr4",22164945,"tajima",0.8247
"chr4",22242445,"tajima",0.571
"chr4",22319946,"tajima",0.9964
"chr4",22397446,"tajima",1.1784
"chr4",22474947,"tajima",0.7972
"chr4",22552447,"tajima",0.7565
"chr4",22629948,"tajima",1.3338
"chr4",22707448,"tajima",1.0551
"chr4",22784949,"tajima",1.7406
"chr4",22862449,"tajima",1.1205
"chr4",22939950,"tajima",0.8962
"chr4",23017450,"tajima",0.9377
"chr4",23094951,"tajima",1.645
"chr4",23172451,"tajima",-0.2323
"chr4",23249952,"tajima",0.5977
"chr4",23327452,"tajima",0.9849
"chr4",23404953,"tajima",1.415
"chr4",23482453,"tajima",2.4532
"chr4",23559953,"tajima",1.7436
"chr4",23637454,"tajima",2.2491
"chr4",23714954,"tajima",2.4561
"chr4",23792455,"tajima",3
"chr4",23869955,"tajima",2.1455
"chr4",23947456,"tajima",3
"chr4",24024956,"tajima",2.272
"chr4",24102457,"tajima",2.4954
"chr4",24179957,"tajima",1.0825
"chr4",24257458,"tajima",1.2001
"chr4",24334958,"tajima",-0.3029
"chr4",24412459,"tajima",-0.3495
"chr4",24489959,"tajima",0.3095
"chr4",24567460,"tajima",0.2267
"chr4",24644960,"tajima",0.071
"chr4",24722461,"tajima",-0.2273
"chr4",24799961,"tajima",-0.7682
"chr4",24877462,"tajima",-0.9386
"chr4",24954962,"tajima",-0.3653
"chr4",25032463,"tajima",0.6122
"chr4",25109963,"tajima",0.3622
"chr4",25187464,"tajima",0.8799
"chr4",25264964,"tajima",-0.1506
"chr4",25342465,"tajima",-0.3089
"chr4",25419965,"tajima",-1.2787
"chr4",25497466,"tajima",-1.9617
"chr4",25574966,"tajima",-1.4864
"chr4",25652467,"tajima",-1.8029
"chr4",25729967,"tajima",-1.3996
"chr4",25807468,"tajima",-0.8414
"chr4",25884968,"tajima",-0.9035
"chr4",25962469,"tajima",-0.3136
"chr4",26039969,"tajima",-1.2642
"chr4",26117469,"tajima",-0.7904
"chr4",26194970,"tajima",-0.8234
"chr4",26272470,"tajima",-0.444
"chr4",26349971,"tajima",-0.1795
"chr4",26427471,"tajima",-0.2679
"chr4",26504972,"tajima",-1.3983
"chr4",26582472,"tajima",-1.2211
"chr4",26659973,"tajima",-1.5846
"chr4",26737473,"tajima",-1.1605
"chr4",26814974,"tajima",-0.8268
"chr4",26892474,"tajima",-0.7885
"chr4",26969975,"tajima",0.0663
"chr4",27047475,"tajima",-0.2289
"chr4",27124976,"tajima",-0.3621
"chr4",27202476,"tajima",-0.5639
"chr4",27279977,"tajima",-0.2473
"chr4",27357477,"tajima",0.4452
"chr4",27434978,"tajima",0.6971
"chr4",27512478,"tajima",0.9505
"chr4",27589979,"tajima",0.803
"chr4",27667479,"tajima",-0.1616
"chr4",27744980,"tajima",-0.9497
"chr4",27822480,"tajima",0.0311
"chr4",27899981,"tajima",0.9539
"chr4",27977481,"tajima",1.7278
"chr4",28054982,"tajima",1.6454
"chr4",28132482,"tajima",1.1341
"chr4",28209983,"tajima",0.9481
"chr4",28287483,"tajima",-0.0115
"chr4",28364984,"tajima",1.4449
"chr4",28442484,"tajima",0.287
"chr4",28519984,"tajima",-0.6806
"chr4",28597485,"tajima",-0.2682
"chr4",28674985,"tajima",0.2201
"chr4",28752486,"tajima",0.9644
"chr4",28829986,"tajima",0.8227
"chr4",28907487,"tajima",0.035
"chr4",28984987,"tajima",-1.1422
"chr4",29062488,"tajima",0.4482
"chr4",29139988,"tajima",1.0488
"chr4",29217489,"tajima",1.0973
"chr4",29294989,"tajima",0.4674
"chr4",29372490,"tajima",0.4683
"chr4",29449990,"tajima",0.4332
"chr4",29527491,"tajima",0.0559
"chr4",29604991,"tajima",0.4144
"chr4",29682492,"tajima",0.8694
"chr4",29759992,"tajima",0.4318
"chr4",29837493,"tajima",-0.4967
"chr4",29914993,"tajima",-0.0526
"chr4",29992494,"tajima",0.1396
"chr4",30069994,"tajima",-0.3054
"chr4",30147495,"tajima",0.1613
"chr4",30224995,"tajima",0.1135
"chr4",30302496,"tajima",0.0014
"chr4",30379996,"tajima",-0.2674
"chr4",30457497,"tajima",-0.2738
"chr4",30534997,"tajima",0.4426
"chr4",30612498,"tajima",0.4843
"chr4",30689998,"tajima",0.6493
"chr4",30767499,"tajima",0.294
"chr4",30844999,"tajima",0.034
"chr4",30922500,"tajima",0.1048
"chr4",3.1e+07,"tajima",0.385
"chr5",69825,"fst",0.1299
"chr5",139826,"fst",0.0983
"chr5",209826,"fst",0.0989
"chr5",279827,"fst",0.0826
"chr5",349827,"fst",0.1016
"chr5",419828,"fst",0.137
"chr5",489828,"fst",0.1279
"chr5",559828,"fst",0.1016
"chr5",629829,"fst",0.0915
"chr5",699829,"fst",0.1011
"chr5",769830,"fst",0.1323
"chr5",839830,"fst",0.1
"chr5",909831,"fst",0.0824
"chr5",979831,"fst",0.0883
"chr5",1049832,"fst",0.0192
"chr5",1119832,"fst",0.002
"chr5",1189832,"fst",0.0391
"chr5",1259833,"fst",0.0145
"chr5",1329833,"fst",0.0799
"chr5",1399834,"fst",0.0591
"chr5",1469834,"fst",0.0625
"chr5",1539835,"fst",0.0354
"chr5",1609835,"fst",0.0403
"chr5",1679835,"fst",0.0668
"chr5",1749836,"fst",0.0744
"chr5",1819836,"fst",0.0614
"chr5",1889837,"fst",0.103
"chr5",1959837,"fst",0.0345
"chr5",2029838,"fst",0
"chr5",2099838,"fst",0
"chr5",2169839,"fst",0
"chr5",2239839,"fst",0.0133
"chr5",2309839,"fst",0.0388
"chr5",2379840,"fst",0.0376
"chr5",2449840,"fst",0.0486
"chr5",2519841,"fst",0
"chr5",2589841,"fst",0
"chr5",2659842,"fst",0.0566
"chr5",2729842,"fst",0.0489
"chr5",2799842,"fst",0.0782
"chr5",2869843,"fst",0.1257
"chr5",2939843,"fst",0.1351
"chr5",3009844,"fst",0.1074
"chr5",3079844,"fst",0.0829
"chr5",3149845,"fst",0.1214
"chr5",3219845,"fst",0.174
"chr5",3289846,"fst",0.1444
"chr5",3359846,"fst",0.1273
"chr5",3429846,"fst",0.0981
"chr5",3499847,"fst",0.0557
"chr5",3569847,"fst",0.043
"chr5",3639848,"fst",0.0842
"chr5",3709848,"fst",0.0862
"chr5",3779849,"fst",0.081
"chr5",3849849,"fst",0.0768
"chr5",3919849,"fst",0.0548
"chr5",3989850,"fst",0.0294
"chr5",4059850,"fst",0.0102
"chr5",4129851,"fst",0.0516
"chr5",4199851,"fst",0.1368
"chr5",4269852,"fst",0.0965
"chr5",4339852,"fst",0.0713
"chr5",4409853,"fst",0.0757
"chr5",4479853,"fst",0.0608
"chr5",4549853,"fst",0.0544
"chr5",4619854,"fst",0.1055
"chr5",4689854,"fst",0.125
"chr5",4759855,"fst",0.1352
"chr5",4829855,"fst",0.0805
"chr5",4899856,"fst",0.1049
"chr5",4969856,"fst",0.1259
"chr5",5039856,"fst",0.1956
"chr5",5109857,"fst",0.1894
"chr5",5179857,"fst",0.2012
"chr5",5249858,"fst",0.1926
"chr5",5319858,"fst",0.2055
"chr5",5389859,"fst",0.1888
"chr5",5459859,"fst",0.1529
"chr5",5529860,"fst",0.1093
"chr5",5599860,"fst",0.1049
"chr5",5669860,"fst",0.1212
"chr5",5739861,"fst",0.1037
"chr5",5809861,"fst",0.1065
"chr5",5879862,"fst",0.1183
"chr5",5949862,"fst",0.2077
"chr5",6019863,"fst",0.1431
"chr5",6089863,"fst",0.1888
"chr5",6159863,"fst",0.1882
"chr5",6229864,"fst",0.1793
"chr5",6299864,"fst",0.1584
"chr5",6369865,"fst",0.1276
"chr5",6439865,"fst",0.0712
"chr5",6509866,"fst",0.0796
"chr5",6579866,"fst",0.1064
"chr5",6649867,"fst",0.108
"chr5",6719867,"fst",0.1075
"chr5",6789867,"fst",0.1263
"chr5",6859868,"fst",0.1027
"chr5",6929868,"fst",0.0802
"chr5",6999869,"fst",0.0661
"chr5",7069869,"fst",0.1524
"chr5",7139870,"fst",0.1136
"chr5",7209870,"fst",0.0956
"chr5",7279870,"fst",0.0864
"chr5",7349871,"fst",0.1265
"chr5",7419871,"fst",0.1162
"chr5",7489872,"fst",0.1169
"chr5",7559872,"fst",0.1163
"chr5",7629873,"fst",0.1342
"chr5",7699873,"fst",0.1153
"chr5",7769874,"fst",0.1801
"chr5",7839874,"fst",0.155
"chr5",7909874,"fst",0.1602
"chr5",7979875,"fst",0.1274
"chr5",8049875,"fst",0.1298
"chr5",8119876,"fst",0.1211
"chr5",8189876,"fst",0.1235
"chr5",8259877,"fst",0.1379
"chr5",8329877,"fst",0.0978
"chr5",8399877,"fst",0.0763
"chr5",8469878,"fst",0.1248
"chr5",8539878,"fst",0.0846
"chr5",8609879,"fst",0.1128
"chr5",8679879,"fst",0.1205
"chr5",8749880,"fst",0.1171
"chr5",8819880,"fst",0.1224
"chr5",8889881,"fst",0.1389
"chr5",8959881,"fst",0.1751
"chr5",9029881,"fst",0.1175
"chr5",9099882,"fst",0.0839
"chr5",9169882,"fst",0.0299
"chr5",9239883,"fst",0.0557
"chr5",9309883,"fst",0.1128
"chr5",9379884,"fst",0.1011
"chr5",9449884,"fst",0.0696
"chr5",9519884,"fst",0.0882
"chr5",9589885,"fst",0.0691
"chr5",9659885,"fst",0.0834
"chr5",9729886,"fst",0.0676
"chr5",9799886,"fst",0.0591
"chr5",9869887,"fst",0.0389
"chr5",9939887,"fst",0.0293
"chr5",10009888,"fst",0.0274
"chr5",10079888,"fst",0.0605
"chr5",10149888,"fst",0.1525
"chr5",10219889,"fst",0.1742
"chr5",10289889,"fst",0.1649
"chr5",10359890,"fst",0.1197
"chr5",10429890,"fst",0.1178
"chr5",10499891,"fst",0.1156
"chr5",10569891,"fst",0.0617
"chr5",10639891,"fst",0.0085
"chr5",10709892,"fst",0
"chr5",10779892,"fst",0.1217
"chr5",10849893,"fst",0.0441
"chr5",10919893,"fst",0.042
"chr5",10989894,"fst",0.055
"chr5",11059894,"fst",0.0788
"chr5",11129895,"fst",0.1168
"chr5",11199895,"fst",0.1095
"chr5",11269895,"fst",0.0701
"chr5",11339896,"fst",0.099
"chr5",11409896,"fst",0.1196
"chr5",11479897,"fst",0.0707
"chr5",11549897,"fst",0.099
"chr5",11619898,"fst",0.1645
"chr5",11689898,"fst",0.0896
"chr5",11759898,"fst",0.1092
"chr5",11829899,"fst",0.1526
"chr5",11899899,"fst",0.129
"chr5",11969900,"fst",0.1459
"chr5",12039900,"fst",0.1592
"chr5",12109901,"fst",0.1229
"chr5",12179901,"fst",0.1651
"chr5",12249902,"fst",0.1778
"chr5",12319902,"fst",0.1875
"chr5",12389902,"fst",0.2077
"chr5",12459903,"fst",0.1891
"chr5",12529903,"fst",0.154
"chr5",12599904,"fst",0.1247
"chr5",12669904,"fst",0.1135
"chr5",12739905,"fst",0.0879
"chr5",12809905,"fst",0.0538
"chr5",12879905,"fst",0.064
"chr5",12949906,"fst",0.0861
"chr5",13019906,"fst",0.0779
"chr5",13089907,"fst",0.1753
"chr5",13159907,"fst",0.1791
"chr5",13229908,"fst",0.172
"chr5",13299908,"fst",0.1247
"chr5",13369909,"fst",0.1111
"chr5",13439909,"fst",0.0757
"chr5",13509909,"fst",0.0294
"chr5",13579910,"fst",0.0816
"chr5",13649910,"fst",0.0368
"chr5",13719911,"fst",0.1038
"chr5",13789911,"fst",0.1368
"chr5",13859912,"fst",0.1934
"chr5",13929912,"fst",0.2125
"chr5",13999912,"fst",0.1806
"chr5",14069913,"fst",0.2084
"chr5",14139913,"fst",0.1808
"chr5",14209914,"fst",0.163
"chr5",14279914,"fst",0.1506
"chr5",14349915,"fst",0.1675
"chr5",14419915,"fst",0.1118
"chr5",14489916,"fst",0.0908
"chr5",14559916,"fst",0.1403
"chr5",14629916,"fst",0.1463
"chr5",14699917,"fst",0.1407
"chr5",14769917,"fst",0.1524
"chr5",14839918,"fst",0.1346
"chr5",14909918,"fst",0.1398
"chr5",14979919,"fst",0.0832
"chr5",15049919,"fst",0.034
"chr5",15119919,"fst",0.0142
"chr5",15189920,"fst",0
"chr5",15259920,"fst",0.0146
"chr5",15329921,"fst",0.0289
"chr5",15399921,"fst",0.0026
"chr5",15469922,"fst",0.0024
"chr5",15539922,"fst",0.0378
"chr5",15609923,"fst",0.1099
"chr5",15679923,"fst",0.1228
"chr5",15749923,"fst",0.0624
"chr5",15819924,"fst",0.0958
"chr5",15889924,"fst",0.0572
"chr5",15959925,"fst",0.0614
"chr5",16029925,"fst",9e-04
"chr5",16099926,"fst",0.0565
"chr5",16169926,"fst",0.0851
"chr5",16239926,"fst",0.087
"chr5",16309927,"fst",0.1154
"chr5",16379927,"fst",0.1052
"chr5",16449928,"fst",0.1408
"chr5",16519928,"fst",0.1648
"chr5",16589929,"fst",0.1295
"chr5",16659929,"fst",0.1221
"chr5",16729930,"fst",0.1551
"chr5",16799930,"fst",0.1481
"chr5",16869930,"fst",0.1134
"chr5",16939931,"fst",0.1377
"chr5",17009931,"fst",0.2219
"chr5",17079932,"fst",0.2295
"chr5",17149932,"fst",0.223
"chr5",17219933,"fst",0.1863
"chr5",17289933,"fst",0.1524
"chr5",17359933,"fst",0.1584
"chr5",17429934,"fst",0.1503
"chr5",17499934,"fst",0.0774
"chr5",17569935,"fst",0.0398
"chr5",17639935,"fst",0.0361
"chr5",17709936,"fst",0.0651
"chr5",17779936,"fst",0.0747
"chr5",17849937,"fst",0.1173
"chr5",17919937,"fst",0.1254
"chr5",17989937,"fst",0.167
"chr5",18059938,"fst",0.1478
"chr5",18129938,"fst",0.1573
"chr5",18199939,"fst",0.1539
"chr5",18269939,"fst",0.1926
"chr5",18339940,"fst",0.1808
"chr5",18409940,"fst",0.1276
"chr5",18479940,"fst",0.1315
"chr5",18549941,"fst",0.1268
"chr5",18619941,"fst",0.1234
"chr5",18689942,"fst",0.1662
"chr5",18759942,"fst",0.2277
"chr5",18829943,"fst",0.186
"chr5",18899943,"fst",0.1893
"chr5",18969944,"fst",0.166
"chr5",19039944,"fst",0.1481
"chr5",19109944,"fst",0.1106
"chr5",19179945,"fst",0.1103
"chr5",19249945,"fst",0.0816
"chr5",19319946,"fst",0.0812
"chr5",19389946,"fst",0.1033
"chr5",19459947,"fst",0.1342
"chr5",19529947,"fst",0.1057
"chr5",19599947,"fst",0.1407
"chr5",19669948,"fst",0.124
"chr5",19739948,"fst",0.1325
"chr5",19809949,"fst",0.0902
"chr5",19879949,"fst",0.0802
"chr5",19949950,"fst",0.1152
"chr5",20019950,"fst",0.1064
"chr5",20089951,"fst",0.105
"chr5",20159951,"fst",0.0538
"chr5",20229951,"fst",0.0385
"chr5",20299952,"fst",0.0598
"chr5",20369952,"fst",0.0973
"chr5",20439953,"fst",0.033
"chr5",20509953,"fst",0.0938
"chr5",20579954,"fst",0.0722
"chr5",20649954,"fst",0.0874
"chr5",20719954,"fst",0.1071
"chr5",20789955,"fst",0.1089
"chr5",20859955,"fst",0.0625
"chr5",20929956,"fst",0.0335
"chr5",20999956,"fst",0.1015
"chr5",21069957,"fst",0.1443
"chr5",21139957,"fst",0.1651
"chr5",21209958,"fst",0.1765
"chr5",21279958,"fst",0.1265
"chr5",21349958,"fst",0.1393
"chr5",21419959,"fst",0.0919
"chr5",21489959,"fst",0.0285
"chr5",21559960,"fst",0.0457
"chr5",21629960,"fst",0.1497
"chr5",21699961,"fst",0.1082
"chr5",21769961,"fst",0.0721
"chr5",21839961,"fst",0.0385
"chr5",21909962,"fst",0
"chr5",21979962,"fst",0
"chr5",22049963,"fst",0.0492
"chr5",22119963,"fst",0.01
"chr5",22189964,"fst",0.0948
"chr5",22259964,"fst",0.0265
"chr5",22329965,"fst",0
"chr5",22399965,"fst",0
"chr5",22469965,"fst",0
"chr5",22539966,"fst",0
"chr5",22609966,"fst",0.0513
"chr5",22679967,"fst",0.0643
"chr5",22749967,"fst",0.0328
"chr5",22819968,"fst",0.044
"chr5",22889968,"fst",0.0461
"chr5",22959968,"fst",0.089
"chr5",23029969,"fst",0.0811
"chr5",23099969,"fst",0.0972
"chr5",23169970,"fst",0.1183
"chr5",23239970,"fst",0.1204
"chr5",23309971,"fst",0.1312
"chr5",23379971,"fst",0.1202
"chr5",23449972,"fst",0.0881
"chr5",23519972,"fst",0.0742
"chr5",23589972,"fst",0.0926
"chr5",23659973,"fst",0.1334
"chr5",23729973,"fst",0.0815
"chr5",23799974,"fst",0.1149
"chr5",23869974,"fst",0.1304
"chr5",23939975,"fst",0.1394
"chr5",24009975,"fst",0.1898
"chr5",24079975,"fst",0.2091
"chr5",24149976,"fst",0.2256
"chr5",24219976,"fst",0.1362
"chr5",24289977,"fst",0.1135
"chr5",24359977,"fst",0.1016
"chr5",24429978,"fst",0.106
"chr5",24499978,"fst",0.096
"chr5",24569979,"fst",0.0844
"chr5",24639979,"fst",0.0899
"chr5",24709979,"fst",0.0871
"chr5",24779980,"fst",0.0821
"chr5",24849980,"fst",0.018
"chr5",24919981,"fst",0
"chr5",24989981,"fst",0.043
"chr5",25059982,"fst",0.0543
"chr5",25129982,"fst",0.0888
"chr5",25199982,"fst",0.086
"chr5",25269983,"fst",0.0851
"chr5",25339983,"fst",0.0614
"chr5",25409984,"fst",0.03
"chr5",25479984,"fst",0.0617
"chr5",25549985,"fst",0.0095
"chr5",25619985,"fst",0.0284
"chr5",25689986,"fst",0.0489
"chr5",25759986,"fst",0.0456
"chr5",25829986,"fst",0.0803
"chr5",25899987,"fst",0.0649
"chr5",25969987,"fst",0.0797
"chr5",26039988,"fst",0.0367
"chr5",26109988,"fst",0.0594
"chr5",26179989,"fst",0.024
"chr5",26249989,"fst",0.013
"chr5",26319989,"fst",0.0739
"chr5",26389990,"fst",0.0149
"chr5",26459990,"fst",0.0035
"chr5",26529991,"fst",0
"chr5",26599991,"fst",0
"chr5",26669992,"fst",0
"chr5",26739992,"fst",0
"chr5",26809993,"fst",0
"chr5",26879993,"fst",6e-04
"chr5",26949993,"fst",0
"chr5",27019994,"fst",0
"chr5",27089994,"fst",0
"chr5",27159995,"fst",0.0116
"chr5",27229995,"fst",0.0334
"chr5",27299996,"fst",0.0029
"chr5",27369996,"fst",0.0146
"chr5",27439996,"fst",0.0052
"chr5",27509997,"fst",0.0497
"chr5",27579997,"fst",0.0916
"chr5",27649998,"fst",0.0653
"chr5",27719998,"fst",0.0787
"chr5",27789999,"fst",0.0703
"chr5",27859999,"fst",0.1166
"chr5",27930000,"fst",0.1725
"chr5",2.8e+07,"fst",0.1923
"chr5",69825,"pi",4.8269
"chr5",139826,"pi",4.3311
"chr5",209826,"pi",4.3405
"chr5",279827,"pi",4.0837
"chr5",349827,"pi",4.3823
"chr5",419828,"pi",4.9381
"chr5",489828,"pi",4.7958
"chr5",559828,"pi",4.3826
"chr5",629829,"pi",4.2237
"chr5",699829,"pi",4.3741
"chr5",769830,"pi",4.8643
"chr5",839830,"pi",4.3568
"chr5",909831,"pi",4.0805
"chr5",979831,"pi",4.1726
"chr5",1049832,"pi",3.0874
"chr5",1119832,"pi",2.8173
"chr5",1189832,"pi",3.3998
"chr5",1259833,"pi",3.0137
"chr5",1329833,"pi",4.0406
"chr5",1399834,"pi",3.7147
"chr5",1469834,"pi",3.7672
"chr5",1539835,"pi",3.3412
"chr5",1609835,"pi",3.4182
"chr5",1679835,"pi",3.8357
"chr5",1749836,"pi",3.9549
"chr5",1819836,"pi",3.7501
"chr5",1889837,"pi",4.4048
"chr5",1959837,"pi",3.3281
"chr5",2029838,"pi",2.5533
"chr5",2099838,"pi",2.7742
"chr5",2169839,"pi",2.6219
"chr5",2239839,"pi",2.9945
"chr5",2309839,"pi",3.3958
"chr5",2379840,"pi",3.376
"chr5",2449840,"pi",3.5498
"chr5",2519841,"pi",2.6748
"chr5",2589841,"pi",2.3401
"chr5",2659842,"pi",3.6757
"chr5",2729842,"pi",3.5545
"chr5",2799842,"pi",4.0153
"chr5",2869843,"pi",4.7617
"chr5",2939843,"pi",4.9093
"chr5",3009844,"pi",4.4733
"chr5",3079844,"pi",4.0882
"chr5",3149845,"pi",4.6937
"chr5",3219845,"pi",5.5195
"chr5",3289846,"pi",5.0548
"chr5",3359846,"pi",4.7863
"chr5",3429846,"pi",4.3269
"chr5",3499847,"pi",3.661
"chr5",3569847,"pi",3.4617
"chr5",3639848,"pi",4.1088
"chr5",3709848,"pi",4.1399
"chr5",3779849,"pi",4.0585
"chr5",3849849,"pi",3.9931
"chr5",3919849,"pi",3.6467
"chr5",3989850,"pi",3.2472
"chr5",4059850,"pi",2.9462
"chr5",4129851,"pi",3.596
"chr5",4199851,"pi",4.9358
"chr5",4269852,"pi",4.3018
"chr5",4339852,"pi",3.9066
"chr5",4409853,"pi",3.9755
"chr5",4479853,"pi",3.7413
"chr5",4549853,"pi",3.6403
"chr5",4619854,"pi",4.444
"chr5",4689854,"pi",4.7493
"chr5",4759855,"pi",4.9103
"chr5",4829855,"pi",4.0511
"chr5",4899856,"pi",4.4345
"chr5",4969856,"pi",4.7641
"chr5",5039856,"pi",5.86
"chr5",5109857,"pi",5.7625
"chr5",5179857,"pi",5.947
"chr5",5249858,"pi",5.8122
"chr5",5319858,"pi",6.0152
"chr5",5389859,"pi",5.7532
"chr5",5459859,"pi",5.1888
"chr5",5529860,"pi",4.5039
"chr5",5599860,"pi",4.4342
"chr5",5669860,"pi",4.6909
"chr5",5739861,"pi",4.4157
"chr5",5809861,"pi",4.4594
"chr5",5879862,"pi",4.6444
"chr5",5949862,"pi",6.0489
"chr5",6019863,"pi",5.0343
"chr5",6089863,"pi",5.7522
"chr5",6159863,"pi",5.7424
"chr5",6229864,"pi",5.6038
"chr5",6299864,"pi",5.2741
"chr5",6369865,"pi",4.7904
"chr5",6439865,"pi",3.9045
"chr5",6509866,"pi",4.0366
"chr5",6579866,"pi",4.4585
"chr5",6649867,"pi",4.4827
"chr5",6719867,"pi",4.4749
"chr5",6789867,"pi",4.7707
"chr5",6859868,"pi",4.3996
"chr5",6929868,"pi",4.046
"chr5",6999869,"pi",3.8247
"chr5",7069869,"pi",5.1808
"chr5",7139870,"pi",4.5705
"chr5",7209870,"pi",4.288
"chr5",7279870,"pi",4.1435
"chr5",7349871,"pi",4.773
"chr5",7419871,"pi",4.611
"chr5",7489872,"pi",4.623
"chr5",7559872,"pi",4.6128
"chr5",7629873,"pi",4.8947
"chr5",7699873,"pi",4.5977
"chr5",7769874,"pi",5.6153
"chr5",7839874,"pi",5.2222
"chr5",7909874,"pi",5.303
"chr5",7979875,"pi",4.7873
"chr5",8049875,"pi",4.8253
"chr5",8119876,"pi",4.6888
"chr5",8189876,"pi",4.7268
"chr5",8259877,"pi",4.9532
"chr5",8329877,"pi",4.3218
"chr5",8399877,"pi",3.985
"chr5",8469878,"pi",4.7466
"chr5",8539878,"pi",4.1157
"chr5",8609879,"pi",4.5578
"chr5",8679879,"pi",4.679
"chr5",8749880,"pi",4.6263
"chr5",8819880,"pi",4.7085
"chr5",8889881,"pi",4.9682
"chr5",8959881,"pi",5.5367
"chr5",9029881,"pi",4.6322
"chr5",9099882,"pi",4.1039
"chr5",9169882,"pi",3.2562
"chr5",9239883,"pi",3.6608
"chr5",9309883,"pi",4.5577
"chr5",9379884,"pi",4.3744
"chr5",9449884,"pi",3.8795
"chr5",9519884,"pi",4.1711
"chr5",9589885,"pi",3.8709
"chr5",9659885,"pi",4.0965
"chr5",9729886,"pi",3.8481
"chr5",9799886,"pi",3.715
"chr5",9869887,"pi",3.3971
"chr5",9939887,"pi",3.2468
"chr5",10009888,"pi",3.216
"chr5",10079888,"pi",3.736
"chr5",10149888,"pi",5.1827
"chr5",10219889,"pi",5.5238
"chr5",10289889,"pi",5.3774
"chr5",10359890,"pi",4.6664
"chr5",10429890,"pi",4.6362
"chr5",10499891,"pi",4.602
"chr5",10569891,"pi",3.7546
"chr5",10639891,"pi",2.9192
"chr5",10709892,"pi",2.3981
"chr5",10779892,"pi",4.6989
"chr5",10849893,"pi",3.4794
"chr5",10919893,"pi",3.445
"chr5",10989894,"pi",3.6499
"chr5",11059894,"pi",4.0241
"chr5",11129895,"pi",4.6217
"chr5",11199895,"pi",4.5061
"chr5",11269895,"pi",3.888
"chr5",11339896,"pi",4.3408
"chr5",11409896,"pi",4.665
"chr5",11479897,"pi",3.8974
"chr5",11549897,"pi",4.3414
"chr5",11619898,"pi",5.37
"chr5",11689898,"pi",4.193
"chr5",11759898,"pi",4.5024
"chr5",11829899,"pi",5.183
"chr5",11899899,"pi",4.8132
"chr5",11969900,"pi",5.0781
"chr5",12039900,"pi",5.2872
"chr5",12109901,"pi",4.7164
"chr5",12179901,"pi",5.3794
"chr5",12249902,"pi",5.58
"chr5",12319902,"pi",5.7322
"chr5",12389902,"pi",6.049
"chr5",12459903,"pi",5.7575
"chr5",12529903,"pi",5.2052
"chr5",12599904,"pi",4.7447
"chr5",12669904,"pi",4.57
"chr5",12739905,"pi",4.1663
"chr5",12809905,"pi",3.6305
"chr5",12879905,"pi",3.7915
"chr5",12949906,"pi",4.1394
"chr5",13019906,"pi",4.0101
"chr5",13089907,"pi",5.5398
"chr5",13159907,"pi",5.5996
"chr5",13229908,"pi",5.488
"chr5",13299908,"pi",4.7454
"chr5",13369909,"pi",4.5318
"chr5",13439909,"pi",3.9758
"chr5",13509909,"pi",3.2482
"chr5",13579910,"pi",4.0673
"chr5",13649910,"pi",3.3644
"chr5",13719911,"pi",4.4174
"chr5",13789911,"pi",4.9359
"chr5",13859912,"pi",5.8244
"chr5",13929912,"pi",6.1257
"chr5",13999912,"pi",5.6241
"chr5",14069913,"pi",6.0611
"chr5",14139913,"pi",5.6269
"chr5",14209914,"pi",5.3468
"chr5",14279914,"pi",5.1521
"chr5",14349915,"pi",5.4182
"chr5",14419915,"pi",4.5426
"chr5",14489916,"pi",4.2123
"chr5",14559916,"pi",4.9906
"chr5",14629916,"pi",5.085
"chr5",14699917,"pi",4.9968
"chr5",14769917,"pi",5.1802
"chr5",14839918,"pi",4.9015
"chr5",14909918,"pi",4.9818
"chr5",14979919,"pi",4.0924
"chr5",15049919,"pi",3.3205
"chr5",15119919,"pi",3.0081
"chr5",15189920,"pi",2.6881
"chr5",15259920,"pi",3.0144
"chr5",15329921,"pi",3.2396
"chr5",15399921,"pi",2.8265
"chr5",15469922,"pi",2.823
"chr5",15539922,"pi",3.3799
"chr5",15609923,"pi",4.5126
"chr5",15679923,"pi",4.7146
"chr5",15749923,"pi",3.766
"chr5",15819924,"pi",4.2904
"chr5",15889924,"pi",3.6838
"chr5",15959925,"pi",3.7513
"chr5",16029925,"pi",2.7998
"chr5",16099926,"pi",3.6728
"chr5",16169926,"pi",4.1231
"chr5",16239926,"pi",4.153
"chr5",16309927,"pi",4.5985
"chr5",16379927,"pi",4.4393
"chr5",16449928,"pi",4.9984
"chr5",16519928,"pi",5.3757
"chr5",16589929,"pi",4.8208
"chr5",16659929,"pi",4.7044
"chr5",16729930,"pi",5.2238
"chr5",16799930,"pi",5.113
"chr5",16869930,"pi",4.5672
"chr5",16939931,"pi",4.9498
"chr5",17009931,"pi",6.2728
"chr5",17079932,"pi",6.3921
"chr5",17149932,"pi",6.2894
"chr5",17219933,"pi",5.7133
"chr5",17289933,"pi",5.1807
"chr5",17359933,"pi",5.2753
"chr5",17429934,"pi",5.1468
"chr5",17499934,"pi",4.0017
"chr5",17569935,"pi",3.4116
"chr5",17639935,"pi",3.3529
"chr5",17709936,"pi",3.8085
"chr5",17779936,"pi",3.9599
"chr5",17849937,"pi",4.6289
"chr5",17919937,"pi",4.7557
"chr5",17989937,"pi",5.4102
"chr5",18059938,"pi",5.1082
"chr5",18129938,"pi",5.2578
"chr5",18199939,"pi",5.2037
"chr5",18269939,"pi",5.8116
"chr5",18339940,"pi",5.6264
"chr5",18409940,"pi",4.7905
"chr5",18479940,"pi",4.8517
"chr5",18549941,"pi",4.7784
"chr5",18619941,"pi",4.725
"chr5",18689942,"pi",5.3977
"chr5",18759942,"pi",6.3639
"chr5",18829943,"pi",5.7088
"chr5",18899943,"pi",5.7605
"chr5",18969944,"pi",5.3948
"chr5",19039944,"pi",5.1129
"chr5",19109944,"pi",4.5245
"chr5",19179945,"pi",4.5187
"chr5",19249945,"pi",4.0679
"chr5",19319946,"pi",4.0615
"chr5",19389946,"pi",4.4084
"chr5",19459947,"pi",4.8948
"chr5",19529947,"pi",4.4472
"chr5",19599947,"pi",4.9969
"chr5",19669948,"pi",4.7346
"chr5",19739948,"pi",4.8686
"chr5",19809949,"pi",4.2026
"chr5",19879949,"pi",4.0464
"chr5",19949950,"pi",4.5964
"chr5",20019950,"pi",4.4581
"chr5",20089951,"pi",4.4362
"chr5",20159951,"pi",3.6308
"chr5",20229951,"pi",3.39
"chr5",20299952,"pi",3.7248
"chr5",20369952,"pi",4.3142
"chr5",20439953,"pi",3.3045
"chr5",20509953,"pi",4.2601
"chr5",20579954,"pi",3.92
"chr5",20649954,"pi",4.1591
"chr5",20719954,"pi",4.4685
"chr5",20789955,"pi",4.4975
"chr5",20859955,"pi",3.7684
"chr5",20929956,"pi",3.3128
"chr5",20999956,"pi",4.3802
"chr5",21069957,"pi",5.0534
"chr5",21139957,"pi",5.3799
"chr5",21209958,"pi",5.5593
"chr5",21279958,"pi",4.7739
"chr5",21349958,"pi",4.975
"chr5",21419959,"pi",4.2302
"chr5",21489959,"pi",3.2336
"chr5",21559960,"pi",3.5042
"chr5",21629960,"pi",5.138
"chr5",21699961,"pi",4.4858
"chr5",21769961,"pi",3.9191
"chr5",21839961,"pi",3.3911
"chr5",21909962,"pi",2.6227
"chr5",21979962,"pi",2.7031
"chr5",22049963,"pi",3.5595
"chr5",22119963,"pi",2.9433
"chr5",22189964,"pi",4.2752
"chr5",22259964,"pi",3.2029
"chr5",22329965,"pi",2.1575
"chr5",22399965,"pi",2.4496
"chr5",22469965,"pi",2.6035
"chr5",22539966,"pi",2.7112
"chr5",22609966,"pi",3.5919
"chr5",22679967,"pi",3.7964
"chr5",22749967,"pi",3.3014
"chr5",22819968,"pi",3.4764
"chr5",22889968,"pi",3.5098
"chr5",22959968,"pi",4.1849
"chr5",23029969,"pi",4.06
"chr5",23099969,"pi",4.3132
"chr5",23169970,"pi",4.6452
"chr5",23239970,"pi",4.6777
"chr5",23309971,"pi",4.8472
"chr5",23379971,"pi",4.6738
"chr5",23449972,"pi",4.1703
"chr5",23519972,"pi",3.952
"chr5",23589972,"pi",4.2405
"chr5",23659973,"pi",4.8825
"chr5",23729973,"pi",4.0657
"chr5",23799974,"pi",4.5919
"chr5",23869974,"pi",4.8347
"chr5",23939975,"pi",4.9762
"chr5",24009975,"pi",5.7684
"chr5",24079975,"pi",6.0715
"chr5",24149976,"pi",6.3315
"chr5",24219976,"pi",4.9261
"chr5",24289977,"pi",4.5698
"chr5",24359977,"pi",4.3821
"chr5",24429978,"pi",4.4511
"chr5",24499978,"pi",4.2946
"chr5",24569979,"pi",4.1118
"chr5",24639979,"pi",4.198
"chr5",24709979,"pi",4.1549
"chr5",24779980,"pi",4.0757
"chr5",24849980,"pi",3.0693
"chr5",24919981,"pi",2.4626
"chr5",24989981,"pi",3.4615
"chr5",25059982,"pi",3.6387
"chr5",25129982,"pi",4.181
"chr5",25199982,"pi",4.1366
"chr5",25269983,"pi",4.1226
"chr5",25339983,"pi",3.751
"chr5",25409984,"pi",3.2578
"chr5",25479984,"pi",3.7545
"chr5",25549985,"pi",2.9354
"chr5",25619985,"pi",3.2313
"chr5",25689986,"pi",3.5548
"chr5",25759986,"pi",3.5028
"chr5",25829986,"pi",4.0483
"chr5",25899987,"pi",3.8064
"chr5",25969987,"pi",4.0382
"chr5",26039988,"pi",3.3631
"chr5",26109988,"pi",3.7196
"chr5",26179989,"pi",3.1635
"chr5",26249989,"pi",2.9901
"chr5",26319989,"pi",3.9468
"chr5",26389990,"pi",3.0195
"chr5",26459990,"pi",2.8412
"chr5",26529991,"pi",2.6977
"chr5",26599991,"pi",2.7279
"chr5",26669992,"pi",2.5821
"chr5",26739992,"pi",2.352
"chr5",26809993,"pi",1.5687
"chr5",26879993,"pi",2.7945
"chr5",26949993,"pi",2.565
"chr5",27019994,"pi",2.5829
"chr5",27089994,"pi",2.6746
"chr5",27159995,"pi",2.9674
"chr5",27229995,"pi",3.3101
"chr5",27299996,"pi",2.8311
"chr5",27369996,"pi",3.0149
"chr5",27439996,"pi",2.8676
"chr5",27509997,"pi",3.5671
"chr5",27579997,"pi",4.2259
"chr5",27649998,"pi",3.8122
"chr5",27719998,"pi",4.0228
"chr5",27789999,"pi",3.8901
"chr5",27859999,"pi",4.6177
"chr5",27930000,"pi",5.4967
"chr5",2.8e+07,"pi",5.807
"chr5",69825,"tajima",0.8908
"chr5",139826,"tajima",0.305
"chr5",209826,"tajima",0.316
"chr5",279827,"tajima",0.0126
"chr5",349827,"tajima",0.3655
"chr5",419828,"tajima",1.0223
"chr5",489828,"tajima",0.8541
"chr5",559828,"tajima",0.3658
"chr5",629829,"tajima",0.178
"chr5",699829,"tajima",0.3558
"chr5",769830,"tajima",0.9351
"chr5",839830,"tajima",0.3353
"chr5",909831,"tajima",0.0088
"chr5",979831,"tajima",0.1176
"chr5",1049832,"tajima",-1.1649
"chr5",1119832,"tajima",-1.4841
"chr5",1189832,"tajima",-0.7957
"chr5",1259833,"tajima",-1.252
"chr5",1329833,"tajima",-0.0383
"chr5",1399834,"tajima",-0.4235
"chr5",1469834,"tajima",-0.3615
"chr5",1539835,"tajima",-0.8649
"chr5",1609835,"tajima",-0.7739
"chr5",1679835,"tajima",-0.2806
"chr5",1749836,"tajima",-0.1396
"chr5",1819836,"tajima",-0.3817
"chr5",1889837,"tajima",0.392
"chr5",1959837,"tajima",-0.8804
"chr5",2029838,"tajima",-1.7961
"chr5",2099838,"tajima",-1.5351
"chr5",2169839,"tajima",-1.715
"chr5",2239839,"tajima",-1.2747
"chr5",2309839,"tajima",-0.8004
"chr5",2379840,"tajima",-0.8239
"chr5",2449840,"tajima",-0.6184
"chr5",2519841,"tajima",-1.6525
"chr5",2589841,"tajima",-2.0481
"chr5",2659842,"tajima",-0.4696
"chr5",2729842,"tajima",-0.6129
"chr5",2799842,"tajima",-0.0682
"chr5",2869843,"tajima",0.8139
"chr5",2939843,"tajima",0.9883
"chr5",3009844,"tajima",0.473
"chr5",3079844,"tajima",0.0179
"chr5",3149845,"tajima",0.7334
"chr5",3219845,"tajima",1.7094
"chr5",3289846,"tajima",1.1602
"chr5",3359846,"tajima",0.843
"chr5",3429846,"tajima",0.3
"chr5",3499847,"tajima",-0.487
"chr5",3569847,"tajima",-0.7225
"chr5",3639848,"tajima",0.0422
"chr5",3709848,"tajima",0.0789
"chr5",3779849,"tajima",-0.0173
"chr5",3849849,"tajima",-0.0945
"chr5",3919849,"tajima",-0.5039
"chr5",3989850,"tajima",-0.976
"chr5",4059850,"tajima",-1.3318
"chr5",4129851,"tajima",-0.5638
"chr5",4199851,"tajima",1.0195
"chr5",4269852,"tajima",0.2703
"chr5",4339852,"tajima",-0.1967
"chr5",4409853,"tajima",-0.1153
"chr5",4479853,"tajima",-0.392
"chr5",4549853,"tajima",-0.5115
"chr5",4619854,"tajima",0.4383
"chr5",4689854,"tajima",0.7992
"chr5",4759855,"tajima",0.9894
"chr5",4829855,"tajima",-0.026
"chr5",4899856,"tajima",0.4271
"chr5",4969856,"tajima",0.8167
"chr5",5039856,"tajima",2.1118
"chr5",5109857,"tajima",1.9966
"chr5",5179857,"tajima",2.2147
"chr5",5249858,"tajima",2.0553
"chr5",5319858,"tajima",2.2952
"chr5",5389859,"tajima",1.9856
"chr5",5459859,"tajima",1.3185
"chr5",5529860,"tajima",0.5091
"chr5",5599860,"tajima",0.4268
"chr5",5669860,"tajima",0.7302
"chr5",5739861,"tajima",0.4049
"chr5",5809861,"tajima",0.4566
"chr5",5879862,"tajima",0.6752
"chr5",5949862,"tajima",2.3351
"chr5",6019863,"tajima",1.136
"chr5",6089863,"tajima",1.9844
"chr5",6159863,"tajima",1.9729
"chr5",6229864,"tajima",1.8091
"chr5",6299864,"tajima",1.4194
"chr5",6369865,"tajima",0.8478
"chr5",6439865,"tajima",-0.1992
"chr5",6509866,"tajima",-0.0432
"chr5",6579866,"tajima",0.4555
"chr5",6649867,"tajima",0.4841
"chr5",6719867,"tajima",0.4749
"chr5",6789867,"tajima",0.8245
"chr5",6859868,"tajima",0.3859
"chr5",6929868,"tajima",-0.032
"chr5",6999869,"tajima",-0.2935
"chr5",7069869,"tajima",1.3091
"chr5",7139870,"tajima",0.5879
"chr5",7209870,"tajima",0.2541
"chr5",7279870,"tajima",0.0833
"chr5",7349871,"tajima",0.8272
"chr5",7419871,"tajima",0.6357
"chr5",7489872,"tajima",0.6499
"chr5",7559872,"tajima",0.6378
"chr5",7629873,"tajima",0.971
"chr5",7699873,"tajima",0.62
"chr5",7769874,"tajima",1.8226
"chr5",7839874,"tajima",1.3581
"chr5",7909874,"tajima",1.4535
"chr5",7979875,"tajima",0.844
"chr5",8049875,"tajima",0.889
"chr5",8119876,"tajima",0.7277
"chr5",8189876,"tajima",0.7726
"chr5",8259877,"tajima",1.0402
"chr5",8329877,"tajima",0.294
"chr5",8399877,"tajima",-0.1041
"chr5",8469878,"tajima",0.796
"chr5",8539878,"tajima",0.0503
"chr5",8609879,"tajima",0.5729
"chr5",8679879,"tajima",0.7161
"chr5",8749880,"tajima",0.6538
"chr5",8819880,"tajima",0.751
"chr5",8889881,"tajima",1.0578
"chr5",8959881,"tajima",1.7298
"chr5",9029881,"tajima",0.6608
"chr5",9099882,"tajima",0.0364
"chr5",9169882,"tajima",-0.9654
"chr5",9239883,"tajima",-0.4873
"chr5",9309883,"tajima",0.5727
"chr5",9379884,"tajima",0.3561
"chr5",9449884,"tajima",-0.2287
"chr5",9519884,"tajima",0.1158
"chr5",9589885,"tajima",-0.2389
"chr5",9659885,"tajima",0.0277
"chr5",9729886,"tajima",-0.2659
"chr5",9799886,"tajima",-0.4232
"chr5",9869887,"tajima",-0.7988
"chr5",9939887,"tajima",-0.9765
"chr5",10009888,"tajima",-1.013
"chr5",10079888,"tajima",-0.3983
"chr5",10149888,"tajima",1.3113
"chr5",10219889,"tajima",1.7144
"chr5",10289889,"tajima",1.5415
"chr5",10359890,"tajima",0.7012
"chr5",10429890,"tajima",0.6655
"chr5",10499891,"tajima",0.6251
"chr5",10569891,"tajima",-0.3764
"chr5",10639891,"tajima",-1.3637
"chr5",10709892,"tajima",-1.9796
"chr5",10779892,"tajima",0.7396
"chr5",10849893,"tajima",-0.7017
"chr5",10919893,"tajima",-0.7423
"chr5",10989894,"tajima",-0.5001
"chr5",11059894,"tajima",-0.0579
"chr5",11129895,"tajima",0.6483
"chr5",11199895,"tajima",0.5118
"chr5",11269895,"tajima",-0.2187
"chr5",11339896,"tajima",0.3164
"chr5",11409896,"tajima",0.6996
"chr5",11479897,"tajima",-0.2076
"chr5",11549897,"tajima",0.3171
"chr5",11619898,"tajima",1.5327
"chr5",11689898,"tajima",0.1417
"chr5",11759898,"tajima",0.5074
"chr5",11829899,"tajima",1.3117
"chr5",11899899,"tajima",0.8747
"chr5",11969900,"tajima",1.1878
"chr5",12039900,"tajima",1.4349
"chr5",12109901,"tajima",0.7603
"chr5",12179901,"tajima",1.5438
"chr5",12249902,"tajima",1.7809
"chr5",12319902,"tajima",1.9608
"chr5",12389902,"tajima",2.3352
"chr5",12459903,"tajima",1.9907
"chr5",12529903,"tajima",1.3379
"chr5",12599904,"tajima",0.7938
"chr5",12669904,"tajima",0.5873
"chr5",12739905,"tajima",0.1101
"chr5",12809905,"tajima",-0.523
"chr5",12879905,"tajima",-0.3328
"chr5",12949906,"tajima",0.0784
"chr5",13019906,"tajima",-0.0744
"chr5",13089907,"tajima",1.7334
"chr5",13159907,"tajima",1.804
"chr5",13229908,"tajima",1.6722
"chr5",13299908,"tajima",0.7945
"chr5",13369909,"tajima",0.5422
"chr5",13439909,"tajima",-0.1149
"chr5",13509909,"tajima",-0.9748
"chr5",13579910,"tajima",-0.0068
"chr5",13649910,"tajima",-0.8376
"chr5",13719911,"tajima",0.4069
"chr5",13789911,"tajima",1.0197
"chr5",13859912,"tajima",2.0698
"chr5",13929912,"tajima",2.4258
"chr5",13999912,"tajima",1.8331
"chr5",14069913,"tajima",2.3495
"chr5",14139913,"tajima",1.8364
"chr5",14209914,"tajima",1.5053
"chr5",14279914,"tajima",1.2752
"chr5",14349915,"tajima",1.5897
"chr5",14419915,"tajima",0.5549
"chr5",14489916,"tajima",0.1646
"chr5",14559916,"tajima",1.0843
"chr5",14629916,"tajima",1.1959
"chr5",14699917,"tajima",1.0917
"chr5",14769917,"tajima",1.3084
"chr5",14839918,"tajima",0.9791
"chr5",14909918,"tajima",1.074
"chr5",14979919,"tajima",0.0228
"chr5",15049919,"tajima",-0.8894
"chr5",15119919,"tajima",-1.2586
"chr5",15189920,"tajima",-1.6368
"chr5",15259920,"tajima",-1.2512
"chr5",15329921,"tajima",-0.985
"chr5",15399921,"tajima",-1.4732
"chr5",15469922,"tajima",-1.4774
"chr5",15539922,"tajima",-0.8193
"chr5",15609923,"tajima",0.5194
"chr5",15679923,"tajima",0.7582
"chr5",15749923,"tajima",-0.3629
"chr5",15819924,"tajima",0.2568
"chr5",15889924,"tajima",-0.46
"chr5",15959925,"tajima",-0.3803
"chr5",16029925,"tajima",-1.5048
"chr5",16099926,"tajima",-0.473
"chr5",16169926,"tajima",0.0591
"chr5",16239926,"tajima",0.0944
"chr5",16309927,"tajima",0.6209
"chr5",16379927,"tajima",0.4328
"chr5",16449928,"tajima",1.0936
"chr5",16519928,"tajima",1.5394
"chr5",16589929,"tajima",0.8836
"chr5",16659929,"tajima",0.7461
"chr5",16729930,"tajima",1.3599
"chr5",16799930,"tajima",1.2289
"chr5",16869930,"tajima",0.584
"chr5",16939931,"tajima",1.0362
"chr5",17009931,"tajima",2.5997
"chr5",17079932,"tajima",2.7407
"chr5",17149932,"tajima",2.6193
"chr5",17219933,"tajima",1.9385
"chr5",17289933,"tajima",1.309
"chr5",17359933,"tajima",1.4208
"chr5",17429934,"tajima",1.269
"chr5",17499934,"tajima",-0.0844
"chr5",17569935,"tajima",-0.7817
"chr5",17639935,"tajima",-0.8511
"chr5",17709936,"tajima",-0.3126
"chr5",17779936,"tajima",-0.1337
"chr5",17849937,"tajima",0.6568
"chr5",17919937,"tajima",0.8067
"chr5",17989937,"tajima",1.5802
"chr5",18059938,"tajima",1.2233
"chr5",18129938,"tajima",1.4002
"chr5",18199939,"tajima",1.3362
"chr5",18269939,"tajima",2.0546
"chr5",18339940,"tajima",1.8357
"chr5",18409940,"tajima",0.8479
"chr5",18479940,"tajima",0.9202
"chr5",18549941,"tajima",0.8335
"chr5",18619941,"tajima",0.7705
"chr5",18689942,"tajima",1.5655
"chr5",18759942,"tajima",2.7073
"chr5",18829943,"tajima",1.9332
"chr5",18899943,"tajima",1.9943
"chr5",18969944,"tajima",1.5621
"chr5",19039944,"tajima",1.2289
"chr5",19109944,"tajima",0.5335
"chr5",19179945,"tajima",0.5266
"chr5",19249945,"tajima",-0.0062
"chr5",19319946,"tajima",-0.0137
"chr5",19389946,"tajima",0.3963
"chr5",19459947,"tajima",0.9711
"chr5",19529947,"tajima",0.4421
"chr5",19599947,"tajima",1.0918
"chr5",19669948,"tajima",0.7818
"chr5",19739948,"tajima",0.9402
"chr5",19809949,"tajima",0.153
"chr5",19879949,"tajima",-0.0316
"chr5",19949950,"tajima",0.6185
"chr5",20019950,"tajima",0.455
"chr5",20089951,"tajima",0.4292
"chr5",20159951,"tajima",-0.5227
"chr5",20229951,"tajima",-0.8073
"chr5",20299952,"tajima",-0.4116
"chr5",20369952,"tajima",0.2849
"chr5",20439953,"tajima",-0.9083
"chr5",20509953,"tajima",0.2211
"chr5",20579954,"tajima",-0.1809
"chr5",20649954,"tajima",0.1016
"chr5",20719954,"tajima",0.4673
"chr5",20789955,"tajima",0.5016
"chr5",20859955,"tajima",-0.3601
"chr5",20929956,"tajima",-0.8985
"chr5",20999956,"tajima",0.363
"chr5",21069957,"tajima",1.1586
"chr5",21139957,"tajima",1.5444
"chr5",21209958,"tajima",1.7564
"chr5",21279958,"tajima",0.8283
"chr5",21349958,"tajima",1.0659
"chr5",21419959,"tajima",0.1857
"chr5",21489959,"tajima",-0.9921
"chr5",21559960,"tajima",-0.6723
"chr5",21629960,"tajima",1.2586
"chr5",21699961,"tajima",0.4878
"chr5",21769961,"tajima",-0.1819
"chr5",21839961,"tajima",-0.806
"chr5",21909962,"tajima",-1.7141
"chr5",21979962,"tajima",-1.6191
"chr5",22049963,"tajima",-0.6069
"chr5",22119963,"tajima",-1.3352
"chr5",22189964,"tajima",0.2388
"chr5",22259964,"tajima",-1.0284
"chr5",22329965,"tajima",-2.2638
"chr5",22399965,"tajima",-1.9186
"chr5",22469965,"tajima",-1.7368
"chr5",22539966,"tajima",-1.6094
"chr5",22609966,"tajima",-0.5686
"chr5",22679967,"tajima",-0.327
"chr5",22749967,"tajima",-0.9119
"chr5",22819968,"tajima",-0.7051
"chr5",22889968,"tajima",-0.6657
"chr5",22959968,"tajima",0.1321
"chr5",23029969,"tajima",-0.0155
"chr5",23099969,"tajima",0.2838
"chr5",23169970,"tajima",0.6761
"chr5",23239970,"tajima",0.7145
"chr5",23309971,"tajima",0.9149
"chr5",23379971,"tajima",0.7099
"chr5",23449972,"tajima",0.1149
"chr5",23519972,"tajima",-0.1431
"chr5",23589972,"tajima",0.1979
"chr5",23659973,"tajima",0.9566
"chr5",23729973,"tajima",-0.0087
"chr5",23799974,"tajima",0.6131
"chr5",23869974,"tajima",0.9001
"chr5",23939975,"tajima",1.0673
"chr5",24009975,"tajima",2.0035
"chr5",24079975,"tajima",2.3617
"chr5",24149976,"tajima",2.6691
"chr5",24219976,"tajima",1.0081
"chr5",24289977,"tajima",0.587
"chr5",24359977,"tajima",0.3652
"chr5",24429978,"tajima",0.4467
"chr5",24499978,"tajima",0.2618
"chr5",24569979,"tajima",0.0458
"chr5",24639979,"tajima",0.1476
"chr5",24709979,"tajima",0.0967
"chr5",24779980,"tajima",0.0031
"chr5",24849980,"tajima",-1.1862
"chr5",24919981,"tajima",-1.9033
"chr5",24989981,"tajima",-0.7228
"chr5",25059982,"tajima",-0.5133
"chr5",25129982,"tajima",0.1275
"chr5",25199982,"tajima",0.0751
"chr5",25269983,"tajima",0.0585
"chr5",25339983,"tajima",-0.3806
"chr5",25409984,"tajima",-0.9636
"chr5",25479984,"tajima",-0.3765
"chr5",25549985,"tajima",-1.3445
"chr5",25619985,"tajima",-0.9948
"chr5",25689986,"tajima",-0.6125
"chr5",25759986,"tajima",-0.674
"chr5",25829986,"tajima",-0.0292
"chr5",25899987,"tajima",-0.3152
"chr5",25969987,"tajima",-0.0412
"chr5",26039988,"tajima",-0.8391
"chr5",26109988,"tajima",-0.4178
"chr5",26179989,"tajima",-1.075
"chr5",26249989,"tajima",-1.2799
"chr5",26319989,"tajima",-0.1492
"chr5",26389990,"tajima",-1.2451
"chr5",26459990,"tajima",-1.4559
"chr5",26529991,"tajima",-1.6255
"chr5",26599991,"tajima",-1.5898
"chr5",26669992,"tajima",-1.762
"chr5",26739992,"tajima",-2.034
"chr5",26809993,"tajima",-2.9597
"chr5",26879993,"tajima",-1.511
"chr5",26949993,"tajima",-1.7822
"chr5",27019994,"tajima",-1.7611
"chr5",27089994,"tajima",-1.6527
"chr5",27159995,"tajima",-1.3068
"chr5",27229995,"tajima",-0.9017
"chr5",27299996,"tajima",-1.4678
"chr5",27369996,"tajima",-1.2506
"chr5",27439996,"tajima",-1.4246
"chr5",27509997,"tajima",-0.598
"chr5",27579997,"tajima",0.1806
"chr5",27649998,"tajima",-0.3083
"chr5",27719998,"tajima",-0.0594
"chr5",27789999,"tajima",-0.2162
"chr5",27859999,"tajima",0.6436
"chr5",27930000,"tajima",1.6824
"chr5",2.8e+07,"tajima",2.0492
