chr,pos,p,snp,highlight
1,581,0.109,s1-1,0
1,147536,0.458,s1-2,0
1,150386,0.145,s1-3,0
1,175274,0.411,s1-4,0
1,184882,0.251,s1-5,0
1,237809,0.86,s1-6,0
1,386749,0.232,s1-7,0
1,397389,0.31,s1-8,0
1,432245,0.886,s1-9,0
1,476839,0.164,s1-10,0
1,505493,0.708,s1-11,0
1,612770,0.292,s1-12,0
1,614406,0.921,s1-13,0
1,1013598,0.0773,s1-14,0
1,1029918,0.973,s1-15,0
1,1094800,0.472,s1-16,0
1,1275490,0.125,s1-17,0
1,1375709,0.959,s1-18,0
1,1468127,0.813,s1-19,0
1,1508667,0.0565,s1-20,0
1,1609374,0.187,s1-21,0
1,1681266,0.405,s1-22,0
1,1936263,0.408,s1-23,0
1,2021424,0.694,s1-24,0
1,2103351,0.977,s1-25,0
1,2170007,0.573,s1-26,0
1,2288599,0.843,s1-27,0
1,2343665,0.896,s1-28,0
1,2418725,0.994,s1-29,0
1,2437198,0.405,s1-30,0
1,2523078,0.347,s1-31,0
1,2654078,0.11,s1-32,0
1,2826836,0.671,s1-33,0
1,2966987,0.181,s1-34,0
1,2975307,0.0118,s1-35,0
1,3033085,0.712,s1-36,0
1,3064243,0.806,s1-37,0
1,3085908,0.97,s1-38,0
1,3088845,0.157,s1-39,0
1,3182660,0.568,s1-40,0
1,3397611,0.736,s1-41,0
1,3403732,0.968,s1-42,0
1,3596447,0.0495,s1-43,0
1,3638066,0.562,s1-44,0
1,3712806,0.83,s1-45,0
1,3718512,0.748,s1-46,0
1,3787782,0.772,s1-47,0
1,3977855,0.349,s1-48,0
1,4037175,0.612,s1-49,0
1,4100446,0.604,s1-50,0
1,4138886,0.456,s1-51,0
1,4524021,0.463,s1-52,0
1,4652717,0.38,s1-53,0
1,4656775,0.959,s1-54,0
1,4728260,0.599,s1-55,0
1,4849954,0.952,s1-56,0
1,5028642,0.00612,s1-57,0
1,5266533,0.858,s1-58,0
1,5500063,0.454,s1-59,0
1,5725433,0.856,s1-60,0
1,5878930,0.471,s1-61,0
1,5969945,0.654,s1-62,0
1,6007303,0.0928,s1-63,0
1,6096200,0.358,s1-64,0
1,6217291,0.522,s1-65,0
1,6300684,0.899,s1-66,0
1,6305466,0.229,s1-67,0
1,6323127,0.716,s1-68,0
1,6353691,0.513,s1-69,0
1,6399985,0.507,s1-70,0
1,6577261,0.0562,s1-71,0
1,6628261,0.674,s1-72,0
1,6689648,0.377,s1-73,0
1,6691098,0.478,s1-74,0
1,6713758,0.00282,s1-75,0
1,6888961,0.935,s1-76,0
1,6933709,0.0307,s1-77,0
1,6941735,0.0335,s1-78,0
1,6972928,0.619,s1-79,0
1,6975980,0.0524,s1-80,0
1,7258478,0.419,s1-81,0
1,7275828,0.914,s1-82,0
1,7321608,0.952,s1-83,0
1,7383856,0.717,s1-84,0
1,7617126,0.402,s1-85,0
1,7760273,0.114,s1-86,0
1,7803564,0.595,s1-87,0
1,7828850,0.642,s1-88,0
1,7857039,0.389,s1-89,0
1,7903676,0.472,s1-90,0
1,7930281,0.655,s1-91,0
1,7977613,0.588,s1-92,0
1,7993645,0.317,s1-93,0
1,7999315,0.877,s1-94,0
1,8042046,0.159,s1-95,0
1,8068830,0.199,s1-96,0
1,8072984,0.0513,s1-97,0
1,8241622,0.675,s1-98,0
1,8306417,0.922,s1-99,0
1,8310548,0.421,s1-100,0
1,8412720,0.0206,s1-101,0
1,8413220,0.884,s1-102,0
1,8416057,0.692,s1-103,0
1,8487143,0.793,s1-104,0
1,8528150,0.674,s1-105,0
1,8614338,0.869,s1-106,0
1,8698948,0.3,s1-107,0
1,8855706,0.0506,s1-108,0
1,9047274,0.0365,s1-109,0
1,9062336,0.249,s1-110,0
1,9276947,0.237,s1-111,0
1,9318699,0.645,s1-112,0
1,9478932,0.483,s1-113,0
1,9487306,0.556,s1-114,0
1,9591265,0.972,s1-115,0
1,9721614,0.281,s1-116,0
1,9743294,0.232,s1-117,0
1,9865801,0.966,s1-118,0
1,9951059,0.512,s1-119,0
1,9956466,0.0695,s1-120,0
1,10077241,0.194,s1-121,0
1,10110625,0.945,s1-122,0
1,10145503,0.853,s1-123,0
1,10159164,0.484,s1-124,0
1,10249874,0.073,s1-125,0
1,10287619,0.664,s1-126,0
1,10319159,0.676,s1-127,0
1,10468897,0.786,s1-128,0
1,10647780,0.998,s1-129,0
1,10649774,0.147,s1-130,0
1,10715588,0.716,s1-131,0
1,10793248,0.485,s1-132,0
1,10805310,0.546,s1-133,0
1,10875872,0.994,s1-134,0
1,10974342,0.966,s1-135,0
1,10977112,0.882,s1-136,0
1,11008488,0.647,s1-137,0
1,11093206,0.787,s1-138,0
1,11196633,0.391,s1-139,0
1,11329980,0.0528,s1-140,0
1,11371758,0.852,s1-141,0
1,11412329,0.995,s1-142,0
1,11422711,0.0826,s1-143,0
1,11474506,0.968,s1-144,0
1,11546208,0.207,s1-145,0
1,11680025,0.17,s1-146,0
1,11866906,0.154,s1-147,0
1,12180368,0.687,s1-148,0
1,12262615,0.306,s1-149,0
1,12392342,0.908,s1-150,0
1,12550364,0.0547,s1-151,0
1,12568848,0.165,s1-152,0
1,12623739,0.23,s1-153,0
1,12635929,0.494,s1-154,0
1,12751958,0.0686,s1-155,0
1,12868142,0.485,s1-156,0
1,13020366,0.325,s1-157,0
1,13048021,0.661,s1-158,0
1,13048078,0.918,s1-159,0
1,13112333,0.326,s1-160,0
1,13216648,0.521,s1-161,0
1,13248180,0.178,s1-162,0
1,13307428,0.69,s1-163,0
1,13317699,0.677,s1-164,0
1,13722632,0.0306,s1-165,0
1,13900445,0.73,s1-166,0
1,13916760,0.607,s1-167,0
1,13952841,0.0446,s1-168,0
1,14083656,0.0813,s1-169,0
1,14296986,0.117,s1-170,0
1,14389055,0.738,s1-171,0
1,14518259,0.983,s1-172,0
1,14615896,0.791,s1-173,0
1,14881949,0.724,s1-174,0
1,14891678,0.0451,s1-175,0
1,14904793,0.799,s1-176,0
1,15044934,0.728,s1-177,0
1,15110895,0.282,s1-178,0
1,15146051,0.203,s1-179,0
1,15229532,0.154,s1-180,0
1,15251665,0.364,s1-181,0
1,15373559,0.235,s1-182,0
1,15428068,0.336,s1-183,0
1,15449351,0.347,s1-184,0
1,15522781,0.541,s1-185,0
1,15581094,0.406,s1-186,0
1,15705715,0.684,s1-187,0
1,15717934,0.972,s1-188,0
1,15828844,0.988,s1-189,0
1,15885666,0.909,s1-190,0
1,15976571,0.528,s1-191,0
1,15992428,0.157,s1-192,0
1,16022234,0.129,s1-193,0
1,16031552,0.512,s1-194,0
1,16038624,0.873,s1-195,0
1,16060168,0.0859,s1-196,0
1,16064103,0.926,s1-197,0
1,16141257,0.959,s1-198,0
1,16253062,0.328,s1-199,0
1,16255250,0.142,s1-200,0
1,16274818,0.27,s1-201,0
1,16279966,0.01,s1-202,0
1,16432074,0.977,s1-203,0
1,16448343,0.304,s1-204,0
1,16525005,0.252,s1-205,0
1,16548782,0.595,s1-206,0
1,16824097,0.812,s1-207,0
1,16990043,0.925,s1-208,0
1,17014384,0.698,s1-209,0
1,17089770,0.947,s1-210,0
1,17126359,0.62,s1-211,0
1,17168559,0.43,s1-212,0
1,17313292,0.422,s1-213,0
1,17485083,0.276,s1-214,0
1,17490857,0.202,s1-215,0
1,17619116,0.381,s1-216,0
1,17999176,0.282,s1-217,0
1,18019256,0.475,s1-218,0
1,18061048,0.924,s1-219,0
1,18096647,0.811,s1-220,0
1,18113989,0.0401,s1-221,0
1,18141731,0.571,s1-222,0
1,18187798,0.881,s1-223,0
1,18413439,0.602,s1-224,0
1,18450756,0.103,s1-225,0
1,18885120,0.0123,s1-226,0
1,18898679,0.892,s1-227,0
1,19055828,0.326,s1-228,0
1,19096164,0.382,s1-229,0
1,19103899,0.389,s1-230,0
1,19245372,0.178,s1-231,0
1,19262607,0.766,s1-232,0
1,19397391,0.51,s1-233,0
1,19573343,0.818,s1-234,0
1,19600471,0.713,s1-235,0
1,19639180,0.376,s1-236,0
1,19659359,0.121,s1-237,0
1,19685415,0.216,s1-238,0
1,19766314,0.0561,s1-239,0
1,19858471,0.197,s1-240,0
1,19860478,0.0764,s1-241,0
1,19894154,0.65,s1-242,0
1,20143099,0.829,s1-243,0
1,20151388,0.339,s1-244,0
1,20219930,0.749,s1-245,0
1,20285953,0.106,s1-246,0
1,20311608,0.853,s1-247,0
1,20387018,0.157,s1-248,0
1,20714302,0.741,s1-249,0
1,20874419,0.844,s1-250,0
1,21007347,0.749,s1-251,0
1,21040596,0.133,s1-252,0
1,21056108,0.646,s1-253,0
1,21155867,0.808,s1-254,0
1,21200290,0.383,s1-255,0
1,21312654,0.662,s1-256,0
1,21369881,0.273,s1-257,0
1,21794280,0.509,s1-258,0
1,21962451,0.209,s1-259,0
1,22163947,0.457,s1-260,0
1,22251999,0.382,s1-261,0
1,22284188,0.0586,s1-262,0
1,22290689,0.73,s1-263,0
1,22316298,0.123,s1-264,0
1,22325282,0.573,s1-265,0
1,22333995,0.518,s1-266,0
1,22364429,0.665,s1-267,0
1,22504067,0.289,s1-268,0
1,22576378,0.803,s1-269,0
1,22695884,0.485,s1-270,0
1,22822306,0.861,s1-271,0
1,22849703,0.461,s1-272,0
1,22895407,0.558,s1-273,0
1,22929086,0.697,s1-274,0
1,23028165,0.76,s1-275,0
1,23092151,0.746,s1-276,0
1,23163850,0.438,s1-277,0
1,23206749,0.75,s1-278,0
1,23276197,0.189,s1-279,0
1,23443203,0.876,s1-280,0
1,23593430,0.961,s1-281,0
1,23619416,0.88,s1-282,0
1,23626557,0.931,s1-283,0
1,23774744,0.276,s1-284,0
1,24054680,0.123,s1-285,0
1,24061745,0.542,s1-286,0
1,24159496,0.789,s1-287,0
1,24443279,0.775,s1-288,0
1,24545655,0.385,s1-289,0
1,24657129,0.61,s1-290,0
1,24846560,0.18,s1-291,0
1,24851410,0.973,s1-292,0
1,24864600,0.918,s1-293,0
1,24910550,0.0249,s1-294,0
1,25209485,0.0822,s1-295,0
1,25251743,0.388,s1-296,0
1,25285121,0.477,s1-297,0
1,25286435,0.673,s1-298,0
1,25299200,0.583,s1-299,0
1,25502610,0.352,s1-300,0
1,25535874,0.244,s1-301,0
1,25600141,0.0149,s1-302,0
1,25678459,0.967,s1-303,0
1,25962767,0.749,s1-304,0
1,26013743,0.827,s1-305,0
1,26029190,0.0843,s1-306,0
1,26081564,0.242,s1-307,0
1,26136654,0.822,s1-308,0
1,26219888,0.828,s1-309,0
1,26233846,0.0393,s1-310,0
1,26454545,0.221,s1-311,0
1,26530854,0.773,s1-312,0
1,26620181,0.0543,s1-313,0
1,26758088,0.0604,s1-314,0
1,26982492,0.358,s1-315,0
1,27063058,0.957,s1-316,0
1,27162280,0.135,s1-317,0
1,27257989,0.0921,s1-318,0
1,27304928,0.46,s1-319,0
1,27307749,0.382,s1-320,0
1,27343262,0.902,s1-321,0
1,27355529,0.00716,s1-322,0
1,27464394,0.801,s1-323,0
1,27541775,0.17,s1-324,0
1,27550362,0.482,s1-325,0
1,27637201,0.177,s1-326,0
1,27651619,0.405,s1-327,0
1,27745453,0.825,s1-328,0
1,27756685,0.987,s1-329,0
1,27767097,0.892,s1-330,0
1,27824844,0.321,s1-331,0
1,28038193,0.892,s1-332,0
1,28087880,0.132,s1-333,0
1,28162061,0.807,s1-334,0
1,28163446,0.891,s1-335,0
1,28229624,0.0799,s1-336,0
1,28250918,0.654,s1-337,0
1,28314792,0.76,s1-338,0
1,28434897,0.374,s1-339,0
1,28445785,0.548,s1-340,0
1,28458146,0.758,s1-341,0
1,28755815,0.856,s1-342,0
1,28831905,0.164,s1-343,0
1,29082088,0.973,s1-344,0
1,29111100,0.84,s1-345,0
1,29136095,0.852,s1-346,0
1,29174149,0.535,s1-347,0
1,29191459,0.858,s1-348,0
1,29418493,0.523,s1-349,0
1,29477997,0.149,s1-350,0
1,29582298,0.141,s1-351,0
1,29606135,0.122,s1-352,0
1,29609763,0.416,s1-353,0
1,29740683,0.343,s1-354,0
1,29798263,0.739,s1-355,0
1,29953344,0.0933,s1-356,0
1,30032399,0.53,s1-357,0
1,30090540,0.782,s1-358,0
1,30252744,0.981,s1-359,0
1,30405441,0.0369,s1-360,0
1,30496297,0.643,s1-361,0
1,30551507,0.486,s1-362,0
1,30782785,0.315,s1-363,0
1,30930870,0.257,s1-364,0
1,30965542,0.598,s1-365,0
1,31083073,0.365,s1-366,0
1,31194123,0.188,s1-367,0
1,31194981,0.185,s1-368,0
1,31293175,0.184,s1-369,0
1,31325856,0.983,s1-370,0
1,31351668,0.275,s1-371,0
1,31647289,0.331,s1-372,0
1,31729889,0.592,s1-373,0
1,31832669,0.0481,s1-374,0
1,31953306,0.987,s1-375,0
1,32096177,0.193,s1-376,0
1,32166774,0.879,s1-377,0
1,32198491,0.546,s1-378,0
1,32278070,0.87,s1-379,0
1,32282871,0.593,s1-380,0
1,32514434,0.637,s1-381,0
1,32560029,0.939,s1-382,0
1,32636012,0.0646,s1-383,0
1,32648862,0.651,s1-384,0
1,32683487,0.278,s1-385,0
1,32691817,0.79,s1-386,0
1,32874249,0.631,s1-387,0
1,32921424,0.118,s1-388,0
1,33109547,0.0756,s1-389,0
1,33193762,0.747,s1-390,0
1,33221047,0.622,s1-391,0
1,33342852,0.736,s1-392,0
1,33357078,0.112,s1-393,0
1,33398524,0.851,s1-394,0
1,33495469,0.147,s1-395,0
1,33591226,0.396,s1-396,0
1,33596813,0.000882,s1-397,0
1,33621819,0.253,s1-398,0
1,33688297,0.963,s1-399,0
1,33824191,0.777,s1-400,0
1,33976699,0.616,s1-401,0
1,34176525,0.365,s1-402,0
1,34195516,0.17,s1-403,0
1,34274474,0.223,s1-404,0
1,34414879,0.0899,s1-405,0
1,34519699,0.567,s1-406,0
1,34519700,0.933,s1-407,0
1,34537219,0.0405,s1-408,0
1,34598580,0.128,s1-409,0
1,34630097,0.8,s1-410,0
1,34675632,0.973,s1-411,0
1,34763288,0.967,s1-412,0
1,34917637,0.286,s1-413,0
1,34953400,0.805,s1-414,0
1,34979761,0.836,s1-415,0
1,35072124,0.237,s1-416,0
1,35132613,0.436,s1-417,0
1,35192599,0.825,s1-418,0
1,35688972,0.805,s1-419,0
1,35707095,0.547,s1-420,0
1,35775077,0.297,s1-421,0
1,35859376,0.415,s1-422,0
1,35899455,0.9,s1-423,0
1,36059873,0.472,s1-424,0
1,36147805,0.361,s1-425,0
1,36257519,0.974,s1-426,0
1,36277953,0.301,s1-427,0
1,36282372,0.968,s1-428,0
1,36350931,0.645,s1-429,0
1,36464600,0.558,s1-430,0
1,36482795,0.822,s1-431,0
1,36483568,0.251,s1-432,0
1,36587666,0.209,s1-433,0
1,36597688,0.691,s1-434,0
1,36634344,0.72,s1-435,0
1,36648750,0.318,s1-436,0
1,36665841,0.564,s1-437,0
1,36712296,0.569,s1-438,0
1,36763604,0.937,s1-439,0
1,36906029,0.102,s1-440,0
1,36911885,0.233,s1-441,0
1,36980308,0.072,s1-442,0
1,36982735,0.393,s1-443,0
1,36988187,0.174,s1-444,0
1,37099550,0.134,s1-445,0
1,37121500,0.817,s1-446,0
1,37215642,0.615,s1-447,0
1,37256088,0.544,s1-448,0
1,37343479,0.747,s1-449,0
1,37403424,0.799,s1-450,0
1,37429991,0.773,s1-451,0
1,37444738,0.468,s1-452,0
1,37577422,0.694,s1-453,0
1,37667359,0.248,s1-454,0
1,37690635,0.0871,s1-455,0
1,37721339,0.127,s1-456,0
1,37956929,0.314,s1-457,0
1,38125601,0.0663,s1-458,0
1,38138190,0.112,s1-459,0
1,38201451,0.205,s1-460,0
1,38357959,0.725,s1-461,0
1,38597337,0.348,s1-462,0
1,38606340,0.971,s1-463,0
1,38635165,0.409,s1-464,0
1,38703204,0.721,s1-465,0
1,38764291,0.528,s1-466,0
1,38902962,0.169,s1-467,0
1,39078758,0.853,s1-468,0
1,39098327,0.189,s1-469,0
1,39127034,0.943,s1-470,0
1,39166580,0.437,s1-471,0
1,39332940,0.459,s1-472,0
1,39357868,0.463,s1-473,0
1,39566010,0.215,s1-474,0
1,39620073,0.752,s1-475,0
1,39640320,0.462,s1-476,0
1,39700255,0.207,s1-477,0
1,39740065,0.805,s1-478,0
1,39755127,0.223,s1-479,0
1,40074746,0.258,s1-480,0
1,40139049,0.683,s1-481,0
1,40146705,0.962,s1-482,0
1,40320280,0.25,s1-483,0
1,40389960,0.911,s1-484,0
1,40390791,0.533,s1-485,0
1,40497882,0.0187,s1-486,0
1,40627870,0.215,s1-487,0
1,40743526,0.599,s1-488,0
1,40931703,0.782,s1-489,0
1,41019218,0.293,s1-490,0
1,41094852,0.554,s1-491,0
1,41109379,0.253,s1-492,0
1,41124658,0.38,s1-493,0
1,41156323,0.393,s1-494,0
1,41169852,0.328,s1-495,0
1,41294383,0.989,s1-496,0
1,41332867,0.798,s1-497,0
1,41549385,0.209,s1-498,0
1,41581250,0.488,s1-499,0
1,41631292,0.0971,s1-500,0
1,41633612,0.482,s1-501,0
1,41714664,0.224,s1-502,0
1,41934800,0.305,s1-503,0
1,42037555,0.0231,s1-504,0
1,42148329,0.243,s1-505,0
1,42261945,0.963,s1-506,0
1,42277953,0.821,s1-507,0
1,42288742,0.343,s1-508,0
1,42364481,0.961,s1-509,0
1,42372700,0.477,s1-510,0
1,42429847,0.663,s1-511,0
1,42443680,0.983,s1-512,0
1,42482425,0.971,s1-513,0
1,42496866,0.109,s1-514,0
1,42531604,0.145,s1-515,0
1,42672072,0.0712,s1-516,0
1,42748988,0.39,s1-517,0
1,42845386,0.62,s1-518,0
1,42951982,0.236,s1-519,0
1,42952658,0.707,s1-520,0
2,49594,0.967,s2-1,0
2,57286,0.569,s2-2,0
2,147984,0.506,s2-3,0
2,252168,0.845,s2-4,0
2,427329,0.045,s2-5,0
2,491407,0.462,s2-6,0
2,504365,0.901,s2-7,0
2,572589,0.742,s2-8,0
2,614830,0.62,s2-9,0
2,656791,0.521,s2-10,0
2,748077,0.601,s2-11,0
2,755419,0.212,s2-12,0
2,756193,0.695,s2-13,0
2,826061,0.068,s2-14,0
2,1201693,0.487,s2-15,0
2,1237869,0.418,s2-16,0
2,1323652,0.328,s2-17,0
2,1368539,0.225,s2-18,0
2,1372006,0.0207,s2-19,0
2,1496597,0.621,s2-20,0
2,1504369,0.73,s2-21,0
2,1510641,0.384,s2-22,0
2,1561456,0.0494,s2-23,0
2,1614168,0.629,s2-24,0
2,1647183,0.278,s2-25,0
2,1751573,0.793,s2-26,0
2,1785260,0.525,s2-27,0
2,1901961,0.955,s2-28,0
2,1978987,0.347,s2-29,0
2,1997186,0.969,s2-30,0
2,2088759,0.221,s2-31,0
2,2137218,0.514,s2-32,0
2,2173446,0.0982,s2-33,0
2,2211423,0.316,s2-34,0
2,2301091,0.826,s2-35,0
2,2352607,0.93,s2-36,0
2,2378896,0.256,s2-37,0
2,2404811,0.334,s2-38,0
2,2517669,0.491,s2-39,0
2,2546039,0.12,s2-40,0
2,2677004,0.958,s2-41,0
2,2688840,0.859,s2-42,0
2,2767199,0.0633,s2-43,0
2,2816412,0.221,s2-44,0
2,2962947,0.441,s2-45,0
2,2985699,0.91,s2-46,0
2,3008956,0.944,s2-47,0
2,3017229,0.396,s2-48,0
2,3020365,0.113,s2-49,0
2,3148639,0.855,s2-50,0
2,3179052,0.959,s2-51,0
2,3261715,0.316,s2-52,0
2,3266436,0.597,s2-53,0
2,3480002,0.118,s2-54,0
2,3502356,0.635,s2-55,0
2,3638880,0.0661,s2-56,0
2,3681551,0.93,s2-57,0
2,3736496,0.741,s2-58,0
2,3770001,0.94,s2-59,0
2,3787439,0.801,s2-60,0
2,3883090,0.258,s2-61,0
2,3996600,0.383,s2-62,0
2,4026876,0.013,s2-63,0
2,4051540,0.939,s2-64,0
2,4132122,0.404,s2-65,0
2,4198259,0.638,s2-66,0
2,4269257,0.806,s2-67,0
2,4445386,0.557,s2-68,0
2,4474238,0.681,s2-69,0
2,4497613,0.0705,s2-70,0
2,4568444,0.284,s2-71,0
2,4758499,0.141,s2-72,0
2,4774209,0.79,s2-73,0
2,4836903,0.23,s2-74,0
2,4942674,0.524,s2-75,0
2,4964979,0.317,s2-76,0
2,4970062,0.208,s2-77,0
2,5097832,0.798,s2-78,0
2,5126795,0.113,s2-79,0
2,5513534,0.136,s2-80,0
2,5525116,0.952,s2-81,0
2,5563161,0.602,s2-82,0
2,5578635,0.794,s2-83,0
2,5637958,0.53,s2-84,0
2,5645635,0.0949,s2-85,0
2,5687817,0.986,s2-86,0
2,5805763,0.509,s2-87,0
2,6035612,0.374,s2-88,0
2,6063019,0.155,s2-89,0
2,6063529,0.604,s2-90,0
2,6152350,0.468,s2-91,0
2,6166073,0.118,s2-92,0
2,6222656,0.986,s2-93,0
2,6307409,0.962,s2-94,0
2,6394636,0.671,s2-95,0
2,6444294,0.546,s2-96,0
2,6454620,0.492,s2-97,0
2,6732911,0.189,s2-98,0
2,6785136,0.23,s2-99,0
2,6831215,0.962,s2-100,0
2,6889449,0.828,s2-101,0
2,6973576,0.151,s2-102,0
2,7042368,0.236,s2-103,0
2,7048308,0.177,s2-104,0
2,7052069,0.313,s2-105,0
2,7092425,0.845,s2-106,0
2,7095700,0.531,s2-107,0
2,7111899,0.555,s2-108,0
2,7121669,0.521,s2-109,0
2,7126450,0.202,s2-110,0
2,7271463,0.289,s2-111,0
2,7325712,0.0678,s2-112,0
2,7330165,0.502,s2-113,0
2,7344961,0.488,s2-114,0
2,7408825,0.845,s2-115,0
2,7530709,0.0207,s2-116,0
2,7566034,0.545,s2-117,0
2,7585702,0.314,s2-118,0
2,7653306,0.325,s2-119,0
2,7700644,0.647,s2-120,0
2,7856486,0.0615,s2-121,0
2,7870455,0.896,s2-122,0
2,7871531,0.588,s2-123,0
2,7915400,0.0971,s2-124,0
2,7925882,0.66,s2-125,0
2,7931148,0.0831,s2-126,0
2,7991308,0.748,s2-127,0
2,8085311,0.181,s2-128,0
2,8178638,0.614,s2-129,0
2,8214883,0.439,s2-130,0
2,8248120,0.611,s2-131,0
2,8288198,0.782,s2-132,0
2,8324064,0.654,s2-133,0
2,8333373,0.849,s2-134,0
2,8407159,0.872,s2-135,0
2,8678810,0.104,s2-136,0
2,8695904,0.677,s2-137,0
2,8699608,0.0646,s2-138,0
2,8728346,0.476,s2-139,0
2,8782273,0.355,s2-140,0
2,8836404,0.175,s2-141,0
2,8914456,0.804,s2-142,0
2,8915157,0.85,s2-143,0
2,8924387,0.948,s2-144,0
2,8990041,0.306,s2-145,0
2,9205808,0.888,s2-146,0
2,9253886,0.562,s2-147,0
2,9280820,0.377,s2-148,0
2,9327452,0.0993,s2-149,0
2,9416439,0.198,s2-150,0
2,9426882,0.687,s2-151,0
2,9663694,0.418,s2-152,0
2,9670818,0.133,s2-153,0
2,9750548,0.507,s2-154,0
2,9917165,0.427,s2-155,0
2,9953449,0.192,s2-156,0
2,9991587,0.00947,s2-157,0
2,10039089,0.327,s2-158,0
2,10057298,0.191,s2-159,0
2,10186231,0.446,s2-160,0
2,10208199,0.578,s2-161,0
2,10475774,0.376,s2-162,0
2,10590522,0.774,s2-163,0
2,10809589,0.29,s2-164,0
2,10823102,0.0372,s2-165,0
2,10848571,0.693,s2-166,0
2,10855427,0.81,s2-167,0
2,10931801,0.517,s2-168,0
2,10940494,0.33,s2-169,0
2,11081742,0.852,s2-170,0
2,11083493,0.183,s2-171,0
2,11105643,0.802,s2-172,0
2,11209621,0.151,s2-173,0
2,11350110,0.558,s2-174,0
2,11381680,0.522,s2-175,0
2,11431687,0.997,s2-176,0
2,11487606,0.139,s2-177,0
2,11515449,0.417,s2-178,0
2,11636541,0.0622,s2-179,0
2,11759774,0.172,s2-180,0
2,11810753,0.455,s2-181,0
2,11972576,0.0884,s2-182,0
2,11985244,0.568,s2-183,0
2,12123099,0.366,s2-184,0
2,12181471,0.482,s2-185,0
2,12210640,0.96,s2-186,0
2,12345717,0.795,s2-187,0
2,12350908,0.465,s2-188,0
2,12362493,0.408,s2-189,0
2,12365772,0.339,s2-190,0
2,12577952,0.993,s2-191,0
2,12658083,0.513,s2-192,0
2,12697686,0.812,s2-193,0
2,12750869,0.309,s2-194,0
2,12832855,0.679,s2-195,0
2,12877997,0.312,s2-196,0
2,12884768,0.488,s2-197,0
2,12913848,0.344,s2-198,0
2,12940050,0.441,s2-199,0
2,12995673,0.754,s2-200,0
2,13022369,0.925,s2-201,0
2,13039774,0.878,s2-202,0
2,13204393,0.322,s2-203,0
2,13377659,0.0145,s2-204,0
2,13388704,0.852,s2-205,0
2,13404820,0.173,s2-206,0
2,13434290,0.169,s2-207,0
2,13507344,0.403,s2-208,0
2,13534953,0.727,s2-209,0
2,13594236,0.00813,s2-210,0
2,13617659,0.406,s2-211,0
2,13620705,0.185,s2-212,0
2,13625905,0.912,s2-213,0
2,13713656,0.533,s2-214,0
2,13726034,0.917,s2-215,0
2,13788742,0.708,s2-216,0
2,13893587,0.396,s2-217,0
2,14068212,0.885,s2-218,0
2,14244783,0.886,s2-219,0
2,14382816,0.192,s2-220,0
2,14411487,0.607,s2-221,0
2,14650543,0.26,s2-222,0
2,14772128,0.19,s2-223,0
2,14873280,0.648,s2-224,0
2,15040874,0.76,s2-225,0
2,15084286,0.0693,s2-226,0
2,15206472,0.217,s2-227,0
2,15372835,0.66,s2-228,0
2,15438065,0.356,s2-229,0
2,15547443,0.35,s2-230,0
2,15756857,0.559,s2-231,0
2,15763165,0.969,s2-232,0
2,15891026,0.116,s2-233,0
2,15976291,0.792,s2-234,0
2,16063102,0.869,s2-235,0
2,16125948,0.357,s2-236,0
2,16233571,0.792,s2-237,0
2,16242273,0.556,s2-238,0
2,16270812,0.485,s2-239,0
2,16289235,0.146,s2-240,0
2,16324549,0.52,s2-241,0
2,16544320,0.648,s2-242,0
2,16569959,0.607,s2-243,0
2,16577748,0.466,s2-244,0
2,16612929,0.84,s2-245,0
2,16728064,0.00316,s2-246,0
2,16757521,0.211,s2-247,0
2,16954361,0.829,s2-248,0
2,17058136,0.399,s2-249,0
2,17059514,0.564,s2-250,0
2,17192610,0.853,s2-251,0
2,17237913,0.843,s2-252,0
2,17254432,0.998,s2-253,0
2,17292224,0.699,s2-254,0
2,17317823,0.446,s2-255,0
2,17587620,0.757,s2-256,0
2,17632276,0.0533,s2-257,0
2,17657807,0.288,s2-258,0
2,17715544,0.873,s2-259,0
2,17716012,0.522,s2-260,0
2,17734285,0.361,s2-261,0
2,17862592,0.284,s2-262,0
2,17892484,0.105,s2-263,0
2,18073110,0.129,s2-264,0
2,18372992,0.858,s2-265,0
2,18469605,0.571,s2-266,0
2,18536913,0.751,s2-267,0
2,18541126,0.0778,s2-268,0
2,18547830,0.499,s2-269,0
2,18618484,0.603,s2-270,0
2,18650421,0.13,s2-271,0
2,18653961,0.323,s2-272,0
2,18759378,0.814,s2-273,0
2,18786144,0.107,s2-274,0
2,18888102,0.308,s2-275,0
2,18914295,0.345,s2-276,0
2,18928039,0.87,s2-277,0
2,19076883,0.629,s2-278,0
2,19090087,0.787,s2-279,0
2,19162367,0.384,s2-280,0
2,19237468,0.434,s2-281,0
2,19378422,0.0824,s2-282,0
2,19383853,0.588,s2-283,0
2,19419841,0.656,s2-284,0
2,19468377,0.175,s2-285,0
2,19504190,0.769,s2-286,0
2,19540591,0.124,s2-287,0
2,19587025,0.0364,s2-288,0
2,19642748,0.646,s2-289,0
2,19890423,0.618,s2-290,0
2,20020104,0.146,s2-291,0
2,20037751,0.0798,s2-292,0
2,20068395,0.981,s2-293,0
2,20265164,0.265,s2-294,0
2,20272953,0.321,s2-295,0
2,20448380,0.981,s2-296,0
2,20479071,0.716,s2-297,0
2,20497467,0.213,s2-298,0
2,20544952,0.376,s2-299,0
2,20600897,0.46,s2-300,0
2,20630452,0.694,s2-301,0
2,20665480,0.892,s2-302,0
2,20724751,0.746,s2-303,0
2,20910005,0.85,s2-304,0
2,20938445,0.0472,s2-305,0
2,21011128,0.0854,s2-306,0
2,21017641,0.0746,s2-307,0
2,21100304,0.815,s2-308,0
2,21187809,0.332,s2-309,0
2,21203556,0.659,s2-310,0
2,21447021,0.197,s2-311,0
2,21448010,0.509,s2-312,0
2,21565746,0.912,s2-313,0
2,21759109,0.174,s2-314,0
2,21759229,0.0119,s2-315,0
2,21760843,0.141,s2-316,0
2,21831555,0.765,s2-317,0
2,21853699,0.487,s2-318,0
2,22060207,0.449,s2-319,0
2,22074017,0.391,s2-320,0
2,22168032,0.34,s2-321,0
2,22247133,0.0223,s2-322,0
2,22267905,0.315,s2-323,0
2,22294194,0.741,s2-324,0
2,22323746,0.316,s2-325,0
2,22402255,0.207,s2-326,0
2,22464729,0.987,s2-327,0
2,22736269,0.317,s2-328,0
2,22755421,0.854,s2-329,0
2,22942588,0.235,s2-330,0
2,22966774,0.296,s2-331,0
2,23016203,0.298,s2-332,0
2,23050511,0.901,s2-333,0
2,23266328,0.0232,s2-334,0
2,23315476,0.368,s2-335,0
2,23359693,0.721,s2-336,0
2,23378782,0.37,s2-337,0
2,23458732,0.514,s2-338,0
2,23712919,0.645,s2-339,0
2,23724207,0.508,s2-340,0
2,23889891,0.449,s2-341,0
2,23904045,0.0189,s2-342,0
2,24048055,0.158,s2-343,0
2,24052167,0.886,s2-344,0
2,24211383,0.611,s2-345,0
2,24239224,0.992,s2-346,0
2,24258930,0.0976,s2-347,0
2,24322409,0.252,s2-348,0
2,24390696,0.44,s2-349,0
2,24540091,0.201,s2-350,0
2,24585164,0.802,s2-351,0
2,24604816,0.645,s2-352,0
2,24697145,0.231,s2-353,0
2,24723624,0.95,s2-354,0
2,24838417,0.603,s2-355,0
2,24908447,0.296,s2-356,0
2,24963154,0.44,s2-357,0
2,24993199,0.104,s2-358,0
2,25109530,0.785,s2-359,0
2,25112646,0.315,s2-360,0
2,25173003,0.509,s2-361,0
2,25189339,0.0333,s2-362,0
2,25432158,0.352,s2-363,0
2,25433626,0.0599,s2-364,0
2,25440796,0.123,s2-365,0
2,25466130,0.388,s2-366,0
2,25513058,0.722,s2-367,0
2,25571780,0.39,s2-368,0
2,25575091,0.963,s2-369,0
2,25832889,0.811,s2-370,0
2,25845592,0.708,s2-371,0
2,25973755,0.9,s2-372,0
2,25976137,0.765,s2-373,0
2,25983362,0.764,s2-374,0
2,26218811,0.88,s2-375,0
2,26236410,0.429,s2-376,0
2,26408583,0.553,s2-377,0
2,26434829,0.69,s2-378,0
2,26462506,0.44,s2-379,0
2,26651088,0.72,s2-380,0
2,26661924,0.745,s2-381,0
2,26704835,0.0154,s2-382,0
2,26822223,0.615,s2-383,0
2,26836946,0.141,s2-384,0
2,26863086,0.263,s2-385,0
2,26876773,0.115,s2-386,0
2,26888783,0.507,s2-387,0
2,26970436,0.186,s2-388,0
2,26994955,0.179,s2-389,0
2,27017523,0.38,s2-390,0
2,27096020,0.317,s2-391,0
2,27176066,0.204,s2-392,0
2,27323494,0.304,s2-393,0
2,27354532,0.609,s2-394,0
2,27421875,0.661,s2-395,0
2,27458416,0.773,s2-396,0
2,27463048,0.828,s2-397,0
2,27489315,0.643,s2-398,0
2,27504150,0.499,s2-399,0
2,27598156,0.804,s2-400,0
2,27626160,0.0379,s2-401,0
2,27634377,0.324,s2-402,0
2,27737370,0.644,s2-403,0
2,27899910,0.901,s2-404,0
2,27923887,0.00587,s2-405,0
2,28033646,0.871,s2-406,0
2,28430182,0.492,s2-407,0
2,28545264,0.497,s2-408,0
2,28562412,0.264,s2-409,0
2,28627911,0.7,s2-410,0
2,28677684,0.226,s2-411,0
2,28802293,0.966,s2-412,0
2,28834563,0.568,s2-413,0
2,28863941,0.96,s2-414,0
2,28943688,0.68,s2-415,0
2,28964420,0.0524,s2-416,0
2,28984199,0.11,s2-417,0
2,29003864,0.727,s2-418,0
2,29070285,0.457,s2-419,0
2,29117217,0.456,s2-420,0
2,29162902,0.942,s2-421,0
2,29197750,0.38,s2-422,0
2,29308781,0.346,s2-423,0
2,29333998,0.429,s2-424,0
2,29334512,0.509,s2-425,0
2,29445872,0.909,s2-426,0
2,29539170,0.387,s2-427,0
2,29685656,0.654,s2-428,0
2,29695683,0.773,s2-429,0
2,29755343,0.691,s2-430,0
2,29803137,0.423,s2-431,0
2,30045734,0.137,s2-432,0
2,30104472,0.0541,s2-433,0
2,30131656,0.729,s2-434,0
2,30141223,0.096,s2-435,0
2,30468717,0.634,s2-436,0
2,30480768,0.802,s2-437,0
2,30522258,0.261,s2-438,0
2,30608691,0.268,s2-439,0
2,30707471,0.267,s2-440,0
2,30747582,0.331,s2-441,0
2,30781961,0.733,s2-442,0
2,30798939,0.987,s2-443,0
2,30804567,0.132,s2-444,0
2,30818747,0.719,s2-445,0
2,30979344,0.504,s2-446,0
2,31100842,0.383,s2-447,0
2,31253076,0.409,s2-448,0
2,31391863,0.64,s2-449,0
2,31393659,0.258,s2-450,0
2,31441033,0.408,s2-451,0
2,31533516,0.144,s2-452,0
2,31546329,0.779,s2-453,0
2,31559065,0.684,s2-454,0
2,31616380,0.616,s2-455,0
2,31752155,0.711,s2-456,0
2,31805181,0.848,s2-457,0
2,31845616,0.651,s2-458,0
2,31969346,0.211,s2-459,0
2,31971916,0.486,s2-460,0
2,31978294,0.919,s2-461,0
2,32280080,0.811,s2-462,0
2,32330788,0.0682,s2-463,0
2,32419616,0.128,s2-464,0
2,32548994,0.618,s2-465,0
2,32572236,0.661,s2-466,0
2,32575203,0.0175,s2-467,0
2,32627304,0.723,s2-468,0
2,32680519,0.582,s2-469,0
2,32835864,0.585,s2-470,0
2,33022997,0.328,s2-471,0
2,33083979,0.256,s2-472,0
2,33123997,0.134,s2-473,0
2,33179836,0.457,s2-474,0
2,33180371,0.688,s2-475,0
2,33236287,0.166,s2-476,0
2,33308081,0.441,s2-477,0
2,33352122,0.0402,s2-478,0
2,33614308,0.217,s2-479,0
2,33642860,0.95,s2-480,0
2,33689992,0.211,s2-481,0
2,33707143,0.737,s2-482,0
2,33734397,0.989,s2-483,0
2,33810477,0.727,s2-484,0
2,33837309,0.0968,s2-485,0
2,33851726,0.906,s2-486,0
2,33860102,0.321,s2-487,0
2,33932993,0.642,s2-488,0
2,33937276,0.176,s2-489,0
2,33979215,0.768,s2-490,0
2,33980204,0.884,s2-491,0
2,34115917,0.795,s2-492,0
2,34213187,0.923,s2-493,0
2,34219163,0.326,s2-494,0
2,34228372,0.0606,s2-495,0
2,34269589,0.00935,s2-496,0
2,34314051,0.244,s2-497,0
2,34336866,0.642,s2-498,0
2,34463684,0.633,s2-499,0
2,34702664,0.442,s2-500,0
2,34747834,0.152,s2-501,0
2,34833110,0.558,s2-502,0
2,34871507,0.371,s2-503,0
2,34905313,0.783,s2-504,0
2,34918242,0.992,s2-505,0
2,34933704,0.129,s2-506,0
2,34937493,0.627,s2-507,0
2,35151677,0.492,s2-508,0
2,35154055,0.0861,s2-509,0
2,35289201,0.691,s2-510,0
2,35382647,0.209,s2-511,0
2,35602419,0.856,s2-512,0
2,35628649,0.724,s2-513,0
2,35744445,0.0845,s2-514,0
2,35840247,0.181,s2-515,0
2,35909742,0.324,s2-516,0
2,35944329,0.387,s2-517,0
2,35945306,0.119,s2-518,0
2,35978707,0.286,s2-519,0
2,35996748,0.736,s2-520,0
3,8667,0.0544,s3-1,0
3,69725,0.296,s3-2,0
3,102538,0.489,s3-3,0
3,115986,0.793,s3-4,0
3,281785,0.61,s3-5,0
3,322312,0.617,s3-6,0
3,441468,0.574,s3-7,0
3,451699,0.49,s3-8,0
3,490291,0.374,s3-9,0
3,503535,0.341,s3-10,0
3,551592,0.28,s3-11,0
3,670547,0.462,s3-12,0
3,677778,0.969,s3-13,0
3,680792,0.332,s3-14,0
3,756148,0.618,s3-15,0
3,787452,0.739,s3-16,0
3,791638,0.805,s3-17,0
3,822656,0.643,s3-18,0
3,842878,0.877,s3-19,0
3,845596,0.161,s3-20,0
3,934327,0.968,s3-21,0
3,995677,0.497,s3-22,0
3,1051207,0.94,s3-23,0
3,1094795,0.947,s3-24,0
3,1162912,0.108,s3-25,0
3,1194897,0.727,s3-26,0
3,1209445,0.104,s3-27,0
3,1230086,0.153,s3-28,0
3,1251182,0.0432,s3-29,0
3,1254384,0.851,s3-30,0
3,1281317,0.0858,s3-31,0
3,1314222,0.11,s3-32,0
3,1378826,0.818,s3-33,0
3,1390063,0.196,s3-34,0
3,1436041,0.904,s3-35,0
3,1554442,0.17,s3-36,0
3,1732625,0.102,s3-37,0
3,1775340,0.643,s3-38,0
3,1780156,0.699,s3-39,0
3,1811956,0.28,s3-40,0
3,1862420,0.0109,s3-41,0
3,1871884,0.66,s3-42,0
3,1930650,0.937,s3-43,0
3,1981948,0.388,s3-44,0
3,1987970,0.495,s3-45,0
3,2004422,0.0881,s3-46,0
3,2035492,0.528,s3-47,0
3,2129345,0.262,s3-48,0
3,2143782,0.661,s3-49,0
3,2364161,0.204,s3-50,0
3,2390884,0.995,s3-51,0
3,2399499,0.636,s3-52,0
3,2486847,0.469,s3-53,0
3,2587545,0.312,s3-54,0
3,2593383,0.609,s3-55,0
3,2605271,0.67,s3-56,0
3,2611931,0.3,s3-57,0
3,2637938,0.514,s3-58,0
3,2647678,0.407,s3-59,0
3,2716111,0.443,s3-60,0
3,2754455,0.192,s3-61,0
3,2809612,0.304,s3-62,0
3,3142934,0.0438,s3-63,0
3,3145985,0.614,s3-64,0
3,3241600,0.567,s3-65,0
3,3437435,0.232,s3-66,0
3,3442380,0.683,s3-67,0
3,3574362,0.586,s3-68,0
3,3735913,0.071,s3-69,0
3,3746060,0.473,s3-70,0
3,3767218,0.773,s3-71,0
3,3772991,0.861,s3-72,0
3,3808378,0.239,s3-73,0
3,3922384,0.0173,s3-74,0
3,4016962,0.0313,s3-75,0
3,4068059,0.494,s3-76,0
3,4171863,0.548,s3-77,0
3,4194789,0.65,s3-78,0
3,4311281,0.353,s3-79,0
3,4324928,0.908,s3-80,0
3,4596986,0.904,s3-81,0
3,4692486,0.381,s3-82,0
3,5152507,0.484,s3-83,0
3,5159037,0.838,s3-84,0
3,5451127,0.542,s3-85,0
3,5495229,0.391,s3-86,0
3,5738205,0.641,s3-87,0
3,5749215,0.154,s3-88,0
3,5769299,0.304,s3-89,0
3,6050872,0.931,s3-90,0
3,6083946,0.928,s3-91,0
3,6340991,0.16,s3-92,0
3,6395346,0.949,s3-93,0
3,6510310,0.127,s3-94,0
3,6597717,0.386,s3-95,0
3,6689227,0.181,s3-96,0
3,6774110,0.398,s3-97,0
3,6783777,0.959,s3-98,0
3,6935457,0.0202,s3-99,0
3,6990209,0.0128,s3-100,0
3,7184809,0.0179,s3-101,0
3,7185681,0.0122,s3-102,0
3,7231248,0.00505,s3-103,0
3,7272075,0.00415,s3-104,0
3,7393689,0.000538,s3-105,0
3,7455506,0.000313,s3-106,0
3,7541252,0.000156,s3-107,0
3,7550417,2.12e-05,s3-108,0
3,7611124,1.17e-05,s3-109,0
3,7697071,4.38e-06,s3-110,0
3,7713814,2.92e-06,s3-111,0
3,7729857,4.62e-06,s3-112,0
3,7735919,3.59e-06,s3-113,0
3,7765497,5.74e-07,s3-114,0
3,7886953,6.9e-08,s3-115,0
3,7892381,5.04e-08,s3-116,0
3,8045646,1.71e-09,s3-117,0
3,8094843,2.61e-10,s3-118,0
3,8149110,7.96e-11,QTL3,1
3,8277382,1.05e-10,s3-120,0
3,8279466,1.61e-10,s3-121,0
3,8480551,1.81e-08,s3-122,0
3,8615781,1.62e-06,s3-123,0
3,8632838,1.28e-06,s3-124,0
3,8644127,2.6e-06,s3-125,0
3,8756689,5.56e-06,s3-126,0
3,8991502,0.00044,s3-127,0
3,9067530,0.00112,s3-128,0
3,9175624,0.00459,s3-129,0
3,9190001,0.00497,s3-130,0
3,9401245,0.0102,s3-131,0
3,9407244,0.017,s3-132,0
3,9444377,0.0399,s3-133,0
3,9553842,0.0229,s3-134,0
3,9648278,0.465,s3-135,0
3,9655429,0.403,s3-136,0
3,9953614,0.0314,s3-137,0
3,10075103,0.285,s3-138,0
3,10231718,0.488,s3-139,0
3,10241840,0.641,s3-140,0
3,10286423,0.715,s3-141,0
3,10440678,0.534,s3-142,0
3,10452132,0.884,s3-143,0
3,10562568,0.612,s3-144,0
3,10718934,0.291,s3-145,0
3,10737141,0.0388,s3-146,0
3,10766740,0.465,s3-147,0
3,10812588,0.313,s3-148,0
3,10862941,0.869,s3-149,0
3,11238220,0.246,s3-150,0
3,11543663,0.495,s3-151,0
3,11554623,0.603,s3-152,0
3,11555833,0.262,s3-153,0
3,11677811,0.969,s3-154,0
3,11765512,0.706,s3-155,0
3,11780745,0.078,s3-156,0
3,11803695,0.482,s3-157,0
3,11915208,0.916,s3-158,0
3,11985052,0.717,s3-159,0
3,12035042,0.436,s3-160,0
3,12163015,0.317,s3-161,0
3,12167440,0.809,s3-162,0
3,12172234,0.685,s3-163,0
3,12279514,0.799,s3-164,0
3,12329065,0.263,s3-165,0
3,12370171,0.356,s3-166,0
3,12394390,0.91,s3-167,0
3,12404652,0.982,s3-168,0
3,12444400,0.176,s3-169,0
3,12593251,0.419,s3-170,0
3,12633187,0.224,s3-171,0
3,12633796,0.984,s3-172,0
3,12669192,0.73,s3-173,0
3,12675799,0.302,s3-174,0
3,12702204,0.333,s3-175,0
3,12727569,0.905,s3-176,0
3,12796890,0.909,s3-177,0
3,12910064,0.117,s3-178,0
3,13035313,0.0704,s3-179,0
3,13121493,0.179,s3-180,0
3,13178820,0.0595,s3-181,0
3,13337275,0.865,s3-182,0
3,13461755,0.386,s3-183,0
3,13739006,0.767,s3-184,0
3,13767593,0.715,s3-185,0
3,13806785,0.718,s3-186,0
3,13870431,0.528,s3-187,0
3,13874545,0.335,s3-188,0
3,13968972,0.0294,s3-189,0
3,14046186,0.388,s3-190,0
3,14151576,0.554,s3-191,0
3,14214800,0.446,s3-192,0
3,14249337,0.876,s3-193,0
3,14364818,0.866,s3-194,0
3,14467879,0.575,s3-195,0
3,14564588,0.795,s3-196,0
3,14602592,0.865,s3-197,0
3,14666245,0.32,s3-198,0
3,14793462,0.578,s3-199,0
3,14801962,0.991,s3-200,0
3,14819694,0.999,s3-201,0
3,14834993,0.351,s3-202,0
3,14839408,0.704,s3-203,0
3,14872990,0.369,s3-204,0
3,14876094,0.0827,s3-205,0
3,14935436,0.68,s3-206,0
3,15093544,0.0617,s3-207,0
3,15161563,0.654,s3-208,0
3,15267295,0.836,s3-209,0
3,15495967,0.0617,s3-210,0
3,15548609,0.894,s3-211,0
3,15579659,0.757,s3-212,0
3,15687477,0.827,s3-213,0
3,15696597,0.84,s3-214,0
3,15761834,0.459,s3-215,0
3,15886366,0.261,s3-216,0
3,15889255,0.268,s3-217,0
3,16014224,0.678,s3-218,0
3,16080879,0.834,s3-219,0
3,16107866,0.245,s3-220,0
3,16176209,0.864,s3-221,0
3,16186453,0.792,s3-222,0
3,16420709,0.513,s3-223,0
3,16529994,0.791,s3-224,0
3,16682702,0.822,s3-225,0
3,16812502,0.928,s3-226,0
3,16825356,0.0269,s3-227,0
3,16896169,0.166,s3-228,0
3,17152370,0.941,s3-229,0
3,17216207,0.293,s3-230,0
3,17229221,0.546,s3-231,0
3,17233241,0.328,s3-232,0
3,17292525,0.708,s3-233,0
3,17656221,0.504,s3-234,0
3,17660586,0.991,s3-235,0
3,17663289,0.298,s3-236,0
3,17767867,0.872,s3-237,0
3,17829729,0.9,s3-238,0
3,17898599,0.427,s3-239,0
3,18035746,0.372,s3-240,0
3,18059541,0.642,s3-241,0
3,18063384,0.241,s3-242,0
3,18099044,0.684,s3-243,0
3,18117020,0.667,s3-244,0
3,18199236,0.507,s3-245,0
3,18220368,0.758,s3-246,0
3,18235385,0.0115,s3-247,0
3,18387784,0.195,s3-248,0
3,18527399,0.173,s3-249,0
3,18581012,0.41,s3-250,0
3,18643269,0.583,s3-251,0
3,18706873,0.838,s3-252,0
3,18712635,0.0164,s3-253,0
3,18883671,0.91,s3-254,0
3,18994293,0.325,s3-255,0
3,19044938,0.223,s3-256,0
3,19057849,0.804,s3-257,0
3,19215586,0.378,s3-258,0
3,19216786,0.142,s3-259,0
3,19225380,0.807,s3-260,0
3,19331091,0.594,s3-261,0
3,19347541,0.689,s3-262,0
3,19466652,0.957,s3-263,0
3,19479418,0.976,s3-264,0
3,19538962,0.23,s3-265,0
3,19674626,0.474,s3-266,0
3,19859112,0.102,s3-267,0
3,20011007,0.102,s3-268,0
3,20096181,0.89,s3-269,0
3,20203002,0.162,s3-270,0
3,20254818,0.273,s3-271,0
3,20374339,0.656,s3-272,0
3,20389642,0.478,s3-273,0
3,20418129,0.41,s3-274,0
3,20859367,0.826,s3-275,0
3,20937216,0.836,s3-276,0
3,20942015,0.941,s3-277,0
3,20981492,0.992,s3-278,0
3,20988769,0.852,s3-279,0
3,20999551,0.946,s3-280,0
3,21108227,0.208,s3-281,0
3,21187002,0.438,s3-282,0
3,21268062,0.269,s3-283,0
3,21359229,0.512,s3-284,0
3,21372323,0.342,s3-285,0
3,21469530,0.794,s3-286,0
3,21488330,0.0663,s3-287,0
3,21516479,0.731,s3-288,0
3,21637484,0.353,s3-289,0
3,21652787,0.307,s3-290,0
3,21948859,0.171,s3-291,0
3,22002068,0.49,s3-292,0
3,22008332,0.744,s3-293,0
3,22082222,0.667,s3-294,0
3,22109425,0.41,s3-295,0
3,22231023,0.096,s3-296,0
3,22290182,0.196,s3-297,0
3,22517260,0.526,s3-298,0
3,22674111,0.688,s3-299,0
3,22700855,0.745,s3-300,0
3,22739111,0.631,s3-301,0
3,22770457,0.115,s3-302,0
3,22914515,0.975,s3-303,0
3,22920963,0.264,s3-304,0
3,22957356,0.0876,s3-305,0
3,23017173,0.00247,s3-306,0
3,23033012,0.935,s3-307,0
3,23173016,0.985,s3-308,0
3,23366461,0.215,s3-309,0
3,23387942,0.349,s3-310,0
3,23421873,0.739,s3-311,0
3,23501859,0.0849,s3-312,0
3,23548265,0.0145,s3-313,0
3,23587318,0.632,s3-314,0
3,23810850,0.846,s3-315,0
3,23856177,0.971,s3-316,0
3,23878193,0.0508,s3-317,0
3,23912297,0.813,s3-318,0
3,23918214,0.143,s3-319,0
3,23959480,0.952,s3-320,0
3,24187020,0.618,s3-321,0
3,24252830,0.806,s3-322,0
3,24268071,0.0108,s3-323,0
3,24295426,0.299,s3-324,0
3,24329151,0.0362,s3-325,0
3,24397940,0.43,s3-326,0
3,24398330,0.545,s3-327,0
3,24459554,0.303,s3-328,0
3,24529118,0.299,s3-329,0
3,24531125,0.438,s3-330,0
3,24603038,0.213,s3-331,0
3,24640066,0.355,s3-332,0
3,24657992,0.988,s3-333,0
3,24689580,0.7,s3-334,0
3,24691955,0.206,s3-335,0
3,24712590,0.33,s3-336,0
3,24798580,0.187,s3-337,0
3,24945680,0.106,s3-338,0
3,24949024,0.456,s3-339,0
3,24983852,0.361,s3-340,0
3,24983911,0.367,s3-341,0
3,25021229,0.802,s3-342,0
3,25172411,0.936,s3-343,0
3,25231725,0.473,s3-344,0
3,25546847,0.971,s3-345,0
3,25592253,0.336,s3-346,0
3,25638548,0.183,s3-347,0
3,25912198,0.171,s3-348,0
3,25940460,0.0702,s3-349,0
3,26030375,0.312,s3-350,0
3,26064336,0.655,s3-351,0
3,26093182,0.574,s3-352,0
3,26187197,0.885,s3-353,0
3,26251104,0.937,s3-354,0
3,26272203,0.475,s3-355,0
3,26283160,0.146,s3-356,0
3,26318990,0.761,s3-357,0
3,26322131,0.544,s3-358,0
3,26325091,0.413,s3-359,0
3,26345085,0.863,s3-360,0
3,26383302,0.711,s3-361,0
3,26428032,0.37,s3-362,0
3,26437248,0.383,s3-363,0
3,26496875,0.137,s3-364,0
3,26603422,0.769,s3-365,0
3,26901703,0.766,s3-366,0
3,26979362,0.72,s3-367,0
3,26999699,0.136,s3-368,0
3,27047761,0.335,s3-369,0
3,27063276,0.801,s3-370,0
3,27074390,0.671,s3-371,0
3,27170576,0.656,s3-372,0
3,27462891,0.173,s3-373,0
3,27565065,0.286,s3-374,0
3,27694589,0.471,s3-375,0
3,27698524,0.0429,s3-376,0
3,27723780,0.583,s3-377,0
3,27758687,0.334,s3-378,0
3,27898089,0.729,s3-379,0
3,27906755,0.0511,s3-380,0
3,27925955,0.469,s3-381,0
3,27946484,0.298,s3-382,0
3,27978274,0.352,s3-383,0
3,28021553,0.0727,s3-384,0
3,28085364,0.422,s3-385,0
3,28251077,0.517,s3-386,0
3,28294471,0.748,s3-387,0
3,28315340,0.994,s3-388,0
3,28403234,0.85,s3-389,0
3,28494495,0.454,s3-390,0
3,28536356,0.851,s3-391,0
3,28576748,0.416,s3-392,0
3,28604588,0.755,s3-393,0
3,28717334,0.355,s3-394,0
3,28800073,0.963,s3-395,0
3,28820839,0.711,s3-396,0
3,28821672,0.39,s3-397,0
3,28888168,0.262,s3-398,0
3,28977806,0.969,s3-399,0
3,29071152,0.323,s3-400,0
3,29090901,0.332,s3-401,0
3,29140940,0.945,s3-402,0
3,29199854,0.589,s3-403,0
3,29221750,0.958,s3-404,0
3,29344610,0.609,s3-405,0
3,29383143,0.23,s3-406,0
3,29424182,0.823,s3-407,0
3,29443548,0.159,s3-408,0
3,29783156,0.504,s3-409,0
3,29817612,0.488,s3-410,0
3,29984265,0.688,s3-411,0
3,30005059,0.533,s3-412,0
3,30026297,0.492,s3-413,0
3,30046498,0.235,s3-414,0
3,30062324,0.0737,s3-415,0
3,30088520,0.758,s3-416,0
3,30232866,0.976,s3-417,0
3,30308618,0.259,s3-418,0
3,30370329,0.757,s3-419,0
3,30375388,0.106,s3-420,0
3,30433454,0.93,s3-421,0
3,30478692,0.842,s3-422,0
3,30495577,0.00923,s3-423,0
3,30513033,0.422,s3-424,0
3,30612509,0.541,s3-425,0
3,30613062,0.318,s3-426,0
3,30647219,0.701,s3-427,0
3,30662733,0.968,s3-428,0
3,30667494,0.951,s3-429,0
3,30670543,0.074,s3-430,0
3,30741195,0.678,s3-431,0
3,30762123,0.645,s3-432,0
3,30820191,0.925,s3-433,0
3,30858081,0.937,s3-434,0
3,30977063,0.742,s3-435,0
3,30980865,0.343,s3-436,0
3,31013116,0.974,s3-437,0
3,31119101,0.614,s3-438,0
3,31196042,0.765,s3-439,0
3,31200254,0.0114,s3-440,0
3,31258743,0.218,s3-441,0
3,31290713,0.713,s3-442,0
3,31341469,0.422,s3-443,0
3,31356446,0.69,s3-444,0
3,31378935,0.896,s3-445,0
3,31447871,0.279,s3-446,0
3,31463798,0.998,s3-447,0
3,31498708,0.776,s3-448,0
3,31591184,0.00544,s3-449,0
3,31840934,0.454,s3-450,0
3,31856037,0.428,s3-451,0
3,31935163,0.115,s3-452,0
3,31951159,0.174,s3-453,0
3,31987662,0.912,s3-454,0
3,32015268,0.0424,s3-455,0
3,32092012,0.589,s3-456,0
3,32210329,0.0194,s3-457,0
3,32323048,0.912,s3-458,0
3,32338042,0.451,s3-459,0
3,32424969,0.324,s3-460,0
3,32429635,0.137,s3-461,0
3,32528249,0.299,s3-462,0
3,32591578,0.897,s3-463,0
3,32628471,0.0123,s3-464,0
3,32736733,0.0105,s3-465,0
3,32753404,0.828,s3-466,0
3,32758649,0.928,s3-467,0
3,32798132,0.785,s3-468,0
3,32807535,0.461,s3-469,0
3,32847834,0.337,s3-470,0
3,32853617,0.0231,s3-471,0
3,32854534,0.531,s3-472,0
3,32870014,0.122,s3-473,0
3,32877687,0.769,s3-474,0
3,32973030,0.217,s3-475,0
3,33001547,0.101,s3-476,0
3,33020513,0.924,s3-477,0
3,33089504,0.246,s3-478,0
3,33174893,0.657,s3-479,0
3,33307353,0.606,s3-480,0
3,33393047,0.688,s3-481,0
3,33511660,0.629,s3-482,0
3,33789359,0.877,s3-483,0
3,33798579,0.115,s3-484,0
3,33906679,0.752,s3-485,0
3,33910677,0.468,s3-486,0
3,33929322,0.734,s3-487,0
3,34035268,0.0947,s3-488,0
3,34080801,0.0217,s3-489,0
3,34110329,0.333,s3-490,0
3,34179945,0.789,s3-491,0
3,34224639,0.778,s3-492,0
3,34353971,0.188,s3-493,0
3,34494701,0.571,s3-494,0
3,34606080,0.0446,s3-495,0
3,34674154,0.277,s3-496,0
3,34693050,0.688,s3-497,0
3,34715836,0.555,s3-498,0
3,34723224,0.0933,s3-499,0
3,34883348,0.482,s3-500,0
3,34905468,0.89,s3-501,0
3,35142213,0.17,s3-502,0
3,35171559,0.531,s3-503,0
3,35202936,0.93,s3-504,0
3,35254628,0.904,s3-505,0
3,35303640,0.553,s3-506,0
3,35398637,0.64,s3-507,0
3,35411620,0.499,s3-508,0
3,35494328,0.0246,s3-509,0
3,35530474,0.18,s3-510,0
3,35566569,0.63,s3-511,0
3,35586994,0.0797,s3-512,0
3,35633758,0.819,s3-513,0
3,35666317,0.366,s3-514,0
3,35681806,0.952,s3-515,0
3,35690690,0.55,s3-516,0
3,35724132,0.636,s3-517,0
3,35750201,0.85,s3-518,0
3,35849939,0.566,s3-519,0
3,35993234,0.79,s3-520,0
4,31279,0.688,s4-1,0
4,36054,0.289,s4-2,0
4,60135,0.0452,s4-3,0
4,169061,0.0638,s4-4,0
4,177044,0.633,s4-5,0
4,184065,0.381,s4-6,0
4,184486,0.695,s4-7,0
4,197627,0.513,s4-8,0
4,336804,0.203,s4-9,0
4,380962,0.209,s4-10,0
4,427175,0.519,s4-11,0
4,498794,0.36,s4-12,0
4,508644,0.584,s4-13,0
4,527748,0.244,s4-14,0
4,569640,0.14,s4-15,0
4,644615,0.632,s4-16,0
4,1047180,0.794,s4-17,0
4,1120903,0.641,s4-18,0
4,1157432,0.825,s4-19,0
4,1227370,0.84,s4-20,0
4,1238374,0.533,s4-21,0
4,1334348,0.0601,s4-22,0
4,1394702,0.739,s4-23,0
4,1409087,0.742,s4-24,0
4,1448885,0.811,s4-25,0
4,1485065,0.213,s4-26,0
4,1498022,0.544,s4-27,0
4,1509748,0.333,s4-28,0
4,1551064,0.206,s4-29,0
4,1551358,0.105,s4-30,0
4,1564099,0.206,s4-31,0
4,1629179,0.0511,s4-32,0
4,1684669,0.633,s4-33,0
4,1730423,0.504,s4-34,0
4,1748963,0.798,s4-35,0
4,1750133,0.471,s4-36,0
4,1768524,0.907,s4-37,0
4,1784065,0.265,s4-38,0
4,1785456,0.255,s4-39,0
4,1800785,0.193,s4-40,0
4,1816848,0.367,s4-41,0
4,1873521,0.527,s4-42,0
4,2061452,0.652,s4-43,0
4,2084759,0.529,s4-44,0
4,2131278,0.739,s4-45,0
4,2133065,0.139,s4-46,0
4,2134588,0.0809,s4-47,0
4,2166775,0.509,s4-48,0
4,2244087,0.315,s4-49,0
4,2400887,0.493,s4-50,0
4,2426654,0.865,s4-51,0
4,2629634,0.0934,s4-52,0
4,2639772,0.728,s4-53,0
4,2651719,0.951,s4-54,0
4,2661188,0.618,s4-55,0
4,2844561,0.0769,s4-56,0
4,2882410,0.896,s4-57,0
4,2936497,0.251,s4-58,0
4,3093963,0.409,s4-59,0
4,3117862,0.188,s4-60,0
4,3437382,0.241,s4-61,0
4,3443149,0.188,s4-62,0
4,3454781,0.31,s4-63,0
4,3505736,0.719,s4-64,0
4,3563117,0.478,s4-65,0
4,3588145,0.627,s4-66,0
4,3704751,0.277,s4-67,0
4,3736960,0.442,s4-68,0
4,3859282,0.401,s4-69,0
4,3865986,0.449,s4-70,0
4,3901785,0.213,s4-71,0
4,3906450,0.833,s4-72,0
4,3912691,0.679,s4-73,0
4,3924166,0.566,s4-74,0
4,4091432,0.189,s4-75,0
4,4179317,0.0698,s4-76,0
4,4185423,0.0842,s4-77,0
4,4228401,0.209,s4-78,0
4,4423484,0.463,s4-79,0
4,4488294,0.737,s4-80,0
4,4491094,0.272,s4-81,0
4,4501667,0.813,s4-82,0
4,4508384,0.196,s4-83,0
4,4531829,0.36,s4-84,0
4,4649960,0.333,s4-85,0
4,4717031,0.492,s4-86,0
4,4739836,0.166,s4-87,0
4,4771395,0.779,s4-88,0
4,4785713,0.769,s4-89,0
4,4807681,0.445,s4-90,0
4,4824026,0.448,s4-91,0
4,4903373,0.319,s4-92,0
4,4980189,0.636,s4-93,0
4,4998098,0.38,s4-94,0
4,5080026,0.598,s4-95,0
4,5308999,0.945,s4-96,0
4,5313928,0.962,s4-97,0
4,5364574,0.483,s4-98,0
4,5494835,0.187,s4-99,0
4,5574199,0.995,s4-100,0
4,5597732,0.639,s4-101,0
4,5619722,0.698,s4-102,0
4,5672211,0.897,s4-103,0
4,5764108,0.0209,s4-104,0
4,5775119,0.807,s4-105,0
4,5851858,0.753,s4-106,0
4,5965660,0.756,s4-107,0
4,6022359,0.907,s4-108,0
4,6185306,0.79,s4-109,0
4,6296017,0.703,s4-110,0
4,6305669,0.67,s4-111,0
4,6338414,0.931,s4-112,0
4,6384222,0.698,s4-113,0
4,6421696,0.0139,s4-114,0
4,6437863,0.08,s4-115,0
4,6662896,0.868,s4-116,0
4,6708235,0.46,s4-117,0
4,6708758,0.945,s4-118,0
4,6715416,0.846,s4-119,0
4,6718263,0.888,s4-120,0
4,6827745,0.936,s4-121,0
4,7036247,0.751,s4-122,0
4,7054269,0.0985,s4-123,0
4,7254677,0.147,s4-124,0
4,7419072,0.861,s4-125,0
4,7454713,0.55,s4-126,0
4,7498192,0.211,s4-127,0
4,7508183,0.844,s4-128,0
4,7637737,0.671,s4-129,0
4,7650453,0.358,s4-130,0
4,7657278,0.0405,s4-131,0
4,7760327,0.889,s4-132,0
4,7845822,0.703,s4-133,0
4,7916477,0.745,s4-134,0
4,8019704,0.926,s4-135,0
4,8085129,0.718,s4-136,0
4,8086944,0.728,s4-137,0
4,8195736,0.695,s4-138,0
4,8277291,0.45,s4-139,0
4,8359808,0.85,s4-140,0
4,8529204,0.503,s4-141,0
4,8655111,0.0703,s4-142,0
4,8690753,0.341,s4-143,0
4,8724036,0.00684,s4-144,0
4,8795054,0.344,s4-145,0
4,8802334,0.0148,s4-146,0
4,8803909,0.556,s4-147,0
4,8832548,0.195,s4-148,0
4,8864338,0.853,s4-149,0
4,8982408,0.412,s4-150,0
4,9017898,0.662,s4-151,0
4,9049206,0.644,s4-152,0
4,9278317,0.0284,s4-153,0
4,9299028,0.672,s4-154,0
4,9355010,0.0383,s4-155,0
4,9363941,0.362,s4-156,0
4,9404562,0.0995,s4-157,0
4,9454205,0.88,s4-158,0
4,9487328,0.242,s4-159,0
4,9551334,0.394,s4-160,0
4,9632990,0.0188,s4-161,0
4,9813615,0.719,s4-162,0
4,9976287,0.724,s4-163,0
4,10016425,0.958,s4-164,0
4,10157838,0.47,s4-165,0
4,10301134,0.664,s4-166,0
4,10664831,0.00562,s4-167,0
4,10863883,0.533,s4-168,0
4,10932564,0.374,s4-169,0
4,10990248,0.722,s4-170,0
4,11054617,0.0879,s4-171,0
4,11487234,0.55,s4-172,0
4,11517908,0.854,s4-173,0
4,11581893,0.466,s4-174,0
4,11587968,0.114,s4-175,0
4,11688454,0.115,s4-176,0
4,11739551,0.254,s4-177,0
4,11889421,0.0449,s4-178,0
4,11935676,0.977,s4-179,0
4,11962251,0.751,s4-180,0
4,11990790,0.848,s4-181,0
4,12018821,0.147,s4-182,0
4,12084667,0.616,s4-183,0
4,12093222,0.654,s4-184,0
4,12142599,0.882,s4-185,0
4,12237634,0.302,s4-186,0
4,12282078,0.019,s4-187,0
4,12661037,0.426,s4-188,0
4,12694414,0.367,s4-189,0
4,12745973,0.958,s4-190,0
4,12905340,0.175,s4-191,0
4,12922577,0.125,s4-192,0
4,12949501,0.619,s4-193,0
4,12994027,0.944,s4-194,0
4,13056115,0.833,s4-195,0
4,13056688,0.518,s4-196,0
4,13147800,0.0523,s4-197,0
4,13203993,0.97,s4-198,0
4,13264395,0.801,s4-199,0
4,13284650,0.95,s4-200,0
4,13291062,0.0752,s4-201,0
4,13446366,0.572,s4-202,0
4,13722916,0.845,s4-203,0
4,13846897,0.957,s4-204,0
4,13885469,0.486,s4-205,0
4,13954373,0.188,s4-206,0
4,14019053,0.902,s4-207,0
4,14022052,0.621,s4-208,0
4,14122913,0.656,s4-209,0
4,14126126,0.0736,s4-210,0
4,14177182,0.819,s4-211,0
4,14223365,0.21,s4-212,0
4,14245458,0.176,s4-213,0
4,14254086,0.663,s4-214,0
4,14350333,0.675,s4-215,0
4,14420991,0.785,s4-216,0
4,14477582,0.511,s4-217,0
4,14507634,0.794,s4-218,0
4,14591709,0.626,s4-219,0
4,14623201,0.364,s4-220,0
4,14623692,0.74,s4-221,0
4,14638036,0.579,s4-222,0
4,14711430,0.359,s4-223,0
4,14803959,0.089,s4-224,0
4,14857778,0.396,s4-225,0
4,14887400,0.801,s4-226,0
4,14901473,0.726,s4-227,0
4,14935700,0.84,s4-228,0
4,14942911,0.287,s4-229,0
4,14974599,0.341,s4-230,0
4,15028343,0.456,s4-231,0
4,15033424,0.269,s4-232,0
4,15074700,0.0197,s4-233,0
4,15143104,0.18,s4-234,0
4,15176710,0.133,s4-235,0
4,15206279,0.155,s4-236,0
4,15250757,0.879,s4-237,0
4,15301977,0.843,s4-238,0
4,15340957,0.013,s4-239,0
4,15399400,0.585,s4-240,0
4,15609247,0.203,s4-241,0
4,15674736,0.878,s4-242,0
4,15802748,0.705,s4-243,0
4,15807745,0.252,s4-244,0
4,15925467,0.987,s4-245,0
4,15944519,0.18,s4-246,0
4,16060223,0.739,s4-247,0
4,16565248,0.495,s4-248,0
4,16750807,0.286,s4-249,0
4,16780421,0.584,s4-250,0
4,16992052,0.99,s4-251,0
4,17045832,0.867,s4-252,0
4,17061246,0.278,s4-253,0
4,17121410,0.323,s4-254,0
4,17168706,0.672,s4-255,0
4,17189522,0.0944,s4-256,0
4,17227208,0.727,s4-257,0
4,17330810,0.559,s4-258,0
4,17427926,0.459,s4-259,0
4,17434992,0.427,s4-260,0
4,17521831,0.668,s4-261,0
4,17597936,0.637,s4-262,0
4,17786725,0.266,s4-263,0
4,17986105,0.967,s4-264,0
4,18054252,0.468,s4-265,0
4,18108785,0.506,s4-266,0
4,18152306,0.0643,s4-267,0
4,18161596,0.0763,s4-268,0
4,18191973,0.507,s4-269,0
4,18354319,0.0828,s4-270,0
4,18377349,0.1,s4-271,0
4,18417192,0.725,s4-272,0
4,18476592,0.471,s4-273,0
4,18522161,0.925,s4-274,0
4,18623102,0.822,s4-275,0
4,18641978,0.727,s4-276,0
4,18683522,0.758,s4-277,0
4,18760777,0.587,s4-278,0
4,18763743,0.503,s4-279,0
4,18862299,0.531,s4-280,0
4,18996248,0.313,s4-281,0
4,19049555,0.0575,s4-282,0
4,19170076,0.43,s4-283,0
4,19210868,0.913,s4-284,0
4,19279635,0.318,s4-285,0
4,19310730,0.168,s4-286,0
4,19336195,0.252,s4-287,0
4,19354382,0.606,s4-288,0
4,19367503,0.158,s4-289,0
4,19369314,0.317,s4-290,0
4,19679553,0.845,s4-291,0
4,19709312,0.62,s4-292,0
4,19804059,0.00405,s4-293,0
4,19883129,0.601,s4-294,0
4,19895323,0.262,s4-295,0
4,20028514,0.134,s4-296,0
4,20089815,0.174,s4-297,0
4,20152852,0.805,s4-298,0
4,20195027,0.57,s4-299,0
4,20216547,0.454,s4-300,0
4,20273116,0.452,s4-301,0
4,20277119,0.756,s4-302,0
4,20288276,0.514,s4-303,0
4,20322062,0.864,s4-304,0
4,20330836,0.877,s4-305,0
4,20375339,0.151,s4-306,0
4,20447226,0.811,s4-307,0
4,20556300,0.498,s4-308,0
4,20566912,0.596,s4-309,0
4,20621754,0.285,s4-310,0
4,20669685,0.801,s4-311,0
4,20752619,0.168,s4-312,0
4,20838031,0.717,s4-313,0
4,20877559,0.429,s4-314,0
4,20896143,0.945,s4-315,0
4,20970677,0.128,s4-316,0
4,21040185,0.0903,s4-317,0
4,21047839,0.0896,s4-318,0
4,21103395,0.0574,s4-319,0
4,21183259,0.0529,s4-320,0
4,21214683,0.0312,s4-321,0
4,21220816,0.355,s4-322,0
4,21353879,0.0309,s4-323,0
4,21530163,0.573,s4-324,0
4,21532374,0.115,s4-325,0
4,21641762,0.659,s4-326,0
4,21821880,0.499,s4-327,0
4,21863883,0.394,s4-328,0
4,21915425,0.166,s4-329,0
4,22016548,0.029,s4-330,0
4,22076155,0.0198,s4-331,0
4,22113417,0.894,s4-332,0
4,22272870,0.119,s4-333,0
4,22304102,0.0194,s4-334,0
4,22326642,0.0571,s4-335,0
4,22331051,0.234,s4-336,0
4,22365250,0.126,s4-337,0
4,22375705,0.94,s4-338,0
4,22384767,0.336,s4-339,0
4,22567960,0.287,s4-340,0
4,22757365,0.9,s4-341,0
4,22789200,0.979,s4-342,0
4,22810267,0.805,s4-343,0
4,22876892,0.141,s4-344,0
4,22954878,0.784,s4-345,0
4,22978907,0.225,s4-346,0
4,22983736,0.622,s4-347,0
4,23004868,0.612,s4-348,0
4,23096876,0.995,s4-349,0
4,23164632,0.532,s4-350,0
4,23180714,0.874,s4-351,0
4,23187713,0.363,s4-352,0
4,23291047,0.297,s4-353,0
4,23291217,0.00115,s4-354,0
4,23371768,0.833,s4-355,0
4,23387303,0.574,s4-356,0
4,23389255,0.673,s4-357,0
4,23419195,0.777,s4-358,0
4,23494370,0.245,s4-359,0
4,23513987,0.0196,s4-360,0
4,23724121,0.409,s4-361,0
4,23779551,0.638,s4-362,0
4,23913088,0.073,s4-363,0
4,23976554,0.134,s4-364,0
4,24104925,0.821,s4-365,0
4,24250278,0.864,s4-366,0
4,24270412,0.691,s4-367,0
4,24340855,0.725,s4-368,0
4,24374792,0.408,s4-369,0
4,24377109,0.53,s4-370,0
4,24394378,0.493,s4-371,0
4,24435228,0.527,s4-372,0
4,24443148,0.397,s4-373,0
4,24506044,0.0224,s4-374,0
4,24556621,0.0617,s4-375,0
4,24567873,0.366,s4-376,0
4,24614205,0.642,s4-377,0
4,24649014,0.172,s4-378,0
4,24712635,0.453,s4-379,0
4,24716503,0.714,s4-380,0
4,24821476,0.94,s4-381,0
4,24895246,0.0789,s4-382,0
4,25009951,0.454,s4-383,0
4,25130109,0.805,s4-384,0
4,25191373,0.873,s4-385,0
4,25244380,0.0459,s4-386,0
4,25257391,0.473,s4-387,0
4,25297384,0.515,s4-388,0
4,25384336,0.0858,s4-389,0
4,25407783,0.72,s4-390,0
4,25419137,0.304,s4-391,0
4,25520521,0.14,s4-392,0
4,25550052,0.905,s4-393,0
4,25677744,0.855,s4-394,0
4,25739897,0.757,s4-395,0
4,25801471,0.215,s4-396,0
4,25825254,0.178,s4-397,0
4,25851009,0.733,s4-398,0
4,25889117,0.59,s4-399,0
4,26063299,0.193,s4-400,0
4,26113376,0.365,s4-401,0
4,26125043,0.821,s4-402,0
4,26125492,0.736,s4-403,0
4,26139443,0.626,s4-404,0
4,26151072,0.0543,s4-405,0
4,26311343,0.191,s4-406,0
4,26468650,0.918,s4-407,0
4,26604701,0.622,s4-408,0
4,26721894,0.439,s4-409,0
4,26774082,0.607,s4-410,0
4,26777403,0.433,s4-411,0
4,26942593,0.88,s4-412,0
4,26947706,0.383,s4-413,0
4,26952056,0.12,s4-414,0
4,26981387,0.926,s4-415,0
4,27012060,0.931,s4-416,0
4,27098794,0.258,s4-417,0
4,27232442,0.43,s4-418,0
4,27234503,0.591,s4-419,0
4,27311325,0.622,s4-420,0
4,27419862,0.561,s4-421,0
4,27450440,0.637,s4-422,0
4,27493737,0.642,s4-423,0
4,27552982,0.532,s4-424,0
4,27580702,0.0752,s4-425,0
4,27682723,0.25,s4-426,0
4,27697477,0.679,s4-427,0
4,27744210,0.112,s4-428,0
4,27780108,0.114,s4-429,0
4,27797700,0.201,s4-430,0
4,27856509,0.353,s4-431,0
4,27957327,0.869,s4-432,0
4,28266861,0.551,s4-433,0
4,28395120,0.287,s4-434,0
4,28548718,0.994,s4-435,0
4,28574606,0.109,s4-436,0
4,28601823,0.226,s4-437,0
4,28605430,0.267,s4-438,0
4,28625236,0.928,s4-439,0
4,28645904,0.766,s4-440,0
4,28665013,0.593,s4-441,0
4,28681738,0.676,s4-442,0
4,28779612,0.555,s4-443,0
4,28809836,0.676,s4-444,0
4,28868088,0.443,s4-445,0
4,29001679,0.386,s4-446,0
4,29043401,0.672,s4-447,0
4,29269369,0.968,s4-448,0
4,29278610,0.422,s4-449,0
4,29309785,0.729,s4-450,0
4,29442988,0.778,s4-451,0
4,29627914,0.924,s4-452,0
4,29653540,0.668,s4-453,0
4,29749378,0.54,s4-454,0
4,29769546,0.818,s4-455,0
4,29812717,0.88,s4-456,0
4,29813087,0.275,s4-457,0
4,30129318,0.858,s4-458,0
4,30175930,0.62,s4-459,0
4,30197736,0.482,s4-460,0
4,30326183,0.853,s4-461,0
4,30343279,0.681,s4-462,0
4,30495960,0.307,s4-463,0
4,30579507,0.438,s4-464,0
4,30649749,0.363,s4-465,0
4,30662171,0.126,s4-466,0
4,30672507,0.996,s4-467,0
4,30748550,0.0585,s4-468,0
4,30768811,0.988,s4-469,0
4,30865614,0.662,s4-470,0
4,30900011,0.601,s4-471,0
4,30982639,0.98,s4-472,0
4,31122039,0.464,s4-473,0
4,31184843,0.892,s4-474,0
4,31233863,0.463,s4-475,0
4,31367089,0.714,s4-476,0
4,31375984,0.377,s4-477,0
4,31408060,0.696,s4-478,0
4,31572132,0.209,s4-479,0
4,31630288,0.298,s4-480,0
4,31663482,0.31,s4-481,0
4,31690623,0.154,s4-482,0
4,31795787,0.422,s4-483,0
4,31831305,0.318,s4-484,0
4,32283802,0.646,s4-485,0
4,32481883,0.829,s4-486,0
4,32482292,0.426,s4-487,0
4,32497423,0.756,s4-488,0
4,32652938,0.772,s4-489,0
4,32686431,0.146,s4-490,0
4,32757991,0.232,s4-491,0
4,32766186,0.854,s4-492,0
4,32813892,0.492,s4-493,0
4,32952138,0.514,s4-494,0
4,32979251,0.104,s4-495,0
4,32989634,0.97,s4-496,0
4,33129860,0.865,s4-497,0
4,33257817,0.982,s4-498,0
4,33326273,0.794,s4-499,0
4,33423970,0.521,s4-500,0
4,33494227,0.828,s4-501,0
4,33630692,0.242,s4-502,0
4,33840233,0.981,s4-503,0
4,33935764,0.299,s4-504,0
4,33972927,0.721,s4-505,0
4,34068461,0.886,s4-506,0
4,34070935,0.985,s4-507,0
4,34073590,0.248,s4-508,0
4,34132231,0.549,s4-509,0
4,34346104,0.994,s4-510,0
4,34367439,0.46,s4-511,0
4,34640569,0.254,s4-512,0
4,34661164,0.0915,s4-513,0
4,34697476,0.385,s4-514,0
4,34746064,0.37,s4-515,0
4,34781675,0.272,s4-516,0
4,34796402,0.35,s4-517,0
4,34859343,0.452,s4-518,0
4,34887393,0.335,s4-519,0
4,34910715,0.1,s4-520,0
5,19698,0.93,s5-1,0
5,106018,0.518,s5-2,0
5,144736,0.972,s5-3,0
5,198520,0.72,s5-4,0
5,237253,0.565,s5-5,0
5,314358,0.877,s5-6,0
5,317884,0.71,s5-7,0
5,352028,0.933,s5-8,0
5,359159,0.664,s5-9,0
5,390926,0.0113,s5-10,0
5,425035,0.902,s5-11,0
5,514024,0.923,s5-12,0
5,551968,0.386,s5-13,0
5,698695,0.242,s5-14,0
5,761514,0.569,s5-15,0
5,781437,0.348,s5-16,0
5,817524,0.69,s5-17,0
5,824377,0.682,s5-18,0
5,856035,0.576,s5-19,0
5,917267,0.899,s5-20,0
5,948382,0.824,s5-21,0
5,949180,0.025,s5-22,0
5,976199,0.681,s5-23,0
5,1017828,0.441,s5-24,0
5,1041771,0.681,s5-25,0
5,1060320,0.421,s5-26,0
5,1119793,0.218,s5-27,0
5,1169184,0.608,s5-28,0
5,1244381,0.66,s5-29,0
5,1275056,0.18,s5-30,0
5,1370890,0.249,s5-31,0
5,1458007,0.387,s5-32,0
5,1476816,0.117,s5-33,0
5,1588054,0.909,s5-34,0
5,1620622,0.715,s5-35,0
5,1692746,0.969,s5-36,0
5,1759898,0.607,s5-37,0
5,1780631,0.814,s5-38,0
5,1850067,0.617,s5-39,0
5,1910737,0.239,s5-40,0
5,2033111,0.588,s5-41,0
5,2179945,0.607,s5-42,0
5,2188666,0.868,s5-43,0
5,2197109,0.737,s5-44,0
5,2222671,0.384,s5-45,0
5,2262334,0.901,s5-46,0
5,2280485,0.993,s5-47,0
5,2317804,0.852,s5-48,0
5,2383273,0.329,s5-49,0
5,2383815,0.7,s5-50,0
5,2480049,0.862,s5-51,0
5,2573598,0.974,s5-52,0
5,2590695,0.262,s5-53,0
5,2711665,0.242,s5-54,0
5,2713015,0.262,s5-55,0
5,2750353,0.742,s5-56,0
5,2844761,0.413,s5-57,0
5,2871626,0.571,s5-58,0
5,2877425,0.0753,s5-59,0
5,2989916,0.388,s5-60,0
5,3063548,0.0197,s5-61,0
5,3076856,0.643,s5-62,0
5,3157375,0.439,s5-63,0
5,3215617,0.94,s5-64,0
5,3235990,0.792,s5-65,0
5,3250447,0.522,s5-66,0
5,3303275,0.389,s5-67,0
5,3421796,0.134,s5-68,0
5,3423463,0.931,s5-69,0
5,3429968,0.113,s5-70,0
5,3446663,0.191,s5-71,0
5,3515477,0.312,s5-72,0
5,3521317,0.607,s5-73,0
5,3592122,0.822,s5-74,0
5,3716867,0.0179,s5-75,0
5,3796254,0.366,s5-76,0
5,3865800,0.328,s5-77,0
5,3938570,0.543,s5-78,0
5,3999708,0.76,s5-79,0
5,4114528,0.313,s5-80,0
5,4157315,0.305,s5-81,0
5,4236503,0.315,s5-82,0
5,4264609,0.457,s5-83,0
5,4419510,0.379,s5-84,0
5,4508543,0.466,s5-85,0
5,4522476,0.35,s5-86,0
5,4526027,0.142,s5-87,0
5,4547567,0.431,s5-88,0
5,4634106,0.325,s5-89,0
5,4704174,0.162,s5-90,0
5,4779960,0.376,s5-91,0
5,4882597,0.699,s5-92,0
5,4916889,0.414,s5-93,0
5,4988060,0.118,s5-94,0
5,5012312,0.9,s5-95,0
5,5022476,0.872,s5-96,0
5,5099413,0.309,s5-97,0
5,5115934,0.127,s5-98,0
5,5161272,0.969,s5-99,0
5,5306978,0.225,s5-100,0
5,5449658,0.823,s5-101,0
5,5527245,0.0639,s5-102,0
5,5698225,0.191,s5-103,0
5,5778383,0.739,s5-104,0
5,6012468,0.935,s5-105,0
5,6131652,0.689,s5-106,0
5,6148876,0.838,s5-107,0
5,6152979,0.661,s5-108,0
5,6224824,0.24,s5-109,0
5,6250374,0.417,s5-110,0
5,6378363,0.703,s5-111,0
5,6494119,0.934,s5-112,0
5,6521221,0.61,s5-113,0
5,6532218,0.928,s5-114,0
5,6550470,0.549,s5-115,0
5,6637851,0.215,s5-116,0
5,6650539,0.912,s5-117,0
5,6654751,0.584,s5-118,0
5,6719890,0.661,s5-119,0
5,6750179,0.375,s5-120,0
5,6844617,0.0802,s5-121,0
5,6966708,0.983,s5-122,0
5,6991386,0.66,s5-123,0
5,7012108,0.413,s5-124,0
5,7073550,0.433,s5-125,0
5,7077580,0.53,s5-126,0
5,7118260,0.938,s5-127,0
5,7125919,0.0701,s5-128,0
5,7139896,0.931,s5-129,0
5,7147696,0.9,s5-130,0
5,7150845,0.675,s5-131,0
5,7162983,0.0816,s5-132,0
5,7183925,0.963,s5-133,0
5,7216662,0.0557,s5-134,0
5,7310894,0.199,s5-135,0
5,7378049,0.771,s5-136,0
5,7385332,0.524,s5-137,0
5,7514538,0.159,s5-138,0
5,7583303,0.148,s5-139,0
5,7625580,0.311,s5-140,0
5,7718499,0.362,s5-141,0
5,7726791,0.271,s5-142,0
5,7764514,0.822,s5-143,0
5,7909874,0.803,s5-144,0
5,7963792,0.669,s5-145,0
5,8138866,0.735,s5-146,0
5,8253489,0.817,s5-147,0
5,8343798,0.0927,s5-148,0
5,8402578,0.062,s5-149,0
5,8635573,0.305,s5-150,0
5,8678088,0.475,s5-151,0
5,8703310,0.621,s5-152,0
5,8706762,0.848,s5-153,0
5,8723966,0.559,s5-154,0
5,8736999,0.418,s5-155,0
5,8801809,0.0586,s5-156,0
5,8927609,0.789,s5-157,0
5,8949593,0.275,s5-158,0
5,8975690,0.487,s5-159,0
5,8987398,0.624,s5-160,0
5,9060802,0.183,s5-161,0
5,9115916,0.188,s5-162,0
5,9140584,0.235,s5-163,0
5,9155865,0.368,s5-164,0
5,9166428,0.309,s5-165,0
5,9178764,0.463,s5-166,0
5,9250818,0.995,s5-167,0
5,9262333,0.989,s5-168,0
5,9315238,0.0262,s5-169,0
5,9377302,0.616,s5-170,0
5,9489744,0.944,s5-171,0
5,9502497,0.155,s5-172,0
5,9532973,0.98,s5-173,0
5,9619465,0.555,s5-174,0
5,9703431,0.865,s5-175,0
5,9744038,0.325,s5-176,0
5,9773057,0.795,s5-177,0
5,9828853,0.939,s5-178,0
5,9866346,0.819,s5-179,0
5,9936259,0.482,s5-180,0
5,9947619,0.794,s5-181,0
5,9967476,0.806,s5-182,0
5,10083764,0.638,s5-183,0
5,10104953,0.725,s5-184,0
5,10269848,0.191,s5-185,0
5,10398676,0.725,s5-186,0
5,10500513,0.193,s5-187,0
5,10553408,0.0418,s5-188,0
5,10559158,0.427,s5-189,0
5,10569145,0.224,s5-190,0
5,10577101,0.169,s5-191,0
5,10616556,0.847,s5-192,0
5,10619131,0.295,s5-193,0
5,10820814,0.986,s5-194,0
5,10928868,0.404,s5-195,0
5,10997340,0.168,s5-196,0
5,11020491,0.0299,s5-197,0
5,11031242,0.977,s5-198,0
5,11082513,0.676,s5-199,0
5,11086404,0.324,s5-200,0
5,11097840,0.965,s5-201,0
5,11103733,0.263,s5-202,0
5,11189527,0.209,s5-203,0
5,11362514,0.431,s5-204,0
5,11374673,0.972,s5-205,0
5,11399189,0.402,s5-206,0
5,11411690,0.854,s5-207,0
5,11425312,0.164,s5-208,0
5,11429336,0.667,s5-209,0
5,11443725,0.857,s5-210,0
5,11455870,0.957,s5-211,0
5,11625200,0.408,s5-212,0
5,11634500,0.635,s5-213,0
5,11786543,0.798,s5-214,0
5,11902603,0.796,s5-215,0
5,12052878,0.392,s5-216,0
5,12070646,0.118,s5-217,0
5,12084830,0.962,s5-218,0
5,12147070,0.0253,s5-219,0
5,12165361,0.742,s5-220,0
5,12170288,0.00228,s5-221,0
5,12212447,0.678,s5-222,0
5,12288627,0.71,s5-223,0
5,12411979,0.0973,s5-224,0
5,12414797,0.438,s5-225,0
5,12429371,0.837,s5-226,0
5,12473551,0.2,s5-227,0
5,12475464,0.981,s5-228,0
5,12574040,0.522,s5-229,0
5,12743395,0.189,s5-230,0
5,12782788,0.476,s5-231,0
5,12820715,0.37,s5-232,0
5,12859349,0.578,s5-233,0
5,12951605,0.996,s5-234,0
5,13005637,0.337,s5-235,0
5,13033895,0.201,s5-236,0
5,13053546,0.0436,s5-237,0
5,13074990,0.0109,s5-238,0
5,13131640,0.962,s5-239,0
5,13147551,0.294,s5-240,0
5,13361814,0.435,s5-241,0
5,13371053,0.165,s5-242,0
5,13514922,0.109,s5-243,0
5,13581923,0.972,s5-244,0
5,13745670,0.62,s5-245,0
5,13796213,0.816,s5-246,0
5,13818538,0.934,s5-247,0
5,14026636,0.207,s5-248,0
5,14057073,0.00474,s5-249,0
5,14203837,0.23,s5-250,0
5,14232548,0.787,s5-251,0
5,14275395,0.939,s5-252,0
5,14296676,0.944,s5-253,0
5,14332802,0.452,s5-254,0
5,14333610,0.512,s5-255,0
5,14377979,0.133,s5-256,0
5,14428021,0.496,s5-257,0
5,14560756,0.592,s5-258,0
5,14616999,0.273,s5-259,0
5,14619566,0.783,s5-260,0
5,14690935,0.776,s5-261,0
5,14720042,0.417,s5-262,0
5,14744180,0.692,s5-263,0
5,14781594,0.041,s5-264,0
5,14817533,0.132,s5-265,0
5,14914903,0.781,s5-266,0
5,14994003,0.187,s5-267,0
5,14997415,0.364,s5-268,0
5,15065965,0.636,s5-269,0
5,15116256,0.716,s5-270,0
5,15165288,0.35,s5-271,0
5,15213992,0.117,s5-272,0
5,15274998,0.0936,s5-273,0
5,15328787,0.841,s5-274,0
5,15396163,0.0296,s5-275,0
5,15607709,0.832,s5-276,0
5,15669336,0.364,s5-277,0
5,15943641,0.527,s5-278,0
5,15947955,0.0958,s5-279,0
5,16127276,0.902,s5-280,0
5,16221023,0.267,s5-281,0
5,16335816,0.547,s5-282,0
5,16339601,0.452,s5-283,0
5,16377658,0.709,s5-284,0
5,16381393,0.311,s5-285,0
5,16462668,0.223,s5-286,0
5,16469691,0.637,s5-287,0
5,16524148,0.627,s5-288,0
5,16532761,0.0303,s5-289,0
5,16774097,0.434,s5-290,0
5,16816293,0.79,s5-291,0
5,16845180,0.16,s5-292,0
5,16960060,0.884,s5-293,0
5,17008367,0.975,s5-294,0
5,17095070,0.558,s5-295,0
5,17136387,0.755,s5-296,0
5,17137026,0.241,s5-297,0
5,17161368,0.385,s5-298,0
5,17190744,0.648,s5-299,0
5,17229507,0.164,s5-300,0
5,17282092,0.5,s5-301,0
5,17305517,0.756,s5-302,0
5,17312152,0.104,s5-303,0
5,17484041,0.302,s5-304,0
5,17501928,0.422,s5-305,0
5,17642827,0.693,s5-306,0
5,17671055,0.129,s5-307,0
5,17672137,0.374,s5-308,0
5,17746260,0.463,s5-309,0
5,17816076,0.791,s5-310,0
5,17962286,0.491,s5-311,0
5,18058563,0.227,s5-312,0
5,18100893,0.188,s5-313,0
5,18133018,0.69,s5-314,0
5,18142311,0.261,s5-315,0
5,18183850,0.635,s5-316,0
5,18188201,0.199,s5-317,0
5,18320337,0.244,s5-318,0
5,18324479,0.228,s5-319,0
5,18368316,0.941,s5-320,0
5,18426914,0.926,s5-321,0
5,18450072,0.296,s5-322,0
5,18466505,0.456,s5-323,0
5,18566099,0.423,s5-324,0
5,18608485,0.166,s5-325,0
5,18613410,0.114,s5-326,0
5,18681432,0.805,s5-327,0
5,18873633,0.425,s5-328,0
5,19061263,0.712,s5-329,0
5,19106884,0.553,s5-330,0
5,19224136,0.933,s5-331,0
5,19306984,0.939,s5-332,0
5,19388311,0.242,s5-333,0
5,19406588,0.594,s5-334,0
5,19497166,0.65,s5-335,0
5,19555647,0.415,s5-336,0
5,19561759,0.0363,s5-337,0
5,19665438,0.292,s5-338,0
5,19758106,0.768,s5-339,0
5,19847590,0.857,s5-340,0
5,19883621,0.934,s5-341,0
5,19890800,0.776,s5-342,0
5,19902631,0.591,s5-343,0
5,19948078,0.708,s5-344,0
5,19994675,0.737,s5-345,0
5,20044820,0.832,s5-346,0
5,20048981,0.516,s5-347,0
5,20217480,0.787,s5-348,0
5,20219778,0.215,s5-349,0
5,20279706,0.958,s5-350,0
5,20285781,0.186,s5-351,0
5,20401904,0.687,s5-352,0
5,20426808,0.812,s5-353,0
5,20437468,0.132,s5-354,0
5,20506106,0.251,s5-355,0
5,20572753,0.166,s5-356,0
5,20578662,0.762,s5-357,0
5,20609645,0.57,s5-358,0
5,20666759,0.477,s5-359,0
5,20852442,0.276,s5-360,0
5,20912278,0.0781,s5-361,0
5,20968379,0.94,s5-362,0
5,20986471,0.464,s5-363,0
5,21210163,0.314,s5-364,0
5,21316823,0.59,s5-365,0
5,21323107,0.693,s5-366,0
5,21362316,0.22,s5-367,0
5,21373384,0.609,s5-368,0
5,21503814,0.338,s5-369,0
5,21529589,0.984,s5-370,0
5,21577216,0.702,s5-371,0
5,21587160,0.0721,s5-372,0
5,21597668,0.533,s5-373,0
5,21650057,0.813,s5-374,0
5,21654477,0.58,s5-375,0
5,21668309,0.367,s5-376,0
5,21796324,0.7,s5-377,0
5,21862826,0.608,s5-378,0
5,21866725,0.934,s5-379,0
5,21907361,0.337,s5-380,0
5,22157156,0.146,s5-381,0
5,22312538,0.782,s5-382,0
5,22400006,0.225,s5-383,0
5,22443599,0.032,s5-384,0
5,22527853,0.841,s5-385,0
5,22548836,0.21,s5-386,0
5,22678311,0.511,s5-387,0
5,22704797,0.909,s5-388,0
5,22768013,0.0587,s5-389,0
5,22790494,0.389,s5-390,0
5,22977353,0.509,s5-391,0
5,23035045,0.58,s5-392,0
5,23067949,0.402,s5-393,0
5,23107549,0.535,s5-394,0
5,23197280,0.403,s5-395,0
5,23244891,0.762,s5-396,0
5,23511608,0.0242,s5-397,0
5,23540688,0.837,s5-398,0
5,23609675,0.681,s5-399,0
5,23613901,0.0467,s5-400,0
5,23626758,0.867,s5-401,0
5,23632186,0.0134,s5-402,0
5,23662352,0.556,s5-403,0
5,23718795,0.568,s5-404,0
5,23729946,0.948,s5-405,0
5,23755629,0.815,s5-406,0
5,23780624,0.688,s5-407,0
5,23792981,0.549,s5-408,0
5,23814353,0.908,s5-409,0
5,23948968,0.371,s5-410,0
5,23979849,0.841,s5-411,0
5,24023236,0.156,s5-412,0
5,24073074,0.903,s5-413,0
5,24111200,0.592,s5-414,0
5,24150996,0.348,s5-415,0
5,24157125,0.55,s5-416,0
5,24224444,0.379,s5-417,0
5,24267636,0.307,s5-418,0
5,24294542,0.616,s5-419,0
5,24428138,0.0861,s5-420,0
5,24453329,0.965,s5-421,0
5,24469927,0.0836,s5-422,0
5,24537584,0.724,s5-423,0
5,24764481,0.542,s5-424,0
5,24941318,0.214,s5-425,0
5,25078967,0.36,s5-426,0
5,25112988,0.557,s5-427,0
5,25120583,0.615,s5-428,0
5,25245215,0.127,s5-429,0
5,25254915,0.0354,s5-430,0
5,25297788,0.899,s5-431,0
5,25365197,0.237,s5-432,0
5,25430623,0.163,s5-433,0
5,25450063,0.359,s5-434,0
5,25477876,0.792,s5-435,0
5,25541168,0.414,s5-436,0
5,25546133,0.842,s5-437,0
5,25661626,0.986,s5-438,0
5,25684751,0.625,s5-439,0
5,25706101,0.888,s5-440,0
5,25739091,0.803,s5-441,0
5,25746665,0.922,s5-442,0
5,25972378,0.317,s5-443,0
5,26043806,0.713,s5-444,0
5,26074365,0.979,s5-445,0
5,26133875,0.751,s5-446,0
5,26137119,0.772,s5-447,0
5,26220260,0.889,s5-448,0
5,26246175,0.538,s5-449,0
5,26309991,0.398,s5-450,0
5,26328229,0.814,s5-451,0
5,26394866,0.764,s5-452,0
5,26414783,0.881,s5-453,0
5,26469815,0.883,s5-454,0
5,26479819,0.358,s5-455,0
5,26550222,0.546,s5-456,0
5,26640863,0.881,s5-457,0
5,26684197,0.546,s5-458,0
5,26743727,0.36,s5-459,0
5,26847182,0.675,s5-460,0
5,26871074,0.26,s5-461,0
5,26872559,0.071,s5-462,0
5,27016168,0.942,s5-463,0
5,27106680,0.938,s5-464,0
5,27119448,0.815,s5-465,0
5,27140596,0.771,s5-466,0
5,27316533,0.323,s5-467,0
5,27339509,0.519,s5-468,0
5,27483472,0.634,s5-469,0
5,27514083,0.787,s5-470,0
5,27538126,0.972,s5-471,0
5,27612847,0.556,s5-472,0
5,27697144,0.215,s5-473,0
5,27715588,0.79,s5-474,0
5,27731465,0.99,s5-475,0
5,27764698,0.325,s5-476,0
5,27772507,0.384,s5-477,0
5,27777661,0.0871,s5-478,0
5,27805610,0.313,s5-479,0
5,27872981,0.774,s5-480,0
5,27889587,0.00453,s5-481,0
5,27906465,0.99,s5-482,0
5,27929263,0.115,s5-483,0
5,27996760,0.077,s5-484,0
5,28046238,0.196,s5-485,0
5,28097472,0.162,s5-486,0
5,28102303,0.269,s5-487,0
5,28115806,0.766,s5-488,0
5,28287001,0.935,s5-489,0
5,28305127,0.661,s5-490,0
5,28390630,0.804,s5-491,0
5,28390653,0.375,s5-492,0
5,28517111,0.0462,s5-493,0
5,28518296,0.661,s5-494,0
5,28543882,0.0153,s5-495,0
5,28583823,0.000407,s5-496,0
5,28676527,0.537,s5-497,0
5,28695633,0.674,s5-498,0
5,28732517,0.934,s5-499,0
5,28813845,0.906,s5-500,0
5,28824620,0.953,s5-501,0
5,28828346,0.421,s5-502,0
5,28855917,0.925,s5-503,0
5,28887611,0.872,s5-504,0
5,28996006,0.0543,s5-505,0
5,29000778,0.217,s5-506,0
5,29089779,0.593,s5-507,0
5,29115984,0.868,s5-508,0
5,29210576,0.207,s5-509,0
5,29284041,0.463,s5-510,0
5,29353761,0.115,s5-511,0
5,29362121,0.784,s5-512,0
5,29381199,0.57,s5-513,0
5,29384227,0.922,s5-514,0
5,29608187,0.878,s5-515,0
5,29698942,0.69,s5-516,0
5,29721290,0.339,s5-517,0
5,29915656,0.951,s5-518,0
5,29984540,0.215,s5-519,0
5,29999882,0.925,s5-520,0
6,128536,0.452,s6-1,0
6,185601,0.775,s6-2,0
6,188364,0.665,s6-3,0
6,237887,0.669,s6-4,0
6,250392,0.969,s6-5,0
6,259059,0.574,s6-6,0
6,309261,0.792,s6-7,0
6,355395,0.551,s6-8,0
6,442619,0.15,s6-9,0
6,549248,0.348,s6-10,0
6,551355,0.296,s6-11,0
6,747709,0.691,s6-12,0
6,748946,0.893,s6-13,0
6,818901,0.0918,s6-14,0
6,828881,0.249,s6-15,0
6,916320,0.73,s6-16,0
6,944456,0.752,s6-17,0
6,992756,0.0234,s6-18,0
6,1064103,0.904,s6-19,0
6,1137775,0.416,s6-20,0
6,1140964,0.785,s6-21,0
6,1144349,0.386,s6-22,0
6,1152348,0.968,s6-23,0
6,1187493,0.867,s6-24,0
6,1335560,0.839,s6-25,0
6,1353366,0.00513,s6-26,0
6,1356797,0.35,s6-27,0
6,1405386,0.871,s6-28,0
6,1566141,0.369,s6-29,0
6,1718755,0.673,s6-30,0
6,1796295,0.717,s6-31,0
6,1803216,0.543,s6-32,0
6,1805531,0.0212,s6-33,0
6,1854899,0.878,s6-34,0
6,1863756,0.313,s6-35,0
6,1926534,0.212,s6-36,0
6,2013191,0.158,s6-37,0
6,2035856,0.611,s6-38,0
6,2036194,0.332,s6-39,0
6,2083601,0.613,s6-40,0
6,2468643,0.232,s6-41,0
6,2585377,0.0946,s6-42,0
6,2632058,0.626,s6-43,0
6,2744880,0.679,s6-44,0
6,2854047,0.438,s6-45,0
6,2919349,0.198,s6-46,0
6,3009447,0.169,s6-47,0
6,3060391,0.88,s6-48,0
6,3197697,0.44,s6-49,0
6,3209817,0.44,s6-50,0
6,3320158,0.44,s6-51,0
6,3325626,0.77,s6-52,0
6,3339669,0.431,s6-53,0
6,3404871,0.319,s6-54,0
6,3429548,0.316,s6-55,0
6,3721261,0.935,s6-56,0
6,3722551,0.897,s6-57,0
6,3752796,0.517,s6-58,0
6,3775184,0.416,s6-59,0
6,3922269,0.761,s6-60,0
6,4064119,0.664,s6-61,0
6,4135421,0.918,s6-62,0
6,4275138,0.8,s6-63,0
6,4360534,0.484,s6-64,0
6,4423080,0.841,s6-65,0
6,4482104,0.659,s6-66,0
6,4606504,0.715,s6-67,0
6,4739610,0.398,s6-68,0
6,4768667,0.567,s6-69,0
6,4828743,0.765,s6-70,0
6,4834277,0.635,s6-71,0
6,4870730,0.493,s6-72,0
6,4879529,0.56,s6-73,0
6,4940910,0.143,s6-74,0
6,4940934,0.849,s6-75,0
6,5160417,0.0751,s6-76,0
6,5267291,0.135,s6-77,0
6,5294830,0.646,s6-78,0
6,5318167,0.375,s6-79,0
6,5358419,0.654,s6-80,0
6,5413753,0.815,s6-81,0
6,5423730,0.019,s6-82,0
6,5537807,0.507,s6-83,0
6,5572168,0.0661,s6-84,0
6,5917892,0.138,s6-85,0
6,6012976,0.577,s6-86,0
6,6024362,0.892,s6-87,0
6,6105937,0.392,s6-88,0
6,6127357,0.0391,s6-89,0
6,6138209,0.221,s6-90,0
6,6142344,0.197,s6-91,0
6,6159074,0.297,s6-92,0
6,6168743,0.295,s6-93,0
6,6188715,0.513,s6-94,0
6,6243465,0.843,s6-95,0
6,6391822,0.776,s6-96,0
6,6508851,0.0891,s6-97,0
6,6607713,0.179,s6-98,0
6,6644290,0.345,s6-99,0
6,6767558,0.925,s6-100,0
6,6768421,0.0672,s6-101,0
6,6769805,0.556,s6-102,0
6,6818372,0.351,s6-103,0
6,6828081,0.79,s6-104,0
6,6850263,0.494,s6-105,0
6,6885810,0.513,s6-106,0
6,6923399,0.516,s6-107,0
6,7035782,0.508,s6-108,0
6,7071186,0.0358,s6-109,0
6,7087407,0.388,s6-110,0
6,7115831,0.98,s6-111,0
6,7140281,0.601,s6-112,0
6,7189295,0.758,s6-113,0
6,7436201,0.803,s6-114,0
6,7504216,0.496,s6-115,0
6,7561822,0.637,s6-116,0
6,7581860,0.656,s6-117,0
6,7644990,0.353,s6-118,0
6,7776087,0.303,s6-119,0
6,7780836,0.854,s6-120,0
6,7830470,0.77,s6-121,0
6,7905031,0.789,s6-122,0
6,7907853,0.359,s6-123,0
6,7908259,0.53,s6-124,0
6,8099493,0.866,s6-125,0
6,8291940,0.188,s6-126,0
6,8339059,0.975,s6-127,0
6,8359819,0.483,s6-128,0
6,8418330,0.664,s6-129,0
6,8494388,0.26,s6-130,0
6,8532758,0.524,s6-131,0
6,8554138,0.236,s6-132,0
6,8577346,0.349,s6-133,0
6,8601346,0.27,s6-134,0
6,8631595,0.808,s6-135,0
6,8644951,0.427,s6-136,0
6,8748008,0.322,s6-137,0
6,8806086,0.997,s6-138,0
6,8910870,0.837,s6-139,0
6,8927912,0.831,s6-140,0
6,8964602,0.267,s6-141,0
6,8969504,0.997,s6-142,0
6,8990172,0.872,s6-143,0
6,9004069,0.75,s6-144,0
6,9071137,0.109,s6-145,0
6,9106879,0.784,s6-146,0
6,9132860,0.383,s6-147,0
6,9150928,0.53,s6-148,0
6,9163718,0.695,s6-149,0
6,9203825,0.884,s6-150,0
6,9212949,0.585,s6-151,0
6,9212987,0.413,s6-152,0
6,9234998,0.711,s6-153,0
6,9299888,0.279,s6-154,0
6,9359057,0.676,s6-155,0
6,9406408,0.479,s6-156,0
6,9452329,0.68,s6-157,0
6,9486707,0.855,s6-158,0
6,9512073,0.564,s6-159,0
6,9574502,0.747,s6-160,0
6,9619366,0.753,s6-161,0
6,9672229,0.0875,s6-162,0
6,9677482,0.613,s6-163,0
6,9777357,0.0535,s6-164,0
6,9901455,0.202,s6-165,0
6,10066756,0.347,s6-166,0
6,10074812,0.108,s6-167,0
6,10152159,0.442,s6-168,0
6,10329870,0.994,s6-169,0
6,10424531,0.851,s6-170,0
6,10490435,0.791,s6-171,0
6,10493362,0.287,s6-172,0
6,10522972,0.0679,s6-173,0
6,10531861,0.796,s6-174,0
6,10588339,0.681,s6-175,0
6,10650213,0.638,s6-176,0
6,10704405,0.459,s6-177,0
6,10765319,0.564,s6-178,0
6,10812927,0.337,s6-179,0
6,10817884,0.964,s6-180,0
6,10901439,0.986,s6-181,0
6,10971076,0.658,s6-182,0
6,11046749,0.676,s6-183,0
6,11065261,0.812,s6-184,0
6,11132808,0.144,s6-185,0
6,11142041,0.447,s6-186,0
6,11149600,0.549,s6-187,0
6,11174905,0.0785,s6-188,0
6,11262963,0.565,s6-189,0
6,11271304,0.518,s6-190,0
6,11408408,0.163,s6-191,0
6,11464077,0.532,s6-192,0
6,11531080,0.411,s6-193,0
6,11543698,0.564,s6-194,0
6,11632632,0.206,s6-195,0
6,11719920,0.0634,s6-196,0
6,11732218,0.77,s6-197,0
6,11751073,0.396,s6-198,0
6,11845709,0.898,s6-199,0
6,11963819,0.11,s6-200,0
6,11988390,0.361,s6-201,0
6,12075457,0.523,s6-202,0
6,12100518,0.39,s6-203,0
6,12116420,0.304,s6-204,0
6,12132845,0.673,s6-205,0
6,12179873,0.963,s6-206,0
6,12219882,0.438,s6-207,0
6,12264791,0.35,s6-208,0
6,12286274,0.482,s6-209,0
6,12461415,0.219,s6-210,0
6,12491060,0.405,s6-211,0
6,12546287,0.315,s6-212,0
6,12589420,0.784,s6-213,0
6,12597226,0.213,s6-214,0
6,12601282,0.376,s6-215,0
6,12748233,0.482,s6-216,0
6,12769586,0.549,s6-217,0
6,12852408,0.887,s6-218,0
6,12901055,0.899,s6-219,0
6,12904201,0.919,s6-220,0
6,12929554,0.959,s6-221,0
6,12931135,0.325,s6-222,0
6,13148698,0.38,s6-223,0
6,13250699,0.756,s6-224,0
6,13314098,0.756,s6-225,0
6,13324787,0.322,s6-226,0
6,13349048,0.565,s6-227,0
6,13424008,0.503,s6-228,0
6,13660838,0.2,s6-229,0
6,13664021,0.903,s6-230,0
6,13834301,0.468,s6-231,0
6,13890359,0.166,s6-232,0
6,13900555,0.0146,s6-233,0
6,13913564,0.766,s6-234,0
6,13947702,0.421,s6-235,0
6,13967929,0.909,s6-236,0
6,13992088,0.686,s6-237,0
6,14079739,0.625,s6-238,0
6,14222913,0.0754,s6-239,0
6,14259759,0.449,s6-240,0
6,14263825,0.125,s6-241,0
6,14300978,0.816,s6-242,0
6,14302153,0.742,s6-243,0
6,14399454,0.183,s6-244,0
6,14474812,0.295,s6-245,0
6,14479227,0.561,s6-246,0
6,14505789,0.963,s6-247,0
6,14830261,0.0393,s6-248,0
6,14877123,0.0998,s6-249,0
6,14950561,0.795,s6-250,0
6,15056471,0.784,s6-251,0
6,15166145,0.424,s6-252,0
6,15364837,0.136,s6-253,0
6,15462557,0.752,s6-254,0
6,15487333,0.481,s6-255,0
6,15760318,0.861,s6-256,0
6,15779126,0.974,s6-257,0
6,15839858,0.981,s6-258,0
6,15877130,0.611,s6-259,0
6,15901423,0.127,s6-260,0
6,15914061,0.0207,s6-261,0
6,15965853,0.43,s6-262,0
6,15996465,0.375,s6-263,0
6,15998072,0.718,s6-264,0
6,16115346,0.000428,s6-265,0
6,16222150,0.398,s6-266,0
6,16233104,0.242,s6-267,0
6,16293211,0.484,s6-268,0
6,16356893,0.876,s6-269,0
6,16375267,0.545,s6-270,0
6,16523663,0.392,s6-271,0
6,16540113,0.742,s6-272,0
6,16603280,0.797,s6-273,0
6,16618155,0.831,s6-274,0
6,16673382,0.415,s6-275,0
6,16692815,0.64,s6-276,0
6,16736054,0.738,s6-277,0
6,16890517,0.698,s6-278,0
6,16951420,0.592,s6-279,0
6,16995892,0.698,s6-280,0
6,17144835,0.451,s6-281,0
6,17153775,0.416,s6-282,0
6,17225344,0.0669,s6-283,0
6,17292061,0.997,s6-284,0
6,17306400,0.0673,s6-285,0
6,17372757,0.449,s6-286,0
6,17378061,0.894,s6-287,0
6,17384093,0.669,s6-288,0
6,17395996,0.0917,s6-289,0
6,17498344,0.882,s6-290,0
6,17546770,0.848,s6-291,0
6,17606662,0.622,s6-292,0
6,17619175,0.0982,s6-293,0
6,17631938,0.6,s6-294,0
6,17664501,0.769,s6-295,0
6,17724551,0.0469,s6-296,0
6,17751337,0.376,s6-297,0
6,17854824,0.156,s6-298,0
6,18090347,0.552,s6-299,0
6,18132808,0.476,s6-300,0
6,18139991,0.496,s6-301,0
6,18166617,0.239,s6-302,0
6,18261756,0.925,s6-303,0
6,18283022,0.0071,s6-304,0
6,18441736,0.0944,s6-305,0
6,18553066,0.576,s6-306,0
6,18568537,0.855,s6-307,0
6,18587546,0.119,s6-308,0
6,18622985,0.0996,s6-309,0
6,18670578,0.35,s6-310,0
6,18728356,0.212,s6-311,0
6,18791506,0.726,s6-312,0
6,18792345,0.0292,s6-313,0
6,18825640,0.123,s6-314,0
6,18864990,0.0192,s6-315,0
6,18965202,0.0198,s6-316,0
6,19025565,0.576,s6-317,0
6,19045681,0.951,s6-318,0
6,19062730,0.674,s6-319,0
6,19072094,0.469,s6-320,0
6,19094186,0.853,s6-321,0
6,19095681,0.701,s6-322,0
6,19138696,0.873,s6-323,0
6,19241412,0.478,s6-324,0
6,19246633,0.463,s6-325,0
6,19271780,0.524,s6-326,0
6,19278270,0.166,s6-327,0
6,19439512,0.938,s6-328,0
6,19475874,0.599,s6-329,0
6,19486555,0.0352,s6-330,0
6,19526509,0.983,s6-331,0
6,19532569,0.515,s6-332,0
6,19681655,0.945,s6-333,0
6,19810292,0.858,s6-334,0
6,19873044,0.616,s6-335,0
6,19907582,0.488,s6-336,0
6,20004265,0.442,s6-337,0
6,20015234,0.535,s6-338,0
6,20098400,0.462,s6-339,0
6,20156760,0.685,s6-340,0
6,20236974,0.687,s6-341,0
6,20253923,0.334,s6-342,0
6,20416482,0.601,s6-343,0
6,20419702,0.0402,s6-344,0
6,20585647,0.932,s6-345,0
6,20632614,0.501,s6-346,0
6,20642394,0.878,s6-347,0
6,20652869,0.352,s6-348,0
6,20673673,0.981,s6-349,0
6,20685785,0.611,s6-350,0
6,20690164,0.282,s6-351,0
6,20705695,0.319,s6-352,0
6,20728056,0.68,s6-353,0
6,20766692,0.832,s6-354,0
6,20769839,0.252,s6-355,0
6,20775101,0.577,s6-356,0
6,20987499,0.401,s6-357,0
6,21004565,0.13,s6-358,0
6,21037726,0.834,s6-359,0
6,21052719,0.658,s6-360,0
6,21153004,0.877,s6-361,0
6,21169639,0.0235,s6-362,0
6,21174132,0.157,s6-363,0
6,21179755,0.199,s6-364,0
6,21234604,0.61,s6-365,0
6,21281281,0.123,s6-366,0
6,21437536,0.372,s6-367,0
6,21465504,0.981,s6-368,0
6,21629419,0.218,s6-369,0
6,21647481,0.511,s6-370,0
6,21657133,0.723,s6-371,0
6,21766019,0.128,s6-372,0
6,21834562,0.176,s6-373,0
6,21856504,0.894,s6-374,0
6,21865093,0.993,s6-375,0
6,21867620,0.686,s6-376,0
6,21873190,0.0342,s6-377,0
6,22021297,0.37,s6-378,0
6,22030319,0.792,s6-379,0
6,22070970,0.383,s6-380,0
6,22256951,0.034,s6-381,0
6,22393839,0.669,s6-382,0
6,22415217,0.343,s6-383,0
6,22462962,0.821,s6-384,0
6,22601879,0.234,s6-385,0
6,22635895,0.594,s6-386,0
6,22668709,0.748,s6-387,0
6,22752442,0.00816,s6-388,0
6,22800212,0.231,s6-389,0
6,22802946,0.881,s6-390,0
6,22834209,0.388,s6-391,0
6,22835905,0.46,s6-392,0
6,22874958,0.329,s6-393,0
6,22884831,0.421,s6-394,0
6,22995152,0.698,s6-395,0
6,23002659,0.91,s6-396,0
6,23132925,0.109,s6-397,0
6,23196841,0.997,s6-398,0
6,23244199,0.86,s6-399,0
6,23439012,0.886,s6-400,0
6,23488382,0.352,s6-401,0
6,23491638,0.684,s6-402,0
6,23571926,0.85,s6-403,0
6,23578726,0.381,s6-404,0
6,23624965,0.642,s6-405,0
6,23649626,0.365,s6-406,0
6,23761040,0.856,s6-407,0
6,24106408,0.42,s6-408,0
6,24177298,0.544,s6-409,0
6,24189925,0.928,s6-410,0
6,24279742,0.796,s6-411,0
6,24451139,0.709,s6-412,0
6,24647582,0.91,s6-413,0
6,24673287,0.963,s6-414,0
6,24742162,0.806,s6-415,0
6,24743904,0.0117,s6-416,0
6,24748348,0.849,s6-417,0
6,24790753,0.651,s6-418,0
6,24855924,0.747,s6-419,0
6,24922332,0.972,s6-420,0
6,24975020,0.524,s6-421,0
6,24996833,0.488,s6-422,0
6,25012174,0.135,s6-423,0
6,25066738,0.648,s6-424,0
6,25142275,0.141,s6-425,0
6,25159765,0.489,s6-426,0
6,25350041,0.511,s6-427,0
6,25366855,0.95,s6-428,0
6,25426291,0.48,s6-429,0
6,25497734,0.0269,s6-430,0
6,25767064,0.21,s6-431,0
6,25811859,0.547,s6-432,0
6,25840580,0.914,s6-433,0
6,25865516,0.654,s6-434,0
6,25894113,0.434,s6-435,0
6,25997303,0.675,s6-436,0
6,26039398,0.893,s6-437,0
6,26049256,0.351,s6-438,0
6,26156446,0.978,s6-439,0
6,26180804,0.0389,s6-440,0
6,26341460,0.267,s6-441,0
6,26361656,0.835,s6-442,0
6,26390272,0.971,s6-443,0
6,26421392,0.124,s6-444,0
6,26548994,0.931,s6-445,0
6,26560498,0.651,s6-446,0
6,26584261,0.566,s6-447,0
6,26606230,0.274,s6-448,0
6,26686354,0.146,s6-449,0
6,27017638,0.766,s6-450,0
6,27022710,0.668,s6-451,0
6,27030649,0.7,s6-452,0
6,27033968,0.38,s6-453,0
6,27065209,0.375,s6-454,0
6,27074824,0.92,s6-455,0
6,27078997,0.772,s6-456,0
6,27130218,0.524,s6-457,0
6,27228234,0.379,s6-458,0
6,27282367,0.925,s6-459,0
6,27357394,0.298,s6-460,0
6,27360443,0.0545,s6-461,0
6,27425045,0.036,s6-462,0
6,27549296,0.788,s6-463,0
6,27689680,0.259,s6-464,0
6,27739441,0.212,s6-465,0
6,27772071,0.357,s6-466,0
6,27820420,0.0549,s6-467,0
6,27887089,0.784,s6-468,0
6,27914549,0.931,s6-469,0
6,27919851,0.208,s6-470,0
6,27937032,0.382,s6-471,0
6,27954227,0.294,s6-472,0
6,28071058,0.232,s6-473,0
6,28165855,0.465,s6-474,0
6,28184522,0.584,s6-475,0
6,28271206,0.734,s6-476,0
6,28281434,0.285,s6-477,0
6,28329667,0.117,s6-478,0
6,28362848,0.819,s6-479,0
6,28398170,0.798,s6-480,0
6,28532931,0.421,s6-481,0
6,28584202,0.0951,s6-482,0
6,28619546,0.562,s6-483,0
6,28818749,0.0205,s6-484,0
6,28927575,0.22,s6-485,0
6,29068624,0.897,s6-486,0
6,29096845,0.24,s6-487,0
6,29192218,0.304,s6-488,0
6,29353957,0.382,s6-489,0
6,29357291,0.586,s6-490,0
6,29454158,0.156,s6-491,0
6,29498521,0.981,s6-492,0
6,29503031,0.782,s6-493,0
6,29511148,0.821,s6-494,0
6,29512559,0.945,s6-495,0
6,29542973,0.834,s6-496,0
6,29591339,0.000568,s6-497,0
6,29602107,0.473,s6-498,0
6,29651120,0.66,s6-499,0
6,29761406,0.0112,s6-500,0
6,29871056,0.0103,s6-501,0
6,29917831,0.276,s6-502,0
6,29919382,0.366,s6-503,0
6,29990531,0.989,s6-504,0
6,29991471,0.271,s6-505,0
6,30214030,0.924,s6-506,0
6,30216172,0.523,s6-507,0
6,30244540,0.415,s6-508,0
6,30265274,0.914,s6-509,0
6,30297004,0.0142,s6-510,0
6,30418635,0.873,s6-511,0
6,30515509,0.999,s6-512,0
6,30516363,0.476,s6-513,0
6,30591186,0.379,s6-514,0
6,30660527,0.873,s6-515,0
6,30763754,0.999,s6-516,0
6,30773205,0.462,s6-517,0
6,30806300,0.605,s6-518,0
6,30864726,0.281,s6-519,0
6,30921971,0.753,s6-520,0
7,114766,0.145,s7-1,0
7,145717,0.0945,s7-2,0
7,217831,0.542,s7-3,0
7,228188,0.427,s7-4,0
7,232814,0.416,s7-5,0
7,357152,0.167,s7-6,0
7,507029,0.131,s7-7,0
7,521202,0.942,s7-8,0
7,538731,0.956,s7-9,0
7,586214,0.157,s7-10,0
7,632271,0.0508,s7-11,0
7,755264,0.686,s7-12,0
7,888803,0.854,s7-13,0
7,1034672,0.185,s7-14,0
7,1083472,0.899,s7-15,0
7,1109281,0.841,s7-16,0
7,1189705,0.061,s7-17,0
7,1230227,0.4,s7-18,0
7,1422488,0.89,s7-19,0
7,1532407,0.917,s7-20,0
7,1654825,0.224,s7-21,0
7,1674831,0.363,s7-22,0
7,1682400,0.331,s7-23,0
7,1757203,0.493,s7-24,0
7,1828502,0.0744,s7-25,0
7,1907805,0.0235,s7-26,0
7,2040432,0.994,s7-27,0
7,2088578,0.0231,s7-28,0
7,2125446,0.416,s7-29,0
7,2128269,0.36,s7-30,0
7,2193366,0.598,s7-31,0
7,2201200,0.0126,s7-32,0
7,2234028,0.723,s7-33,0
7,2248894,0.704,s7-34,0
7,2431962,0.599,s7-35,0
7,2465690,0.451,s7-36,0
7,2527210,0.0544,s7-37,0
7,2559199,0.702,s7-38,0
7,2607029,0.533,s7-39,0
7,2658982,0.18,s7-40,0
7,2660724,0.519,s7-41,0
7,2675337,0.179,s7-42,0
7,2697479,0.106,s7-43,0
7,2704106,0.434,s7-44,0
7,2770723,0.0101,s7-45,0
7,2842365,0.607,s7-46,0
7,2929429,0.0652,s7-47,0
7,3057931,0.657,s7-48,0
7,3127344,0.437,s7-49,0
7,3216566,0.848,s7-50,0
7,3255477,0.25,s7-51,0
7,3292364,0.268,s7-52,0
7,3298574,0.0624,s7-53,0
7,3369415,0.172,s7-54,0
7,3419557,0.546,s7-55,0
7,3449530,0.424,s7-56,0
7,3483619,0.325,s7-57,0
7,3494769,0.552,s7-58,0
7,3584609,0.577,s7-59,0
7,3637852,0.363,s7-60,0
7,3700850,0.471,s7-61,0
7,3717182,0.776,s7-62,0
7,3803857,0.812,s7-63,0
7,3910075,0.174,s7-64,0
7,3992476,0.304,s7-65,0
7,4024801,0.188,s7-66,0
7,4039809,0.0869,s7-67,0
7,4094141,0.182,s7-68,0
7,4170321,0.837,s7-69,0
7,4227851,0.977,s7-70,0
7,4249551,0.716,s7-71,0
7,4257490,0.477,s7-72,0
7,4318661,0.802,s7-73,0
7,4332315,0.0187,s7-74,0
7,4340604,0.53,s7-75,0
7,4413572,0.995,s7-76,0
7,4431877,0.0996,s7-77,0
7,4454173,0.565,s7-78,0
7,4545956,0.595,s7-79,0
7,4723658,0.91,s7-80,0
7,4761001,0.283,s7-81,0
7,4913721,0.928,s7-82,0
7,4978476,0.653,s7-83,0
7,5058328,0.75,s7-84,0
7,5202276,0.988,s7-85,0
7,5204980,0.0728,s7-86,0
7,5216039,0.802,s7-87,0
7,5234390,0.38,s7-88,0
7,5257035,0.501,s7-89,0
7,5285872,0.521,s7-90,0
7,5365389,0.33,s7-91,0
7,5374322,0.81,s7-92,0
7,5470607,0.268,s7-93,0
7,5494572,0.177,s7-94,0
7,5498507,0.897,s7-95,0
7,5572980,0.233,s7-96,0
7,5632872,0.352,s7-97,0
7,5661608,0.355,s7-98,0
7,5674228,0.788,s7-99,0
7,5692156,0.829,s7-100,0
7,5692752,0.947,s7-101,0
7,5784415,0.00502,s7-102,0
7,5862514,0.152,s7-103,0
7,6151119,0.18,s7-104,0
7,6227548,0.0568,s7-105,0
7,6240652,0.23,s7-106,0
7,6244114,0.131,s7-107,0
7,6266675,0.176,s7-108,0
7,6480074,0.869,s7-109,0
7,6537919,0.583,s7-110,0
7,6773426,0.169,s7-111,0
7,6836471,0.892,s7-112,0
7,6888037,0.395,s7-113,0
7,6900948,0.995,s7-114,0
7,6983501,0.243,s7-115,0
7,7037891,0.599,s7-116,0
7,7099271,0.447,s7-117,0
7,7111703,0.0287,s7-118,0
7,7149297,0.604,s7-119,0
7,7160876,0.996,s7-120,0
7,7197470,0.18,s7-121,0
7,7205580,0.887,s7-122,0
7,7299436,0.186,s7-123,0
7,7330441,0.875,s7-124,0
7,7432995,0.157,s7-125,0
7,7509701,0.979,s7-126,0
7,7548461,0.597,s7-127,0
7,7584525,0.566,s7-128,0
7,7692761,0.472,s7-129,0
7,7709436,0.605,s7-130,0
7,7805557,0.34,s7-131,0
7,7819161,0.419,s7-132,0
7,8004526,0.213,s7-133,0
7,8078945,0.61,s7-134,0
7,8113815,0.472,s7-135,0
7,8190161,0.178,s7-136,0
7,8248630,0.96,s7-137,0
7,8262997,0.291,s7-138,0
7,8334053,0.492,s7-139,0
7,8334584,0.256,s7-140,0
7,8335867,0.965,s7-141,0
7,8354302,0.2,s7-142,0
7,8384473,0.135,s7-143,0
7,8409428,0.407,s7-144,0
7,8447448,0.634,s7-145,0
7,8488539,0.478,s7-146,0
7,8614151,0.554,s7-147,0
7,8632734,0.185,s7-148,0
7,8641493,0.424,s7-149,0
7,8791835,0.327,s7-150,0
7,8798146,0.762,s7-151,0
7,8803802,0.978,s7-152,0
7,8813112,0.708,s7-153,0
7,8902027,0.423,s7-154,0
7,8912838,0.6,s7-155,0
7,8950048,0.448,s7-156,0
7,8967602,0.317,s7-157,0
7,8991806,0.848,s7-158,0
7,8999651,0.121,s7-159,0
7,9009293,0.236,s7-160,0
7,9104290,0.0433,s7-161,0
7,9172368,0.865,s7-162,0
7,9239361,0.813,s7-163,0
7,9250239,0.146,s7-164,0
7,9256191,0.569,s7-165,0
7,9346651,0.367,s7-166,0
7,9378727,0.587,s7-167,0
7,9410257,0.741,s7-168,0
7,9433169,0.226,s7-169,0
7,9438809,0.961,s7-170,0
7,9466865,0.463,s7-171,0
7,9498241,0.836,s7-172,0
7,9506292,0.619,s7-173,0
7,9533551,0.0333,s7-174,0
7,9549425,0.783,s7-175,0
7,9577560,0.157,s7-176,0
7,9647506,0.0648,s7-177,0
7,9672013,0.185,s7-178,0
7,9714699,0.712,s7-179,0
7,9728792,0.573,s7-180,0
7,9736603,0.386,s7-181,0
7,9838214,0.93,s7-182,0
7,9920862,0.605,s7-183,0
7,9984280,0.43,s7-184,0
7,10177916,0.636,s7-185,0
7,10212323,0.882,s7-186,0
7,10236237,0.705,s7-187,0
7,10337938,0.117,s7-188,0
7,10407925,0.222,s7-189,0
7,10408090,0.507,s7-190,0
7,10572348,0.203,s7-191,0
7,10573393,0.542,s7-192,0
7,10621219,0.289,s7-193,0
7,10627721,0.178,s7-194,0
7,10735764,0.488,s7-195,0
7,10751415,0.342,s7-196,0
7,10809520,0.983,s7-197,0
7,10845904,0.336,s7-198,0
7,10871216,0.0839,s7-199,0
7,10888107,0.713,s7-200,0
7,10922765,0.642,s7-201,0
7,10934630,0.619,s7-202,0
7,10976217,0.17,s7-203,0
7,11097186,0.95,s7-204,0
7,11128606,0.874,s7-205,0
7,11204462,0.614,s7-206,0
7,11213235,0.472,s7-207,0
7,11217971,0.77,s7-208,0
7,11232550,0.972,s7-209,0
7,11257094,0.672,s7-210,0
7,11326087,0.145,s7-211,0
7,11328206,0.992,s7-212,0
7,11363165,0.701,s7-213,0
7,11413125,0.886,s7-214,0
7,11433553,0.238,s7-215,0
7,11550075,0.238,s7-216,0
7,11551392,0.7,s7-217,0
7,11641449,0.802,s7-218,0
7,11654176,0.97,s7-219,0
7,11658595,0.291,s7-220,0
7,11793146,0.532,s7-221,0
7,11836353,0.488,s7-222,0
7,11883560,0.311,s7-223,0
7,11961080,0.781,s7-224,0
7,12047277,0.534,s7-225,0
7,12188743,0.547,s7-226,0
7,12241252,0.375,s7-227,0
7,12294909,0.383,s7-228,0
7,12311339,0.103,s7-229,0
7,12322886,0.955,s7-230,0
7,12405098,0.393,s7-231,0
7,12424277,0.541,s7-232,0
7,12430989,0.52,s7-233,0
7,12460999,0.849,s7-234,0
7,12515850,0.72,s7-235,0
7,12553391,0.342,s7-236,0
7,12635167,0.624,s7-237,0
7,12657496,0.162,s7-238,0
7,12720334,0.0599,s7-239,0
7,12749881,0.96,s7-240,0
7,12884693,0.936,s7-241,0
7,13106427,0.301,s7-242,0
7,13110030,0.742,s7-243,0
7,13202387,0.64,s7-244,0
7,13267871,0.0314,s7-245,0
7,13375740,0.633,s7-246,0
7,13419316,0.65,s7-247,0
7,13467409,0.641,s7-248,0
7,13522398,0.988,s7-249,0
7,13553924,0.123,s7-250,0
7,13587471,0.904,s7-251,0
7,13595893,0.382,s7-252,0
7,13646821,0.426,s7-253,0
7,13803258,0.475,s7-254,0
7,13858947,0.0754,s7-255,0
7,13931901,0.107,s7-256,0
7,13964004,0.192,s7-257,0
7,14009504,0.645,s7-258,0
7,14111804,0.821,s7-259,0
7,14149713,0.713,s7-260,0
7,14199523,0.539,s7-261,0
7,14211750,0.466,s7-262,0
7,14212662,0.469,s7-263,0
7,14233175,0.573,s7-264,0
7,14236828,0.194,s7-265,0
7,14282224,0.357,s7-266,0
7,14405991,0.0357,s7-267,0
7,14435281,0.0904,s7-268,0
7,14451435,0.0306,s7-269,0
7,14504528,0.0472,s7-270,0
7,14572792,0.011,s7-271,0
7,14606541,0.0243,s7-272,0
7,14635782,0.0092,s7-273,0
7,14681089,0.00492,s7-274,0
7,14690554,0.00721,s7-275,0
7,14693006,0.00977,s7-276,0
7,14803284,0.00343,s7-277,0
7,14852740,0.000663,s7-278,0
7,15081129,2.04e-05,s7-279,0
7,15133214,4.02e-06,s7-280,0
7,15160096,4.55e-06,s7-281,0
7,15223310,1.38e-06,s7-282,0
7,15249588,3.23e-07,s7-283,0
7,15372050,1.14e-07,s7-284,0
7,15411235,2.54e-08,QTL7,1
7,15451130,1.57e-07,s7-286,0
7,15464860,2.28e-07,s7-287,0
7,15574676,2.99e-06,s7-288,0
7,15583164,2.49e-06,s7-289,0
7,15650438,4.09e-05,s7-290,0
7,15682887,1.95e-05,s7-291,0
7,15688538,3.38e-05,s7-292,0
7,15803270,5.4e-05,s7-293,0
7,15881515,8.48e-05,s7-294,0
7,15936824,0.000582,s7-295,0
7,16037591,0.00585,s7-296,0
7,16037604,0.0052,s7-297,0
7,16104354,0.019,s7-298,0
7,16156077,0.0121,s7-299,0
7,16222281,0.021,s7-300,0
7,16268389,0.0148,s7-301,0
7,16293891,0.00952,s7-302,0
7,16465888,0.0407,s7-303,0
7,16492441,0.0203,s7-304,0
7,16541912,0.709,s7-305,0
7,16560248,0.545,s7-306,0
7,16601890,0.473,s7-307,0
7,16609148,0.387,s7-308,0
7,16617941,0.0542,s7-309,0
7,16641374,0.171,s7-310,0
7,16647250,0.578,s7-311,0
7,16653713,0.648,s7-312,0
7,17001698,0.564,s7-313,0
7,17063740,0.963,s7-314,0
7,17133939,0.491,s7-315,0
7,17200647,0.0813,s7-316,0
7,17310806,0.856,s7-317,0
7,17408716,0.896,s7-318,0
7,17491359,0.802,s7-319,0
7,17510226,0.556,s7-320,0
7,17547680,0.684,s7-321,0
7,17636124,0.81,s7-322,0
7,17636136,0.701,s7-323,0
7,17641794,0.941,s7-324,0
7,17661067,0.0526,s7-325,0
7,17819888,0.334,s7-326,0
7,17872960,0.344,s7-327,0
7,17923739,0.122,s7-328,0
7,17939567,0.294,s7-329,0
7,18019093,0.0537,s7-330,0
7,18038681,0.828,s7-331,0
7,18042862,0.842,s7-332,0
7,18059866,0.284,s7-333,0
7,18068457,0.646,s7-334,0
7,18120621,0.263,s7-335,0
7,18162253,0.138,s7-336,0
7,18188514,0.472,s7-337,0
7,18205267,0.836,s7-338,0
7,18214666,0.878,s7-339,0
7,18384189,0.00432,s7-340,0
7,18418313,0.282,s7-341,0
7,18581208,0.866,s7-342,0
7,18625019,0.108,s7-343,0
7,18698435,0.47,s7-344,0
7,18790776,0.34,s7-345,0
7,18818447,0.988,s7-346,0
7,18954644,0.000849,s7-347,0
7,18963235,0.738,s7-348,0
7,18981531,0.0863,s7-349,0
7,19018702,0.552,s7-350,0
7,19037814,0.64,s7-351,0
7,19047548,0.664,s7-352,0
7,19084736,0.0734,s7-353,0
7,19142578,0.373,s7-354,0
7,19168112,0.414,s7-355,0
7,19204859,0.964,s7-356,0
7,19262704,0.48,s7-357,0
7,19320110,0.673,s7-358,0
7,19379438,0.143,s7-359,0
7,19400392,0.164,s7-360,0
7,19451627,0.8,s7-361,0
7,19490648,0.615,s7-362,0
7,19521847,0.607,s7-363,0
7,19550668,0.925,s7-364,0
7,19666907,0.465,s7-365,0
7,19692321,0.114,s7-366,0
7,19759067,0.0232,s7-367,0
7,20114926,0.822,s7-368,0
7,20118831,0.791,s7-369,0
7,20223211,0.202,s7-370,0
7,20255702,0.936,s7-371,0
7,20323799,0.813,s7-372,0
7,20422711,0.0647,s7-373,0
7,20468982,0.0759,s7-374,0
7,20481003,0.671,s7-375,0
7,20493114,0.56,s7-376,0
7,20513750,0.0783,s7-377,0
7,20570167,0.871,s7-378,0
7,20651846,0.728,s7-379,0
7,20653241,0.0176,s7-380,0
7,20717085,0.796,s7-381,0
7,20760969,0.864,s7-382,0
7,20783019,0.913,s7-383,0
7,20851905,0.681,s7-384,0
7,21062415,0.927,s7-385,0
7,21183951,0.272,s7-386,0
7,21299093,0.405,s7-387,0
7,21384431,0.914,s7-388,0
7,21409548,0.535,s7-389,0
7,21493015,0.784,s7-390,0
7,21529429,0.53,s7-391,0
7,21536149,0.43,s7-392,0
7,21539769,0.554,s7-393,0
7,21671339,0.927,s7-394,0
7,21673325,0.854,s7-395,0
7,21699010,0.293,s7-396,0
7,21740346,0.598,s7-397,0
7,21840892,0.846,s7-398,0
7,21908146,0.13,s7-399,0
7,22206214,0.895,s7-400,0
7,22208723,0.275,s7-401,0
7,22241170,0.969,s7-402,0
7,22479938,0.994,s7-403,0
7,22494637,0.723,s7-404,0
7,22498106,0.251,s7-405,0
7,22535425,0.304,s7-406,0
7,22552864,0.588,s7-407,0
7,22557667,0.129,s7-408,0
7,22590093,0.332,s7-409,0
7,22596329,0.908,s7-410,0
7,22668221,0.849,s7-411,0
7,22685761,0.734,s7-412,0
7,22954729,0.51,s7-413,0
7,22987238,0.454,s7-414,0
7,23002973,0.99,s7-415,0
7,23099808,0.609,s7-416,0
7,23164674,0.659,s7-417,0
7,23210084,0.618,s7-418,0
7,23282058,0.26,s7-419,0
7,23282297,0.791,s7-420,0
7,23460099,0.785,s7-421,0
7,23466697,0.136,s7-422,0
7,23690267,0.949,s7-423,0
7,23694027,0.679,s7-424,0
7,23708356,0.257,s7-425,0
7,23827305,0.594,s7-426,0
7,23864586,0.776,s7-427,0
7,23878821,0.103,s7-428,0
7,23894764,0.645,s7-429,0
7,23967052,0.728,s7-430,0
7,24080471,0.844,s7-431,0
7,24185437,0.596,s7-432,0
7,24237517,0.787,s7-433,0
7,24339313,0.856,s7-434,0
7,24343378,0.137,s7-435,0
7,24346291,0.288,s7-436,0
7,24431391,0.152,s7-437,0
7,24442680,0.0681,s7-438,0
7,24538763,0.507,s7-439,0
7,24550516,0.543,s7-440,0
7,24579955,0.638,s7-441,0
7,24612335,0.0993,s7-442,0
7,24647145,0.844,s7-443,0
7,24660424,0.227,s7-444,0
7,24665301,0.212,s7-445,0
7,24771838,0.639,s7-446,0
7,24922811,0.0642,s7-447,0
7,24931560,0.628,s7-448,0
7,24961351,0.914,s7-449,0
7,25055589,0.754,s7-450,0
7,25066229,0.4,s7-451,0
7,25086529,0.566,s7-452,0
7,25158007,0.893,s7-453,0
7,25187288,0.0814,s7-454,0
7,25273848,0.743,s7-455,0
7,25448514,0.328,s7-456,0
7,25462217,0.0706,s7-457,0
7,25503035,0.236,s7-458,0
7,25506482,0.972,s7-459,0
7,25524795,0.312,s7-460,0
7,25568304,0.368,s7-461,0
7,25591217,0.601,s7-462,0
7,25667816,0.834,s7-463,0
7,25676547,0.563,s7-464,0
7,25679978,0.105,s7-465,0
7,25690370,0.105,s7-466,0
7,25740322,0.432,s7-467,0
7,25769232,0.732,s7-468,0
7,25786530,0.833,s7-469,0
7,25805520,0.982,s7-470,0
7,25807116,0.0842,s7-471,0
7,25910953,0.384,s7-472,0
7,25931573,0.161,s7-473,0
7,26052555,0.272,s7-474,0
7,26072973,0.216,s7-475,0
7,26150828,0.589,s7-476,0
7,26197997,0.456,s7-477,0
7,26221209,0.81,s7-478,0
7,26296174,0.873,s7-479,0
7,26460811,0.0184,s7-480,0
7,26547043,0.972,s7-481,0
7,26700235,0.867,s7-482,0
7,26774338,0.879,s7-483,0
7,26794506,0.185,s7-484,0
7,26863884,0.475,s7-485,0
7,26899326,0.222,s7-486,0
7,26959480,0.081,s7-487,0
7,26981299,0.457,s7-488,0
7,27002323,0.173,s7-489,0
7,27046315,0.41,s7-490,0
7,27135762,0.0759,s7-491,0
7,27215768,0.459,s7-492,0
7,27282381,0.48,s7-493,0
7,27452169,0.27,s7-494,0
7,27494271,0.309,s7-495,0
7,27535817,0.544,s7-496,0
7,27609403,0.749,s7-497,0
7,27626659,0.138,s7-498,0
7,27632803,0.216,s7-499,0
7,27654988,0.208,s7-500,0
7,27706452,0.357,s7-501,0
7,27892137,0.339,s7-502,0
7,27954424,0.952,s7-503,0
7,27986964,0.881,s7-504,0
7,28131721,0.329,s7-505,0
7,28153212,0.0413,s7-506,0
7,28187782,0.355,s7-507,0
7,28354096,0.148,s7-508,0
7,28391553,0.498,s7-509,0
7,28411765,0.851,s7-510,0
7,28466002,0.171,s7-511,0
7,28480459,0.987,s7-512,0
7,28483333,0.841,s7-513,0
7,28487553,0.958,s7-514,0
7,28614550,0.0758,s7-515,0
7,28674086,0.315,s7-516,0
7,28695417,0.123,s7-517,0
7,28738737,0.366,s7-518,0
7,28764849,0.57,s7-519,0
7,28840167,0.48,s7-520,0
8,114117,0.93,s8-1,0
8,225752,0.437,s8-2,0
8,256695,0.265,s8-3,0
8,342550,0.348,s8-4,0
8,460239,0.0128,s8-5,0
8,540932,0.892,s8-6,0
8,544195,0.173,s8-7,0
8,560082,0.603,s8-8,0
8,653445,0.663,s8-9,0
8,811203,0.682,s8-10,0
8,854781,0.176,s8-11,0
8,880442,0.222,s8-12,0
8,937099,0.503,s8-13,0
8,993647,0.167,s8-14,0
8,1054072,0.999,s8-15,0
8,1076464,0.771,s8-16,0
8,1168006,0.57,s8-17,0
8,1223139,0.315,s8-18,0
8,1271729,0.0207,s8-19,0
8,1363157,0.806,s8-20,0
8,1433010,0.189,s8-21,0
8,1492354,0.571,s8-22,0
8,1613049,0.888,s8-23,0
8,1692939,0.445,s8-24,0
8,1789175,0.568,s8-25,0
8,1836589,0.852,s8-26,0
8,1845650,0.597,s8-27,0
8,1977199,0.926,s8-28,0
8,2044580,0.172,s8-29,0
8,2095086,0.468,s8-30,0
8,2113901,0.641,s8-31,0
8,2251973,0.289,s8-32,0
8,2297048,0.38,s8-33,0
8,2312518,0.666,s8-34,0
8,2337750,0.0493,s8-35,0
8,2357637,0.0851,s8-36,0
8,2389967,0.413,s8-37,0
8,2403088,0.136,s8-38,0
8,2419539,0.992,s8-39,0
8,2424079,0.171,s8-40,0
8,2469929,0.048,s8-41,0
8,2475963,0.842,s8-42,0
8,2496951,0.0949,s8-43,0
8,2509156,0.69,s8-44,0
8,2565042,0.666,s8-45,0
8,2639810,0.839,s8-46,0
8,2758208,0.251,s8-47,0
8,2823580,0.558,s8-48,0
8,2883972,0.171,s8-49,0
8,2919029,0.458,s8-50,0
8,3022085,0.0589,s8-51,0
8,3068023,0.705,s8-52,0
8,3489626,0.697,s8-53,0
8,3543346,0.551,s8-54,0
8,3583884,0.685,s8-55,0
8,3608965,0.367,s8-56,0
8,3641496,0.973,s8-57,0
8,3698548,0.58,s8-58,0
8,3718174,0.939,s8-59,0
8,3731929,0.848,s8-60,0
8,3749696,0.231,s8-61,0
8,3835773,0.834,s8-62,0
8,3838197,0.59,s8-63,0
8,3934944,0.109,s8-64,0
8,3992205,0.0423,s8-65,0
8,4217157,0.965,s8-66,0
8,4293751,0.284,s8-67,0
8,4356206,0.929,s8-68,0
8,4393522,0.335,s8-69,0
8,4423262,0.444,s8-70,0
8,4465348,0.814,s8-71,0
8,4480223,0.374,s8-72,0
8,4514419,0.174,s8-73,0
8,4791174,0.273,s8-74,0
8,4859205,0.27,s8-75,0
8,4984677,0.63,s8-76,0
8,5156485,0.237,s8-77,0
8,5159744,0.805,s8-78,0
8,5316812,0.274,s8-79,0
8,5356345,0.92,s8-80,0
8,5408362,0.0375,s8-81,0
8,5428034,0.132,s8-82,0
8,5435581,0.48,s8-83,0
8,5477043,0.557,s8-84,0
8,5488667,0.526,s8-85,0
8,5531542,0.148,s8-86,0
8,5558528,0.814,s8-87,0
8,5573746,0.568,s8-88,0
8,5584197,0.728,s8-89,0
8,5715266,0.147,s8-90,0
8,5721126,0.919,s8-91,0
8,5819911,0.878,s8-92,0
8,6118600,0.01,s8-93,0
8,6158999,0.947,s8-94,0
8,6248984,0.365,s8-95,0
8,6262158,0.173,s8-96,0
8,6320311,0.71,s8-97,0
8,6332593,0.99,s8-98,0
8,6342712,0.269,s8-99,0
8,6479569,0.165,s8-100,0
8,6548492,0.771,s8-101,0
8,6552527,0.338,s8-102,0
8,6773054,0.0253,s8-103,0
8,6798568,0.264,s8-104,0
8,6843217,0.959,s8-105,0
8,6850253,0.71,s8-106,0
8,6864060,0.088,s8-107,0
8,6914074,0.551,s8-108,0
8,6951272,0.262,s8-109,0
8,7036916,0.912,s8-110,0
8,7074391,0.879,s8-111,0
8,7132732,0.636,s8-112,0
8,7142776,0.374,s8-113,0
8,7200271,0.0116,s8-114,0
8,7209926,0.58,s8-115,0
8,7318602,0.449,s8-116,0
8,7354199,0.733,s8-117,0
8,7355806,0.794,s8-118,0
8,7360257,0.617,s8-119,0
8,7374017,0.0408,s8-120,0
8,7502674,0.382,s8-121,0
8,7510596,0.425,s8-122,0
8,7511692,0.438,s8-123,0
8,7565695,0.298,s8-124,0
8,7607564,0.233,s8-125,0
8,7728413,0.324,s8-126,0
8,7766271,0.994,s8-127,0
8,7833701,0.403,s8-128,0
8,7841638,0.588,s8-129,0
8,7905020,0.149,s8-130,0
8,7936411,0.146,s8-131,0
8,7936441,0.0768,s8-132,0
8,7945446,0.671,s8-133,0
8,7946146,0.992,s8-134,0
8,8160832,0.807,s8-135,0
8,8195681,0.0333,s8-136,0
8,8254750,0.0316,s8-137,0
8,8351942,0.859,s8-138,0
8,8446213,0.625,s8-139,0
8,8449767,0.363,s8-140,0
8,8496261,0.0947,s8-141,0
8,8514882,0.937,s8-142,0
8,8550792,0.633,s8-143,0
8,8615801,0.305,s8-144,0
8,8687264,0.604,s8-145,0
8,8728655,0.982,s8-146,0
8,8739416,0.475,s8-147,0
8,8778248,0.00225,s8-148,0
8,8818636,0.867,s8-149,0
8,8818984,0.382,s8-150,0
8,8836755,0.894,s8-151,0
8,8895110,0.844,s8-152,0
8,8990346,0.164,s8-153,0
8,9002474,0.13,s8-154,0
8,9027161,0.458,s8-155,0
8,9045671,0.0548,s8-156,0
8,9063720,0.472,s8-157,0
8,9154308,0.212,s8-158,0
8,9269002,0.986,s8-159,0
8,9301613,0.738,s8-160,0
8,9330167,0.142,s8-161,0
8,9335288,0.917,s8-162,0
8,9362425,0.0797,s8-163,0
8,9377318,0.35,s8-164,0
8,9398093,0.437,s8-165,0
8,9424989,0.473,s8-166,0
8,9481498,0.98,s8-167,0
8,9540847,0.992,s8-168,0
8,9549834,0.803,s8-169,0
8,9645640,0.619,s8-170,0
8,9668247,0.00516,s8-171,0
8,9686360,0.409,s8-172,0
8,9724426,0.102,s8-173,0
8,9761001,0.431,s8-174,0
8,9763655,0.28,s8-175,0
8,9782413,0.0236,s8-176,0
8,9797192,0.948,s8-177,0
8,9823102,0.0344,s8-178,0
8,9835616,0.691,s8-179,0
8,9842353,0.715,s8-180,0
8,9857913,0.153,s8-181,0
8,9906302,0.487,s8-182,0
8,10007686,0.397,s8-183,0
8,10110302,0.767,s8-184,0
8,10138173,0.812,s8-185,0
8,10173580,0.583,s8-186,0
8,10265395,0.527,s8-187,0
8,10373378,0.571,s8-188,0
8,10375008,0.23,s8-189,0
8,10467499,0.0654,s8-190,0
8,10560061,0.798,s8-191,0
8,10592581,0.912,s8-192,0
8,10618232,0.841,s8-193,0
8,10632879,0.539,s8-194,0
8,10731974,0.403,s8-195,0
8,10821800,0.928,s8-196,0
8,10863523,0.865,s8-197,0
8,10962725,0.927,s8-198,0
8,10986159,0.263,s8-199,0
8,11009940,0.0624,s8-200,0
8,11071393,0.0484,s8-201,0
8,11085785,0.313,s8-202,0
8,11096401,0.632,s8-203,0
8,11098705,0.666,s8-204,0
8,11196769,0.222,s8-205,0
8,11223408,0.0562,s8-206,0
8,11275663,0.457,s8-207,0
8,11368452,0.942,s8-208,0
8,11461837,0.854,s8-209,0
8,11477316,0.249,s8-210,0
8,11499796,0.273,s8-211,0
8,11528615,0.533,s8-212,0
8,11552646,0.85,s8-213,0
8,11570557,0.68,s8-214,0
8,11606490,0.696,s8-215,0
8,11765895,0.967,s8-216,0
8,11841601,0.152,s8-217,0
8,11873618,0.736,s8-218,0
8,11950422,0.0343,s8-219,0
8,12048214,0.702,s8-220,0
8,12064363,0.916,s8-221,0
8,12088711,0.211,s8-222,0
8,12096734,0.989,s8-223,0
8,12150625,0.819,s8-224,0
8,12256688,0.101,s8-225,0
8,12305855,0.137,s8-226,0
8,12372120,0.618,s8-227,0
8,12472710,0.587,s8-228,0
8,12496815,0.953,s8-229,0
8,12557524,0.486,s8-230,0
8,12606639,0.418,s8-231,0
8,12647160,0.43,s8-232,0
8,12665809,0.319,s8-233,0
8,12727160,0.848,s8-234,0
8,12847866,0.507,s8-235,0
8,12855010,0.677,s8-236,0
8,12865076,0.264,s8-237,0
8,12876763,0.313,s8-238,0
8,12885331,0.537,s8-239,0
8,12954382,0.476,s8-240,0
8,12957698,0.541,s8-241,0
8,13053269,0.012,s8-242,0
8,13100541,0.997,s8-243,0
8,13113054,0.912,s8-244,0
8,13130111,0.738,s8-245,0
8,13136271,0.0623,s8-246,0
8,13186528,0.1,s8-247,0
8,13204584,0.758,s8-248,0
8,13212233,0.209,s8-249,0
8,13215722,0.98,s8-250,0
8,13232631,0.66,s8-251,0
8,13264339,0.54,s8-252,0
8,13385702,0.878,s8-253,0
8,13412589,0.382,s8-254,0
8,13420017,0.608,s8-255,0
8,13496021,0.642,s8-256,0
8,13541379,0.976,s8-257,0
8,13612795,0.476,s8-258,0
8,13624355,0.604,s8-259,0
8,13664377,0.215,s8-260,0
8,13704634,0.589,s8-261,0
8,13720481,0.156,s8-262,0
8,13756391,0.708,s8-263,0
8,14020958,0.122,s8-264,0
8,14108648,0.396,s8-265,0
8,14169407,0.487,s8-266,0
8,14201361,0.144,s8-267,0
8,14306860,0.56,s8-268,0
8,14359269,0.364,s8-269,0
8,14398398,0.803,s8-270,0
8,14437976,0.599,s8-271,0
8,14440571,0.396,s8-272,0
8,14498235,0.903,s8-273,0
8,14554127,0.00516,s8-274,0
8,14556254,0.986,s8-275,0
8,14770833,0.111,s8-276,0
8,14859856,0.994,s8-277,0
8,14916096,0.0746,s8-278,0
8,14981815,0.134,s8-279,0
8,14988268,0.156,s8-280,0
8,15084587,0.705,s8-281,0
8,15142160,0.34,s8-282,0
8,15181828,0.0327,s8-283,0
8,15249409,0.932,s8-284,0
8,15335249,0.181,s8-285,0
8,15356043,0.531,s8-286,0
8,15589153,0.407,s8-287,0
8,15590928,0.276,s8-288,0
8,15603984,0.726,s8-289,0
8,15616440,0.0773,s8-290,0
8,15631114,0.00789,s8-291,0
8,15650336,0.779,s8-292,0
8,15708960,0.739,s8-293,0
8,15715766,0.937,s8-294,0
8,15826497,0.845,s8-295,0
8,15872740,0.772,s8-296,0
8,16062663,0.993,s8-297,0
8,16075122,0.963,s8-298,0
8,16090716,0.255,s8-299,0
8,16117340,0.44,s8-300,0
8,16161608,0.523,s8-301,0
8,16167116,0.282,s8-302,0
8,16173617,0.968,s8-303,0
8,16198561,0.132,s8-304,0
8,16217531,0.123,s8-305,0
8,16388415,0.715,s8-306,0
8,16544280,0.941,s8-307,0
8,16547595,0.967,s8-308,0
8,16554391,0.428,s8-309,0
8,16725024,0.88,s8-310,0
8,16740606,0.0188,s8-311,0
8,16838478,0.707,s8-312,0
8,16848266,0.204,s8-313,0
8,16894798,0.366,s8-314,0
8,16916020,0.43,s8-315,0
8,16995237,0.448,s8-316,0
8,17004397,0.902,s8-317,0
8,17183642,0.763,s8-318,0
8,17187853,0.994,s8-319,0
8,17194262,0.658,s8-320,0
8,17205631,0.832,s8-321,0
8,17268462,0.424,s8-322,0
8,17298176,0.983,s8-323,0
8,17366550,0.637,s8-324,0
8,17448573,0.367,s8-325,0
8,17451418,0.685,s8-326,0
8,17459939,0.125,s8-327,0
8,17559321,0.387,s8-328,0
8,17564665,0.347,s8-329,0
8,17594513,0.0104,s8-330,0
8,17638161,0.267,s8-331,0
8,17649561,0.0423,s8-332,0
8,17806091,0.219,s8-333,0
8,17834334,0.807,s8-334,0
8,17911088,0.786,s8-335,0
8,17953060,0.43,s8-336,0
8,18014908,0.637,s8-337,0
8,18142641,0.717,s8-338,0
8,18180778,0.733,s8-339,0
8,18207116,0.934,s8-340,0
8,18230249,0.76,s8-341,0
8,18267766,0.678,s8-342,0
8,18286587,0.268,s8-343,0
8,18462111,0.706,s8-344,0
8,18467740,0.173,s8-345,0
8,18589389,0.66,s8-346,0
8,18661029,0.419,s8-347,0
8,18716575,0.749,s8-348,0
8,18864315,0.967,s8-349,0
8,18914587,0.0749,s8-350,0
8,18983661,0.208,s8-351,0
8,18992224,0.587,s8-352,0
8,19002470,0.742,s8-353,0
8,19078826,0.422,s8-354,0
8,19143264,0.695,s8-355,0
8,19173365,0.0435,s8-356,0
8,19182848,0.861,s8-357,0
8,19198571,0.3,s8-358,0
8,19241193,0.652,s8-359,0
8,19243751,0.724,s8-360,0
8,19268751,0.634,s8-361,0
8,19459254,0.383,s8-362,0
8,19506247,0.0905,s8-363,0
8,19536825,0.286,s8-364,0
8,19650251,0.36,s8-365,0
8,19686636,0.99,s8-366,0
8,19770590,0.272,s8-367,0
8,19776138,0.348,s8-368,0
8,19960748,0.0933,s8-369,0
8,20130717,0.788,s8-370,0
8,20163106,0.65,s8-371,0
8,20166985,0.335,s8-372,0
8,20176252,0.102,s8-373,0
8,20193019,0.685,s8-374,0
8,20233814,0.0157,s8-375,0
8,20236579,0.632,s8-376,0
8,20242168,0.563,s8-377,0
8,20282450,0.362,s8-378,0
8,20336690,0.918,s8-379,0
8,20384072,0.659,s8-380,0
8,20407200,0.326,s8-381,0
8,20421923,0.0321,s8-382,0
8,20436064,0.913,s8-383,0
8,20528602,0.185,s8-384,0
8,20557775,0.328,s8-385,0
8,20611808,0.789,s8-386,0
8,20620237,0.19,s8-387,0
8,20663863,0.8,s8-388,0
8,20683826,0.978,s8-389,0
8,20736465,0.545,s8-390,0
8,20748323,0.71,s8-391,0
8,20870863,0.568,s8-392,0
8,20977091,0.224,s8-393,0
8,20999628,0.638,s8-394,0
8,21053248,0.186,s8-395,0
8,21163312,0.842,s8-396,0
8,21171568,0.703,s8-397,0
8,21431525,0.42,s8-398,0
8,21475865,0.244,s8-399,0
8,21545730,0.929,s8-400,0
8,21743839,0.44,s8-401,0
8,21763360,0.0187,s8-402,0
8,21853437,0.588,s8-403,0
8,21923130,0.0704,s8-404,0
8,22009380,0.541,s8-405,0
8,22025793,0.433,s8-406,0
8,22107383,0.381,s8-407,0
8,22123583,0.639,s8-408,0
8,22134668,0.331,s8-409,0
8,22134872,0.279,s8-410,0
8,22184247,0.575,s8-411,0
8,22185733,0.0769,s8-412,0
8,22238627,0.633,s8-413,0
8,22311695,0.125,s8-414,0
8,22337496,0.461,s8-415,0
8,22390907,0.694,s8-416,0
8,22400937,0.824,s8-417,0
8,22451892,0.932,s8-418,0
8,22535223,0.312,s8-419,0
8,22548480,0.565,s8-420,0
8,22558297,0.043,s8-421,0
8,22697713,0.717,s8-422,0
8,22698103,0.594,s8-423,0
8,22768518,0.91,s8-424,0
8,22779495,0.679,s8-425,0
8,22904565,0.312,s8-426,0
8,23104210,0.474,s8-427,0
8,23160290,0.597,s8-428,0
8,23210692,0.779,s8-429,0
8,23246375,0.324,s8-430,0
8,23384231,0.513,s8-431,0
8,23470101,0.47,s8-432,0
8,23488063,0.352,s8-433,0
8,23495873,0.378,s8-434,0
8,23592123,0.776,s8-435,0
8,23621798,0.985,s8-436,0
8,23652388,0.466,s8-437,0
8,23668903,0.6,s8-438,0
8,23780282,0.817,s8-439,0
8,23780855,0.633,s8-440,0
8,23784063,0.386,s8-441,0
8,23799893,0.921,s8-442,0
8,23836701,0.79,s8-443,0
8,23890852,0.918,s8-444,0
8,23907681,0.267,s8-445,0
8,23943143,0.373,s8-446,0
8,24032300,0.734,s8-447,0
8,24146882,0.725,s8-448,0
8,24157737,0.527,s8-449,0
8,24206182,0.863,s8-450,0
8,24357382,0.226,s8-451,0
8,24365516,0.216,s8-452,0
8,24388617,0.887,s8-453,0
8,24421352,0.184,s8-454,0
8,24508874,0.376,s8-455,0
8,24518194,0.907,s8-456,0
8,24537640,0.432,s8-457,0
8,24577171,0.0182,s8-458,0
8,24583388,0.0329,s8-459,0
8,24865395,0.0329,s8-460,0
8,24909842,0.635,s8-461,0
8,24931352,0.0568,s8-462,0
8,25035206,0.927,s8-463,0
8,25071177,0.889,s8-464,0
8,25136494,0.381,s8-465,0
8,25150169,0.111,s8-466,0
8,25172130,0.162,s8-467,0
8,25217213,0.401,s8-468,0
8,25236878,0.843,s8-469,0
8,25264583,0.181,s8-470,0
8,25380361,0.487,s8-471,0
8,25387480,0.95,s8-472,0
8,25388706,0.751,s8-473,0
8,25453563,0.289,s8-474,0
8,25467905,0.856,s8-475,0
8,25480985,0.15,s8-476,0
8,25503654,0.751,s8-477,0
8,25518726,0.89,s8-478,0
8,25535148,0.0799,s8-479,0
8,25687883,0.306,s8-480,0
8,25733570,0.714,s8-481,0
8,25814694,0.673,s8-482,0
8,25835827,0.253,s8-483,0
8,25988615,0.822,s8-484,0
8,26124784,0.454,s8-485,0
8,26142229,0.318,s8-486,0
8,26184710,0.0902,s8-487,0
8,26189404,0.885,s8-488,0
8,26378572,0.605,s8-489,0
8,26388411,0.659,s8-490,0
8,26447298,0.113,s8-491,0
8,26532352,0.358,s8-492,0
8,26614550,0.137,s8-493,0
8,26625917,0.133,s8-494,0
8,26642778,0.865,s8-495,0
8,26650912,0.793,s8-496,0
8,26675499,0.423,s8-497,0
8,26681681,0.401,s8-498,0
8,26740274,0.958,s8-499,0
8,26742579,0.644,s8-500,0
8,26766102,0.172,s8-501,0
8,26871103,0.176,s8-502,0
8,26946422,0.338,s8-503,0
8,27016806,0.94,s8-504,0
8,27104136,0.431,s8-505,0
8,27201973,0.121,s8-506,0
8,27371827,0.676,s8-507,0
8,27468032,0.357,s8-508,0
8,27525309,0.333,s8-509,0
8,27556768,0.908,s8-510,0
8,27633169,0.467,s8-511,0
8,27636590,0.794,s8-512,0
8,27684624,0.765,s8-513,0
8,27703616,0.784,s8-514,0
8,27717715,0.0522,s8-515,0
8,27771657,0.973,s8-516,0
8,27806679,0.741,s8-517,0
8,27820669,0.137,s8-518,0
8,27902466,0.605,s8-519,0
8,27957267,0.929,s8-520,0
9,7281,0.77,s9-1,0
9,25805,0.153,s9-2,0
9,48491,0.131,s9-3,0
9,172874,0.819,s9-4,0
9,330752,0.829,s9-5,0
9,379280,0.976,s9-6,0
9,400849,0.283,s9-7,0
9,416683,0.00769,s9-8,0
9,418159,0.985,s9-9,0
9,458373,0.622,s9-10,0
9,527559,0.974,s9-11,0
9,534050,0.979,s9-12,0
9,546761,0.931,s9-13,0
9,645518,0.0225,s9-14,0
9,696974,0.945,s9-15,0
9,703534,0.154,s9-16,0
9,720699,0.000438,s9-17,0
9,730004,0.0697,s9-18,0
9,739325,0.271,s9-19,0
9,866567,0.312,s9-20,0
9,914556,0.461,s9-21,0
9,943818,0.929,s9-22,0
9,947086,0.14,s9-23,0
9,954784,0.033,s9-24,0
9,994340,0.311,s9-25,0
9,998963,0.114,s9-26,0
9,1016008,0.41,s9-27,0
9,1032302,0.605,s9-28,0
9,1069995,0.0717,s9-29,0
9,1104367,0.692,s9-30,0
9,1107888,0.242,s9-31,0
9,1118086,0.87,s9-32,0
9,1198100,0.678,s9-33,0
9,1343797,0.305,s9-34,0
9,1393732,0.455,s9-35,0
9,1492499,0.412,s9-36,0
9,1501331,0.164,s9-37,0
9,1510116,0.517,s9-38,0
9,1567262,0.606,s9-39,0
9,1578578,0.0547,s9-40,0
9,1642337,0.154,s9-41,0
9,1644994,0.788,s9-42,0
9,1670668,0.175,s9-43,0
9,1732124,0.37,s9-44,0
9,1771773,0.714,s9-45,0
9,1879867,0.239,s9-46,0
9,1908570,0.973,s9-47,0
9,1981219,0.043,s9-48,0
9,1986503,0.407,s9-49,0
9,2016043,0.965,s9-50,0
9,2030335,0.766,s9-51,0
9,2043657,0.905,s9-52,0
9,2087005,0.884,s9-53,0
9,2097000,0.407,s9-54,0
9,2245565,0.324,s9-55,0
9,2255893,0.504,s9-56,0
9,2297327,0.963,s9-57,0
9,2348528,0.345,s9-58,0
9,2367074,0.651,s9-59,0
9,2381605,0.0867,s9-60,0
9,2419846,0.641,s9-61,0
9,2501880,0.377,s9-62,0
9,2514993,0.176,s9-63,0
9,2524999,0.503,s9-64,0
9,2525785,0.388,s9-65,0
9,2554786,0.387,s9-66,0
9,2645921,0.196,s9-67,0
9,2689769,0.841,s9-68,0
9,2816941,0.752,s9-69,0
9,2833121,0.517,s9-70,0
9,2837903,0.0653,s9-71,0
9,2891590,0.782,s9-72,0
9,2896433,0.782,s9-73,0
9,2978628,0.503,s9-74,0
9,2990807,0.964,s9-75,0
9,2996903,0.633,s9-76,0
9,3019995,0.511,s9-77,0
9,3037391,0.771,s9-78,0
9,3040297,0.505,s9-79,0
9,3053632,0.51,s9-80,0
9,3077342,0.885,s9-81,0
9,3100693,0.792,s9-82,0
9,3155833,0.24,s9-83,0
9,3193984,0.477,s9-84,0
9,3219031,0.115,s9-85,0
9,3225813,0.0826,s9-86,0
9,3242259,0.704,s9-87,0
9,3256650,0.551,s9-88,0
9,3293873,0.955,s9-89,0
9,3303181,0.826,s9-90,0
9,3309519,0.116,s9-91,0
9,3475615,0.687,s9-92,0
9,3508721,0.611,s9-93,0
9,3582844,0.0939,s9-94,0
9,3607935,0.598,s9-95,0
9,3643307,0.495,s9-96,0
9,3679862,0.738,s9-97,0
9,3737813,0.874,s9-98,0
9,3875818,0.593,s9-99,0
9,3917426,0.437,s9-100,0
9,3928922,0.578,s9-101,0
9,4028620,0.784,s9-102,0
9,4088379,0.892,s9-103,0
9,4103373,0.144,s9-104,0
9,4160507,0.493,s9-105,0
9,4204843,0.16,s9-106,0
9,4395643,0.283,s9-107,0
9,4411038,0.051,s9-108,0
9,4421602,0.546,s9-109,0
9,4464232,0.0241,s9-110,0
9,4518368,0.198,s9-111,0
9,4526926,0.86,s9-112,0
9,4623103,0.611,s9-113,0
9,4627927,0.03,s9-114,0
9,4684366,0.428,s9-115,0
9,4723522,0.367,s9-116,0
9,4765841,0.654,s9-117,0
9,4766738,0.756,s9-118,0
9,4775183,0.575,s9-119,0
9,4810524,0.769,s9-120,0
9,4824535,0.0929,s9-121,0
9,4825383,0.889,s9-122,0
9,4929107,0.126,s9-123,0
9,4948652,0.0205,s9-124,0
9,4951244,0.32,s9-125,0
9,5012661,0.83,s9-126,0
9,5028660,0.616,s9-127,0
9,5034158,0.539,s9-128,0
9,5070304,0.12,s9-129,0
9,5143617,0.949,s9-130,0
9,5145859,0.6,s9-131,0
9,5174314,0.369,s9-132,0
9,5190807,0.284,s9-133,0
9,5259958,0.356,s9-134,0
9,5420858,0.502,s9-135,0
9,5450275,0.828,s9-136,0
9,5457017,0.333,s9-137,0
9,5495961,0.772,s9-138,0
9,5536274,0.725,s9-139,0
9,5565004,0.279,s9-140,0
9,5611166,0.0698,s9-141,0
9,5622619,0.877,s9-142,0
9,5672125,0.694,s9-143,0
9,5706940,0.601,s9-144,0
9,5720725,0.535,s9-145,0
9,5773946,0.573,s9-146,0
9,5887563,0.866,s9-147,0
9,5915219,0.934,s9-148,0
9,5918296,0.0874,s9-149,0
9,5923269,0.933,s9-150,0
9,5991021,0.679,s9-151,0
9,6032161,0.881,s9-152,0
9,6069130,0.984,s9-153,0
9,6097840,0.146,s9-154,0
9,6147765,0.862,s9-155,0
9,6200944,0.673,s9-156,0
9,6213225,0.292,s9-157,0
9,6492269,0.172,s9-158,0
9,6533636,0.905,s9-159,0
9,6690788,0.194,s9-160,0
9,6840002,0.321,s9-161,0
9,6846905,0.547,s9-162,0
9,6850025,0.335,s9-163,0
9,6913264,0.359,s9-164,0
9,6915149,0.105,s9-165,0
9,6944812,0.477,s9-166,0
9,6972738,0.56,s9-167,0
9,6999423,0.645,s9-168,0
9,7029751,0.704,s9-169,0
9,7036035,0.185,s9-170,0
9,7058506,0.0609,s9-171,0
9,7087580,0.137,s9-172,0
9,7136419,0.677,s9-173,0
9,7170331,0.758,s9-174,0
9,7190358,0.649,s9-175,0
9,7218967,0.364,s9-176,0
9,7285676,0.841,s9-177,0
9,7509382,0.344,s9-178,0
9,7568400,0.775,s9-179,0
9,7596442,0.252,s9-180,0
9,7696530,0.458,s9-181,0
9,7787896,0.0854,s9-182,0
9,7818491,0.681,s9-183,0
9,7835951,0.768,s9-184,0
9,7838625,0.618,s9-185,0
9,8074767,0.24,s9-186,0
9,8127812,0.654,s9-187,0
9,8151914,0.0467,s9-188,0
9,8161593,0.519,s9-189,0
9,8254620,0.836,s9-190,0
9,8359258,0.148,s9-191,0
9,8378029,0.447,s9-192,0
9,8551558,0.355,s9-193,0
9,8564140,0.535,s9-194,0
9,8572635,0.443,s9-195,0
9,8696134,0.932,s9-196,0
9,8717633,0.674,s9-197,0
9,8792093,0.152,s9-198,0
9,8841286,0.57,s9-199,0
9,8921547,0.517,s9-200,0
9,8938276,0.102,s9-201,0
9,9088347,0.338,s9-202,0
9,9099591,0.197,s9-203,0
9,9115265,0.45,s9-204,0
9,9149465,0.535,s9-205,0
9,9149554,0.348,s9-206,0
9,9160491,0.332,s9-207,0
9,9189175,0.778,s9-208,0
9,9354377,0.651,s9-209,0
9,9374760,0.567,s9-210,0
9,9378874,0.0394,s9-211,0
9,9391475,0.446,s9-212,0
9,9401859,0.864,s9-213,0
9,9405574,0.949,s9-214,0
9,9542535,0.944,s9-215,0
9,9582702,0.336,s9-216,0
9,9687623,0.0514,s9-217,0
9,9703408,0.106,s9-218,0
9,9710017,0.54,s9-219,0
9,9745064,0.658,s9-220,0
9,9767295,0.665,s9-221,0
9,9787315,0.533,s9-222,0
9,9832211,0.0313,s9-223,0
9,9854769,0.999,s9-224,0
9,9904410,0.00457,s9-225,0
9,9912286,0.38,s9-226,0
9,9913092,0.229,s9-227,0
9,9925408,0.383,s9-228,0
9,9949290,0.108,s9-229,0
9,10065129,0.671,s9-230,0
9,10106622,0.257,s9-231,0
9,10108664,0.924,s9-232,0
9,10119600,0.49,s9-233,0
9,10132088,0.694,s9-234,0
9,10182615,0.112,s9-235,0
9,10273619,0.695,s9-236,0
9,10294090,0.326,s9-237,0
9,10321121,0.0659,s9-238,0
9,10365561,0.518,s9-239,0
9,10374939,0.189,s9-240,0
9,10391899,0.425,s9-241,0
9,10408936,0.998,s9-242,0
9,10496553,0.982,s9-243,0
9,10514681,0.999,s9-244,0
9,10524945,0.404,s9-245,0
9,10776991,0.896,s9-246,0
9,10781133,0.803,s9-247,0
9,10784276,0.143,s9-248,0
9,10911959,0.193,s9-249,0
9,10915497,0.408,s9-250,0
9,10922748,0.000207,s9-251,0
9,10924860,0.362,s9-252,0
9,10943058,0.442,s9-253,0
9,11013189,0.514,s9-254,0
9,11048622,0.88,s9-255,0
9,11056851,0.59,s9-256,0
9,11142716,0.00413,s9-257,0
9,11145088,0.27,s9-258,0
9,11190388,0.125,s9-259,0
9,11202652,0.521,s9-260,0
9,11235507,0.628,s9-261,0
9,11300215,0.427,s9-262,0
9,11358276,0.784,s9-263,0
9,11399138,0.308,s9-264,0
9,11423011,0.534,s9-265,0
9,11494438,0.356,s9-266,0
9,11510302,0.767,s9-267,0
9,11523857,0.977,s9-268,0
9,11539315,0.868,s9-269,0
9,11635236,0.527,s9-270,0
9,11686610,0.249,s9-271,0
9,11696354,0.0451,s9-272,0
9,11697912,0.237,s9-273,0
9,11707577,0.827,s9-274,0
9,11720422,0.384,s9-275,0
9,11737532,0.792,s9-276,0
9,11985092,0.605,s9-277,0
9,11996072,0.17,s9-278,0
9,12025743,0.236,s9-279,0
9,12109800,0.606,s9-280,0
9,12175563,0.479,s9-281,0
9,12176537,0.612,s9-282,0
9,12176557,0.711,s9-283,0
9,12183154,0.654,s9-284,0
9,12236141,0.717,s9-285,0
9,12429142,0.963,s9-286,0
9,12438702,0.223,s9-287,0
9,12475947,0.849,s9-288,0
9,12544095,0.376,s9-289,0
9,12560784,0.302,s9-290,0
9,12598256,0.901,s9-291,0
9,12626860,0.0186,s9-292,0
9,12637209,0.504,s9-293,0
9,12664384,0.969,s9-294,0
9,12693704,0.639,s9-295,0
9,12738708,0.791,s9-296,0
9,12793365,0.11,s9-297,0
9,12819406,0.956,s9-298,0
9,12846988,0.747,s9-299,0
9,12862367,0.164,s9-300,0
9,12874211,0.745,s9-301,0
9,12881650,0.479,s9-302,0
9,12916718,0.592,s9-303,0
9,13029837,0.102,s9-304,0
9,13031689,0.595,s9-305,0
9,13037907,0.366,s9-306,0
9,13049056,0.475,s9-307,0
9,13054826,0.319,s9-308,0
9,13064976,0.145,s9-309,0
9,13117049,0.284,s9-310,0
9,13120557,0.44,s9-311,0
9,13152019,0.464,s9-312,0
9,13195913,0.52,s9-313,0
9,13218355,0.161,s9-314,0
9,13232442,0.447,s9-315,0
9,13288093,0.87,s9-316,0
9,13364433,0.817,s9-317,0
9,13425889,0.475,s9-318,0
9,13521346,0.175,s9-319,0
9,13552586,0.636,s9-320,0
9,13563973,0.819,s9-321,0
9,13609556,0.711,s9-322,0
9,13654475,0.873,s9-323,0
9,13790461,0.66,s9-324,0
9,13832749,0.75,s9-325,0
9,13866742,0.442,s9-326,0
9,13901734,0.18,s9-327,0
9,13902773,0.543,s9-328,0
9,13939490,0.651,s9-329,0
9,14009304,0.771,s9-330,0
9,14108705,0.0821,s9-331,0
9,14139813,0.888,s9-332,0
9,14258358,0.26,s9-333,0
9,14265655,0.858,s9-334,0
9,14272719,0.377,s9-335,0
9,14397242,0.412,s9-336,0
9,14425622,0.615,s9-337,0
9,14470909,0.147,s9-338,0
9,14513735,0.823,s9-339,0
9,14577436,0.807,s9-340,0
9,14602863,0.701,s9-341,0
9,14720296,0.486,s9-342,0
9,14799094,0.122,s9-343,0
9,14871606,0.408,s9-344,0
9,14896111,0.697,s9-345,0
9,14959486,0.278,s9-346,0
9,15056787,0.823,s9-347,0
9,15057722,0.013,s9-348,0
9,15157744,0.255,s9-349,0
9,15183324,0.917,s9-350,0
9,15294610,0.685,s9-351,0
9,15316554,0.576,s9-352,0
9,15347052,0.85,s9-353,0
9,15403317,0.901,s9-354,0
9,15523076,0.282,s9-355,0
9,15655664,0.358,s9-356,0
9,15724874,0.935,s9-357,0
9,15733457,0.314,s9-358,0
9,15774278,0.0372,s9-359,0
9,15909238,0.0231,s9-360,0
9,15909786,0.143,s9-361,0
9,16045513,0.385,s9-362,0
9,16210229,0.0536,s9-363,0
9,16232316,0.91,s9-364,0
9,16294324,0.351,s9-365,0
9,16335247,0.171,s9-366,0
9,16374774,0.0521,s9-367,0
9,16385832,0.29,s9-368,0
9,16416719,0.554,s9-369,0
9,16543482,0.689,s9-370,0
9,16640077,0.608,s9-371,0
9,16767249,0.216,s9-372,0
9,16771296,0.0227,s9-373,0
9,16780714,0.154,s9-374,0
9,16803879,0.537,s9-375,0
9,16805221,0.157,s9-376,0
9,16914925,0.651,s9-377,0
9,16943287,0.0496,s9-378,0
9,17040036,0.923,s9-379,0
9,17129046,0.525,s9-380,0
9,17207696,0.312,s9-381,0
9,17246269,0.0937,s9-382,0
9,17277449,0.826,s9-383,0
9,17445726,0.00284,s9-384,0
9,17489394,0.729,s9-385,0
9,17492504,0.257,s9-386,0
9,17495383,0.313,s9-387,0
9,17499104,0.136,s9-388,0
9,17500417,0.723,s9-389,0
9,17506044,0.0685,s9-390,0
9,17667343,0.0638,s9-391,0
9,17703874,0.484,s9-392,0
9,17730272,0.957,s9-393,0
9,17764260,0.859,s9-394,0
9,17786018,0.188,s9-395,0
9,17851973,0.21,s9-396,0
9,17854078,0.0206,s9-397,0
9,17942034,0.673,s9-398,0
9,17978404,0.472,s9-399,0
9,17984725,0.823,s9-400,0
9,18036693,0.792,s9-401,0
9,18058919,0.375,s9-402,0
9,18133231,0.971,s9-403,0
9,18192953,0.299,s9-404,0
9,18193121,0.917,s9-405,0
9,18344523,0.0725,s9-406,0
9,18403611,0.358,s9-407,0
9,18429205,0.256,s9-408,0
9,18436102,0.466,s9-409,0
9,18448718,0.841,s9-410,0
9,18457799,0.458,s9-411,0
9,18462170,0.477,s9-412,0
9,18557991,0.826,s9-413,0
9,18559438,0.828,s9-414,0
9,18559930,0.461,s9-415,0
9,18581093,0.339,s9-416,0
9,18666289,0.264,s9-417,0
9,18667368,0.107,s9-418,0
9,18668328,0.74,s9-419,0
9,18763905,0.659,s9-420,0
9,18858493,0.27,s9-421,0
9,18859384,0.14,s9-422,0
9,18884575,0.574,s9-423,0
9,19091867,0.58,s9-424,0
9,19105585,0.214,s9-425,0
9,19117500,0.755,s9-426,0
9,19122261,0.719,s9-427,0
9,19385385,0.6,s9-428,0
9,19442938,0.102,s9-429,0
9,19446987,0.916,s9-430,0
9,19458620,0.293,s9-431,0
9,19468281,0.108,s9-432,0
9,19516899,0.949,s9-433,0
9,19537323,0.949,s9-434,0
9,19548108,0.834,s9-435,0
9,19589317,0.48,s9-436,0
9,19603743,0.966,s9-437,0
9,19635680,0.481,s9-438,0
9,19647413,0.516,s9-439,0
9,19657927,0.02,s9-440,0
9,19699343,0.994,s9-441,0
9,19702565,0.735,s9-442,0
9,19728472,0.152,s9-443,0
9,19744211,0.674,s9-444,0
9,19751135,0.715,s9-445,0
9,19758906,0.668,s9-446,0
9,19791895,0.365,s9-447,0
9,19817806,0.332,s9-448,0
9,19826367,0.463,s9-449,0
9,19868148,0.982,s9-450,0
9,20016752,0.696,s9-451,0
9,20125816,0.462,s9-452,0
9,20133833,0.978,s9-453,0
9,20210202,0.0705,s9-454,0
9,20320326,0.467,s9-455,0
9,20470292,0.239,s9-456,0
9,20477723,0.695,s9-457,0
9,20567114,0.671,s9-458,0
9,20586720,0.929,s9-459,0
9,20594756,0.179,s9-460,0
9,20602826,0.977,s9-461,0
9,20622836,0.144,s9-462,0
9,20630611,0.0585,s9-463,0
9,20649652,0.64,s9-464,0
9,20652710,0.281,s9-465,0
9,20867487,0.67,s9-466,0
9,21007108,0.641,s9-467,0
9,21032450,0.159,s9-468,0
9,21047992,0.052,s9-469,0
9,21051861,0.319,s9-470,0
9,21080670,0.793,s9-471,0
9,21121486,0.152,s9-472,0
9,21151560,0.69,s9-473,0
9,21296729,0.928,s9-474,0
9,21309721,0.191,s9-475,0
9,21366736,0.109,s9-476,0
9,21367242,0.617,s9-477,0
9,21373365,0.618,s9-478,0
9,21383654,0.138,s9-479,0
9,21422113,0.41,s9-480,0
9,21428953,0.318,s9-481,0
9,21430518,0.813,s9-482,0
9,21478233,0.326,s9-483,0
9,21531828,0.987,s9-484,0
9,21594041,0.479,s9-485,0
9,21681386,0.842,s9-486,0
9,21731352,0.0718,s9-487,0
9,21756737,0.654,s9-488,0
9,21764645,0.0135,s9-489,0
9,21768327,0.522,s9-490,0
9,21800617,0.26,s9-491,0
9,21826088,0.245,s9-492,0
9,21847397,0.991,s9-493,0
9,21965009,0.663,s9-494,0
9,21966756,0.928,s9-495,0
9,21968001,0.57,s9-496,0
9,22001394,0.443,s9-497,0
9,22008230,0.319,s9-498,0
9,22073062,0.593,s9-499,0
9,22078877,0.0706,s9-500,0
9,22257368,0.512,s9-501,0
9,22264998,0.117,s9-502,0
9,22265658,0.449,s9-503,0
9,22347827,0.983,s9-504,0
9,22348048,0.166,s9-505,0
9,22375124,0.0034,s9-506,0
9,22424889,0.423,s9-507,0
9,22428709,0.186,s9-508,0
9,22539224,0.548,s9-509,0
9,22677929,0.431,s9-510,0
9,22687351,0.0103,s9-511,0
9,22703373,0.868,s9-512,0
9,22716482,0.984,s9-513,0
9,22737418,0.0072,s9-514,0
9,22775814,0.616,s9-515,0
9,22791237,0.362,s9-516,0
9,22883037,0.207,s9-517,0
9,22917239,0.622,s9-518,0
9,22919244,0.861,s9-519,0
9,22951748,0.0419,s9-520,0
10,3339,0.263,s10-1,0
10,69028,0.309,s10-2,0
10,113312,0.205,s10-3,0
10,116223,0.83,s10-4,0
10,121742,0.703,s10-5,0
10,216297,0.659,s10-6,0
10,226557,0.903,s10-7,0
10,271841,0.715,s10-8,0
10,355390,0.883,s10-9,0
10,371907,0.409,s10-10,0
10,444273,0.0588,s10-11,0
10,451141,0.246,s10-12,0
10,461770,0.171,s10-13,0
10,555791,0.454,s10-14,0
10,557456,0.72,s10-15,0
10,567842,0.461,s10-16,0
10,603851,0.508,s10-17,0
10,614702,0.229,s10-18,0
10,652923,0.953,s10-19,0
10,667574,0.0677,s10-20,0
10,759070,0.515,s10-21,0
10,824692,0.586,s10-22,0
10,919315,0.616,s10-23,0
10,952655,0.743,s10-24,0
10,1034421,0.539,s10-25,0
10,1084207,0.228,s10-26,0
10,1137396,0.247,s10-27,0
10,1147611,0.55,s10-28,0
10,1149362,0.221,s10-29,0
10,1165984,0.363,s10-30,0
10,1227784,0.319,s10-31,0
10,1285334,0.179,s10-32,0
10,1313201,0.181,s10-33,0
10,1316795,0.984,s10-34,0
10,1319605,0.189,s10-35,0
10,1359138,0.885,s10-36,0
10,1368783,0.12,s10-37,0
10,1447871,0.317,s10-38,0
10,1473872,0.748,s10-39,0
10,1559017,0.514,s10-40,0
10,1583027,0.325,s10-41,0
10,1593767,0.712,s10-42,0
10,1657479,0.986,s10-43,0
10,1698807,0.407,s10-44,0
10,1839756,0.223,s10-45,0
10,1865140,0.291,s10-46,0
10,1899464,0.101,s10-47,0
10,1910572,0.58,s10-48,0
10,1936493,0.636,s10-49,0
10,2009924,0.867,s10-50,0
10,2068404,0.43,s10-51,0
10,2085063,0.378,s10-52,0
10,2089088,0.251,s10-53,0
10,2090731,0.605,s10-54,0
10,2097610,0.593,s10-55,0
10,2150355,0.755,s10-56,0
10,2169628,0.474,s10-57,0
10,2193468,0.748,s10-58,0
10,2272334,0.282,s10-59,0
10,2284611,0.96,s10-60,0
10,2369897,0.972,s10-61,0
10,2390201,0.765,s10-62,0
10,2505943,0.453,s10-63,0
10,2534055,0.711,s10-64,0
10,2598474,0.712,s10-65,0
10,2696802,0.547,s10-66,0
10,2793770,0.364,s10-67,0
10,2979769,0.564,s10-68,0
10,2998040,0.254,s10-69,0
10,3006098,0.0516,s10-70,0
10,3017151,0.263,s10-71,0
10,3057649,0.318,s10-72,0
10,3126418,0.175,s10-73,0
10,3139644,0.00767,s10-74,0
10,3144447,0.749,s10-75,0
10,3154475,0.962,s10-76,0
10,3184361,0.251,s10-77,0
10,3212579,0.48,s10-78,0
10,3214091,0.296,s10-79,0
10,3218636,0.203,s10-80,0
10,3258274,0.629,s10-81,0
10,3264594,0.097,s10-82,0
10,3372839,0.463,s10-83,0
10,3418689,0.988,s10-84,0
10,3450899,0.025,s10-85,0
10,3471221,0.168,s10-86,0
10,3509165,0.942,s10-87,0
10,3588938,0.913,s10-88,0
10,3614087,0.582,s10-89,0
10,3652926,0.391,s10-90,0
10,3659905,0.567,s10-91,0
10,3667032,0.105,s10-92,0
10,3699079,0.239,s10-93,0
10,3709339,0.535,s10-94,0
10,3720076,0.89,s10-95,0
10,3737068,0.159,s10-96,0
10,3755229,0.712,s10-97,0
10,3762196,0.261,s10-98,0
10,3840536,0.772,s10-99,0
10,3847879,0.0478,s10-100,0
10,3870600,0.173,s10-101,0
10,3986847,0.754,s10-102,0
10,3995329,0.0389,s10-103,0
10,4040161,0.676,s10-104,0
10,4063990,0.364,s10-105,0
10,4142041,0.112,s10-106,0
10,4201961,0.248,s10-107,0
10,4256437,0.471,s10-108,0
10,4271394,0.137,s10-109,0
10,4281180,0.000514,s10-110,0
10,4285312,0.894,s10-111,0
10,4382851,0.921,s10-112,0
10,4396087,0.0171,s10-113,0
10,4545492,0.0751,s10-114,0
10,4548894,0.237,s10-115,0
10,4569315,0.0905,s10-116,0
10,4606319,0.238,s10-117,0
10,4649605,0.699,s10-118,0
10,4732364,0.442,s10-119,0
10,4737735,0.644,s10-120,0
10,4802027,0.993,s10-121,0
10,4828937,0.117,s10-122,0
10,4887032,0.513,s10-123,0
10,4907120,0.433,s10-124,0
10,4972642,0.876,s10-125,0
10,4976592,0.918,s10-126,0
10,5022516,0.425,s10-127,0
10,5024763,0.841,s10-128,0
10,5028487,0.941,s10-129,0
10,5072053,0.547,s10-130,0
10,5077334,0.0548,s10-131,0
10,5105291,0.355,s10-132,0
10,5115711,0.564,s10-133,0
10,5218161,0.617,s10-134,0
10,5220690,0.0196,s10-135,0
10,5251349,0.121,s10-136,0
10,5330916,0.748,s10-137,0
10,5344282,0.874,s10-138,0
10,5370801,0.368,s10-139,0
10,5438619,0.495,s10-140,0
10,5486477,0.994,s10-141,0
10,5530710,0.0158,s10-142,0
10,5548159,0.277,s10-143,0
10,5550209,0.615,s10-144,0
10,5557711,0.731,s10-145,0
10,5568293,0.207,s10-146,0
10,5599063,0.545,s10-147,0
10,5689140,0.508,s10-148,0
10,5689447,0.384,s10-149,0
10,5740159,0.103,s10-150,0
10,5740355,0.46,s10-151,0
10,5807245,0.149,s10-152,0
10,5960459,0.348,s10-153,0
10,6136430,0.683,s10-154,0
10,6184478,0.125,s10-155,0
10,6352184,0.0813,s10-156,0
10,6408452,0.23,s10-157,0
10,6418932,0.891,s10-158,0
10,6433810,0.448,s10-159,0
10,6455613,0.615,s10-160,0
10,6463664,0.279,s10-161,0
10,6465843,0.695,s10-162,0
10,6621705,0.0725,s10-163,0
10,6658083,0.301,s10-164,0
10,6698253,0.994,s10-165,0
10,6743783,0.159,s10-166,0
10,6799090,0.826,s10-167,0
10,6806221,0.00784,s10-168,0
10,6858315,0.313,s10-169,0
10,7115154,0.587,s10-170,0
10,7147481,0.785,s10-171,0
10,7152294,0.0304,s10-172,0
10,7381771,0.699,s10-173,0
10,7401210,0.673,s10-174,0
10,7438134,0.307,s10-175,0
10,7455270,0.891,s10-176,0
10,7477584,0.8,s10-177,0
10,7613935,0.78,s10-178,0
10,7625833,0.23,s10-179,0
10,7636888,0.607,s10-180,0
10,7668795,0.794,s10-181,0
10,7727815,0.432,s10-182,0
10,7755233,0.898,s10-183,0
10,7833519,0.804,s10-184,0
10,7868937,0.68,s10-185,0
10,7938807,0.248,s10-186,0
10,7981993,0.16,s10-187,0
10,8030659,0.524,s10-188,0
10,8050049,0.432,s10-189,0
10,8088604,0.679,s10-190,0
10,8159034,0.501,s10-191,0
10,8273434,0.809,s10-192,0
10,8328328,0.0783,s10-193,0
10,8358913,0.426,s10-194,0
10,8463286,0.381,s10-195,0
10,8524461,0.0995,s10-196,0
10,8584376,0.683,s10-197,0
10,8617574,0.231,s10-198,0
10,8686915,0.475,s10-199,0
10,8701776,0.263,s10-200,0
10,8711389,0.537,s10-201,0
10,8744543,0.553,s10-202,0
10,8828767,0.614,s10-203,0
10,8850446,0.415,s10-204,0
10,8864939,0.789,s10-205,0
10,8880811,0.0277,s10-206,0
10,8914169,0.446,s10-207,0
10,9010598,0.484,s10-208,0
10,9039314,0.0112,s10-209,0
10,9049613,0.385,s10-210,0
10,9089843,0.943,s10-211,0
10,9110203,0.484,s10-212,0
10,9121609,0.397,s10-213,0
10,9128230,0.856,s10-214,0
10,9146293,0.865,s10-215,0
10,9148570,0.212,s10-216,0
10,9173779,0.0861,s10-217,0
10,9176344,0.579,s10-218,0
10,9273716,0.839,s10-219,0
10,9297577,0.35,s10-220,0
10,9384577,0.884,s10-221,0
10,9402693,0.708,s10-222,0
10,9449980,0.743,s10-223,0
10,9502329,0.574,s10-224,0
10,9590792,0.665,s10-225,0
10,9625360,0.789,s10-226,0
10,9688451,0.681,s10-227,0
10,9697967,0.641,s10-228,0
10,9723531,0.0452,s10-229,0
10,9863099,0.843,s10-230,0
10,9896612,0.0545,s10-231,0
10,9905978,0.61,s10-232,0
10,9994047,0.322,s10-233,0
10,10098760,0.461,s10-234,0
10,10131040,0.157,s10-235,0
10,10140870,0.951,s10-236,0
10,10194631,0.858,s10-237,0
10,10319759,0.844,s10-238,0
10,10366437,0.0209,s10-239,0
10,10386678,0.148,s10-240,0
10,10421590,0.815,s10-241,0
10,10442241,0.578,s10-242,0
10,10460992,0.776,s10-243,0
10,10566750,0.774,s10-244,0
10,10580327,0.828,s10-245,0
10,10608098,0.112,s10-246,0
10,10670069,0.0531,s10-247,0
10,10680457,0.72,s10-248,0
10,10705646,0.0682,s10-249,0
10,10776092,0.51,s10-250,0
10,10867890,0.749,s10-251,0
10,10875019,0.402,s10-252,0
10,10931188,0.599,s10-253,0
10,11012478,0.904,s10-254,0
10,11020600,0.618,s10-255,0
10,11039972,0.0919,s10-256,0
10,11115357,0.708,s10-257,0
10,11179376,0.34,s10-258,0
10,11257434,0.936,s10-259,0
10,11270041,0.375,s10-260,0
10,11282988,0.23,s10-261,0
10,11300259,0.102,s10-262,0
10,11330416,0.367,s10-263,0
10,11346835,0.4,s10-264,0
10,11346921,0.195,s10-265,0
10,11477177,0.822,s10-266,0
10,11500408,0.195,s10-267,0
10,11560567,0.162,s10-268,0
10,11614981,0.968,s10-269,0
10,11667857,0.63,s10-270,0
10,11775945,0.569,s10-271,0
10,11776294,0.698,s10-272,0
10,11800060,0.253,s10-273,0
10,11882261,0.549,s10-274,0
10,11888580,0.53,s10-275,0
10,11923197,0.984,s10-276,0
10,11923469,0.23,s10-277,0
10,12026891,0.689,s10-278,0
10,12163144,0.65,s10-279,0
10,12170758,0.212,s10-280,0
10,12186119,0.266,s10-281,0
10,12234183,0.584,s10-282,0
10,12279118,0.401,s10-283,0
10,12343795,0.362,s10-284,0
10,12387762,0.278,s10-285,0
10,12451648,0.0784,s10-286,0
10,12456330,0.592,s10-287,0
10,12480587,0.373,s10-288,0
10,12506400,0.194,s10-289,0
10,12538725,0.749,s10-290,0
10,12692251,0.785,s10-291,0
10,12720046,0.907,s10-292,0
10,12792278,0.138,s10-293,0
10,12833960,0.722,s10-294,0
10,12848843,0.217,s10-295,0
10,12869025,0.184,s10-296,0
10,12912280,0.427,s10-297,0
10,12947754,0.397,s10-298,0
10,12960700,0.26,s10-299,0
10,13001793,0.665,s10-300,0
10,13028344,0.879,s10-301,0
10,13117916,0.749,s10-302,0
10,13118623,0.515,s10-303,0
10,13178092,0.324,s10-304,0
10,13257382,0.194,s10-305,0
10,13315627,0.113,s10-306,0
10,13323980,0.764,s10-307,0
10,13384790,0.851,s10-308,0
10,13430582,0.522,s10-309,0
10,13534403,0.198,s10-310,0
10,13565545,0.238,s10-311,0
10,13589263,0.906,s10-312,0
10,13668523,0.225,s10-313,0
10,13768766,0.963,s10-314,0
10,13770690,0.0877,s10-315,0
10,13787893,0.997,s10-316,0
10,13873326,0.51,s10-317,0
10,13985969,0.604,s10-318,0
10,14020393,0.135,s10-319,0
10,14037226,0.641,s10-320,0
10,14039608,0.606,s10-321,0
10,14057611,0.661,s10-322,0
10,14058636,0.467,s10-323,0
10,14171146,0.366,s10-324,0
10,14221808,0.719,s10-325,0
10,14242563,0.239,s10-326,0
10,14309846,0.454,s10-327,0
10,14351942,0.238,s10-328,0
10,14358585,0.518,s10-329,0
10,14404318,0.453,s10-330,0
10,14431191,0.19,s10-331,0
10,14439576,0.121,s10-332,0
10,14545190,0.416,s10-333,0
10,14574001,0.505,s10-334,0
10,14580929,0.82,s10-335,0
10,14595829,0.212,s10-336,0
10,14647794,0.611,s10-337,0
10,14691597,0.384,s10-338,0
10,14738692,0.785,s10-339,0
10,14754613,0.218,s10-340,0
10,14836564,0.374,s10-341,0
10,14904001,0.147,s10-342,0
10,15032247,0.175,s10-343,0
10,15158161,0.374,s10-344,0
10,15166563,0.147,s10-345,0
10,15218642,0.347,s10-346,0
10,15220923,0.237,s10-347,0
10,15283771,0.488,s10-348,0
10,15318046,0.756,s10-349,0
10,15383212,0.408,s10-350,0
10,15406682,0.596,s10-351,0
10,15426975,0.388,s10-352,0
10,15462954,0.292,s10-353,0
10,15618573,0.229,s10-354,0
10,15638900,0.679,s10-355,0
10,15686967,0.882,s10-356,0
10,15707470,0.317,s10-357,0
10,15733831,0.451,s10-358,0
10,15755812,0.771,s10-359,0
10,15816339,0.0884,s10-360,0
10,15823740,0.662,s10-361,0
10,15867494,0.856,s10-362,0
10,15962428,0.9,s10-363,0
10,15967185,0.487,s10-364,0
10,15978733,0.21,s10-365,0
10,16064204,0.808,s10-366,0
10,16415874,0.162,s10-367,0
10,16454993,0.358,s10-368,0
10,16529474,0.927,s10-369,0
10,16671164,0.734,s10-370,0
10,16712667,0.00862,s10-371,0
10,16741894,0.613,s10-372,0
10,16744168,0.351,s10-373,0
10,16782236,0.413,s10-374,0
10,16807451,0.864,s10-375,0
10,16872686,0.865,s10-376,0
10,16896275,0.182,s10-377,0
10,16900840,0.578,s10-378,0
10,16926590,0.395,s10-379,0
10,16937648,0.585,s10-380,0
10,17029798,0.498,s10-381,0
10,17145233,0.687,s10-382,0
10,17156938,0.00118,s10-383,0
10,17207250,0.21,s10-384,0
10,17248666,0.292,s10-385,0
10,17275074,0.768,s10-386,0
10,17285376,0.0979,s10-387,0
10,17339050,0.687,s10-388,0
10,17341856,0.435,s10-389,0
10,17373859,0.705,s10-390,0
10,17403987,0.335,s10-391,0
10,17470876,0.752,s10-392,0
10,17480426,0.879,s10-393,0
10,17498147,0.577,s10-394,0
10,17531774,0.764,s10-395,0
10,17584191,0.044,s10-396,0
10,17623267,0.032,s10-397,0
10,17638473,0.868,s10-398,0
10,17652286,0.86,s10-399,0
10,17664053,0.866,s10-400,0
10,17745776,0.195,s10-401,0
10,17759882,0.645,s10-402,0
10,17789276,0.541,s10-403,0
10,17868460,0.803,s10-404,0
10,17929840,0.205,s10-405,0
10,18019507,0.251,s10-406,0
10,18080736,0.925,s10-407,0
10,18113003,0.101,s10-408,0
10,18130993,0.872,s10-409,0
10,18163249,0.937,s10-410,0
10,18217670,0.292,s10-411,0
10,18234805,0.525,s10-412,0
10,18240741,0.0729,s10-413,0
10,18247646,0.0449,s10-414,0
10,18363289,0.485,s10-415,0
10,18399323,0.764,s10-416,0
10,18412483,0.106,s10-417,0
10,18508252,0.399,s10-418,0
10,18515092,0.00371,s10-419,0
10,18558462,0.465,s10-420,0
10,18594297,0.31,s10-421,0
10,18651761,0.143,s10-422,0
10,18744285,0.546,s10-423,0
10,18766861,0.29,s10-424,0
10,18771202,0.413,s10-425,0
10,18777472,0.834,s10-426,0
10,18798844,0.781,s10-427,0
10,18815221,0.677,s10-428,0
10,18815448,0.126,s10-429,0
10,18870128,0.203,s10-430,0
10,18922902,0.185,s10-431,0
10,18946850,0.0115,s10-432,0
10,18973140,0.839,s10-433,0
10,19001397,0.855,s10-434,0
10,19034058,0.93,s10-435,0
10,19064984,0.636,s10-436,0
10,19256528,0.513,s10-437,0
10,19261555,0.994,s10-438,0
10,19296735,0.948,s10-439,0
10,19318475,0.799,s10-440,0
10,19345595,0.174,s10-441,0
10,19396087,0.525,s10-442,0
10,19400135,0.762,s10-443,0
10,19420776,0.636,s10-444,0
10,19422421,0.936,s10-445,0
10,19436087,0.709,s10-446,0
10,19517181,0.516,s10-447,0
10,19580475,0.0758,s10-448,0
10,19605313,0.846,s10-449,0
10,19609454,0.27,s10-450,0
10,19680555,0.454,s10-451,0
10,19703653,0.556,s10-452,0
10,19724257,0.242,s10-453,0
10,19795629,0.797,s10-454,0
10,19886783,0.798,s10-455,0
10,19935235,0.13,s10-456,0
10,20034652,0.737,s10-457,0
10,20063226,0.697,s10-458,0
10,20163263,0.454,s10-459,0
10,20252920,0.716,s10-460,0
10,20317195,0.624,s10-461,0
10,20323466,0.21,s10-462,0
10,20341808,0.472,s10-463,0
10,20397163,0.853,s10-464,0
10,20564257,0.125,s10-465,0
10,20643454,0.814,s10-466,0
10,20697127,0.38,s10-467,0
10,20730361,0.341,s10-468,0
10,20768383,0.00568,s10-469,0
10,20797256,0.733,s10-470,0
10,20943900,0.926,s10-471,0
10,20959366,0.121,s10-472,0
10,20964001,0.727,s10-473,0
10,20983257,0.791,s10-474,0
10,21001542,0.442,s10-475,0
10,21007850,0.82,s10-476,0
10,21016277,0.189,s10-477,0
10,21085735,0.145,s10-478,0
10,21117997,0.34,s10-479,0
10,21126805,0.879,s10-480,0
10,21155983,0.267,s10-481,0
10,21163942,0.341,s10-482,0
10,21214084,0.429,s10-483,0
10,21240547,0.774,s10-484,0
10,21371497,0.0877,s10-485,0
10,21432734,0.917,s10-486,0
10,21433478,0.712,s10-487,0
10,21486780,0.798,s10-488,0
10,21495412,0.855,s10-489,0
10,21527602,0.262,s10-490,0
10,21555843,0.495,s10-491,0
10,21572111,0.608,s10-492,0
10,21614192,0.967,s10-493,0
10,21663946,0.724,s10-494,0
10,21725811,0.778,s10-495,0
10,21781967,0.394,s10-496,0
10,21847687,0.207,s10-497,0
10,21939545,0.974,s10-498,0
10,21966183,0.882,s10-499,0
10,22007839,0.781,s10-500,0
10,22059071,0.514,s10-501,0
10,22194725,0.709,s10-502,0
10,22242212,0.977,s10-503,0
10,22344802,0.16,s10-504,0
10,22354243,0.277,s10-505,0
10,22382358,0.498,s10-506,0
10,22419441,0.67,s10-507,0
10,22423279,0.32,s10-508,0
10,22484544,0.843,s10-509,0
10,22594246,0.366,s10-510,0
10,22596214,0.956,s10-511,0
10,22630158,0.14,s10-512,0
10,22636091,0.658,s10-513,0
10,22650421,0.596,s10-514,0
10,22666986,0.802,s10-515,0
10,22725436,0.618,s10-516,0
10,22787191,0.984,s10-517,0
10,22801924,0.451,s10-518,0
10,22924436,0.0741,s10-519,0
10,22928469,0.615,s10-520,0
11,99146,0.717,s11-1,0
11,115566,0.117,s11-2,0
11,147531,0.57,s11-3,0
11,205250,0.195,s11-4,0
11,338856,0.214,s11-5,0
11,343299,0.306,s11-6,0
11,348143,0.684,s11-7,0
11,638880,0.512,s11-8,0
11,800355,0.338,s11-9,0
11,811165,0.0737,s11-10,0
11,835496,0.85,s11-11,0
11,971183,0.35,s11-12,0
11,978488,0.784,s11-13,0
11,1045820,0.809,s11-14,0
11,1160873,0.446,s11-15,0
11,1201572,0.369,s11-16,0
11,1297752,0.336,s11-17,0
11,1323355,0.89,s11-18,0
11,1390834,0.961,s11-19,0
11,1535291,0.123,s11-20,0
11,1537627,0.667,s11-21,0
11,1569871,0.743,s11-22,0
11,1596251,0.279,s11-23,0
11,1602524,0.985,s11-24,0
11,1666765,0.124,s11-25,0
11,1730081,0.909,s11-26,0
11,1730808,0.255,s11-27,0
11,1753441,0.374,s11-28,0
11,1807100,0.735,s11-29,0
11,1821415,0.975,s11-30,0
11,1878883,0.0723,s11-31,0
11,1890090,0.479,s11-32,0
11,1944184,0.907,s11-33,0
11,2001179,0.818,s11-34,0
11,2331329,0.0197,s11-35,0
11,2335273,0.369,s11-36,0
11,2410760,0.991,s11-37,0
11,2458677,0.407,s11-38,0
11,2529060,0.881,s11-39,0
11,2562763,0.494,s11-40,0
11,2667801,0.366,s11-41,0
11,2709398,0.129,s11-42,0
11,2739103,0.171,s11-43,0
11,2746949,0.991,s11-44,0
11,2841957,0.409,s11-45,0
11,2842788,0.178,s11-46,0
11,2945114,0.334,s11-47,0
11,2961882,0.212,s11-48,0
11,3012116,0.247,s11-49,0
11,3142947,0.657,s11-50,0
11,3229885,0.132,s11-51,0
11,3231905,0.719,s11-52,0
11,3288100,0.112,s11-53,0
11,3379900,0.368,s11-54,0
11,3427775,0.18,s11-55,0
11,3573281,0.262,s11-56,0
11,3641917,0.762,s11-57,0
11,3688814,0.24,s11-58,0
11,3829058,0.0127,s11-59,0
11,3861525,0.0271,s11-60,0
11,3884022,0.067,s11-61,0
11,3938045,0.0338,s11-62,0
11,3938400,0.0717,s11-63,0
11,3939278,0.0213,s11-64,0
11,3982981,0.0217,s11-65,0
11,4093544,0.0197,s11-66,0
11,4148634,0.00301,s11-67,0
11,4221082,0.00351,s11-68,0
11,4414209,9.3e-05,s11-69,0
11,4524964,3.02e-05,s11-70,0
11,4538507,2.36e-05,s11-71,0
11,4549082,2.71e-06,s11-72,0
11,4647239,3.27e-06,s11-73,0
11,4707277,2.56e-05,s11-74,0
11,4927695,0.00302,s11-75,0
11,4946249,0.0069,s11-76,0
11,4948442,0.00419,s11-77,0
11,4953341,0.00199,s11-78,0
11,4954727,0.001,s11-79,0
11,5074685,0.00642,s11-80,0
11,5083863,0.012,s11-81,0
11,5112101,0.0202,s11-82,0
11,5123902,0.0659,s11-83,0
11,5154672,0.0106,s11-84,0
11,5217810,0.0178,s11-85,0
11,5248197,0.0272,s11-86,0
11,5267683,0.00921,s11-87,0
11,5300644,0.013,s11-88,0
11,5328229,0.0335,s11-89,0
11,5333013,0.0578,s11-90,0
11,5408626,0.419,s11-91,0
11,5408632,0.887,s11-92,0
11,5411625,0.0379,s11-93,0
11,5421972,0.707,s11-94,0
11,5521122,0.64,s11-95,0
11,5521140,0.827,s11-96,0
11,5524299,0.488,s11-97,0
11,5725810,0.405,s11-98,0
11,5908203,0.51,s11-99,0
11,5940558,0.299,s11-100,0
11,5944997,0.469,s11-101,0
11,5986412,0.264,s11-102,0
11,6039126,0.502,s11-103,0
11,6058129,0.822,s11-104,0
11,6064885,0.889,s11-105,0
11,6116984,0.267,s11-106,0
11,6163930,0.87,s11-107,0
11,6270905,0.212,s11-108,0
11,6287351,0.614,s11-109,0
11,6300038,0.857,s11-110,0
11,6323665,0.204,s11-111,0
11,6461251,0.887,s11-112,0
11,6675794,0.0334,s11-113,0
11,6699191,0.135,s11-114,0
11,6758183,0.131,s11-115,0
11,6758918,0.0735,s11-116,0
11,6797335,0.871,s11-117,0
11,6815287,0.747,s11-118,0
11,6823202,0.515,s11-119,0
11,6844965,0.125,s11-120,0
11,6845556,0.716,s11-121,0
11,6852974,0.279,s11-122,0
11,6931148,0.884,s11-123,0
11,6990615,0.655,s11-124,0
11,7027337,0.366,s11-125,0
11,7035957,0.888,s11-126,0
11,7062878,0.112,s11-127,0
11,7085114,0.103,s11-128,0
11,7120362,0.362,s11-129,0
11,7121855,0.113,s11-130,0
11,7173229,0.394,s11-131,0
11,7173587,0.382,s11-132,0
11,7269231,0.773,s11-133,0
11,7285547,0.279,s11-134,0
11,7288991,0.182,s11-135,0
11,7303659,0.277,s11-136,0
11,7342541,0.718,s11-137,0
11,7373427,0.545,s11-138,0
11,7425205,0.71,s11-139,0
11,7461839,0.0686,s11-140,0
11,7550670,0.987,s11-141,0
11,7551576,0.118,s11-142,0
11,7591975,0.405,s11-143,0
11,7766367,0.758,s11-144,0
11,7835273,0.803,s11-145,0
11,7840234,0.148,s11-146,0
11,7928798,0.479,s11-147,0
11,7938438,0.471,s11-148,0
11,8224301,0.529,s11-149,0
11,8316275,0.677,s11-150,0
11,8325865,0.778,s11-151,0
11,8380090,0.918,s11-152,0
11,8392082,0.887,s11-153,0
11,8613051,0.448,s11-154,0
11,8628433,0.972,s11-155,0
11,8667807,0.235,s11-156,0
11,8796429,0.83,s11-157,0
11,8829818,0.938,s11-158,0
11,8859437,0.855,s11-159,0
11,8891961,0.441,s11-160,0
11,8917616,0.909,s11-161,0
11,8941972,0.261,s11-162,0
11,9018174,0.316,s11-163,0
11,9123589,0.168,s11-164,0
11,9129386,0.335,s11-165,0
11,9181314,0.344,s11-166,0
11,9205515,0.661,s11-167,0
11,9247107,0.101,s11-168,0
11,9273156,0.371,s11-169,0
11,9298419,0.579,s11-170,0
11,9306210,0.705,s11-171,0
11,9679770,0.323,s11-172,0
11,9710265,0.939,s11-173,0
11,9799933,0.181,s11-174,0
11,9887711,0.0445,s11-175,0
11,9906908,0.823,s11-176,0
11,9924404,0.642,s11-177,0
11,10018809,0.264,s11-178,0
11,10053998,0.34,s11-179,0
11,10055121,0.479,s11-180,0
11,10117824,0.524,s11-181,0
11,10289811,0.278,s11-182,0
11,10289883,0.596,s11-183,0
11,10342342,0.374,s11-184,0
11,10385142,0.119,s11-185,0
11,10393738,0.236,s11-186,0
11,10414261,0.117,s11-187,0
11,10421046,0.0331,s11-188,0
11,10421112,0.309,s11-189,0
11,10444912,0.331,s11-190,0
11,10462037,0.893,s11-191,0
11,10478837,0.414,s11-192,0
11,10481288,0.211,s11-193,0
11,10542688,0.633,s11-194,0
11,10795684,0.554,s11-195,0
11,10829286,0.835,s11-196,0
11,10848714,0.103,s11-197,0
11,10852130,0.477,s11-198,0
11,10909450,0.828,s11-199,0
11,11004140,0.244,s11-200,0
11,11050602,0.0741,s11-201,0
11,11073913,0.722,s11-202,0
11,11130450,0.152,s11-203,0
11,11195464,0.858,s11-204,0
11,11231471,0.864,s11-205,0
11,11351261,0.0372,s11-206,0
11,11416580,0.357,s11-207,0
11,11472477,0.954,s11-208,0
11,11563683,0.0563,s11-209,0
11,11607362,0.492,s11-210,0
11,11638273,0.767,s11-211,0
11,11657558,0.648,s11-212,0
11,11678433,0.957,s11-213,0
11,11823877,0.616,s11-214,0
11,11873716,0.932,s11-215,0
11,11963502,0.807,s11-216,0
11,12023181,0.496,s11-217,0
11,12024506,0.442,s11-218,0
11,12035397,0.122,s11-219,0
11,12042254,0.437,s11-220,0
11,12112672,0.565,s11-221,0
11,12275846,0.698,s11-222,0
11,12318455,0.0442,s11-223,0
11,12384025,0.521,s11-224,0
11,12418788,0.974,s11-225,0
11,12449918,0.593,s11-226,0
11,12455295,0.0531,s11-227,0
11,12752243,0.638,s11-228,0
11,12792097,0.961,s11-229,0
11,12865080,0.548,s11-230,0
11,12871530,0.28,s11-231,0
11,12967919,0.813,s11-232,0
11,12970956,0.171,s11-233,0
11,13212962,0.461,s11-234,0
11,13218571,0.336,s11-235,0
11,13235915,0.862,s11-236,0
11,13239418,0.717,s11-237,0
11,13255153,0.624,s11-238,0
11,13374095,0.223,s11-239,0
11,13537761,0.279,s11-240,0
11,13627155,0.809,s11-241,0
11,13742155,0.207,s11-242,0
11,13773515,0.446,s11-243,0
11,13844633,0.278,s11-244,0
11,13858571,0.00218,s11-245,0
11,13934348,0.315,s11-246,0
11,13961990,0.485,s11-247,0
11,13989414,0.0913,s11-248,0
11,14026357,0.571,s11-249,0
11,14093576,0.904,s11-250,0
11,14116780,0.261,s11-251,0
11,14130265,0.291,s11-252,0
11,14161021,0.657,s11-253,0
11,14190771,0.207,s11-254,0
11,14204593,0.966,s11-255,0
11,14305331,0.903,s11-256,0
11,14350589,0.132,s11-257,0
11,14394964,0.326,s11-258,0
11,14406940,0.124,s11-259,0
11,14414917,0.603,s11-260,0
11,14451820,0.766,s11-261,0
11,14465849,0.772,s11-262,0
11,14467577,0.751,s11-263,0
11,14612169,0.0301,s11-264,0
11,14634812,0.722,s11-265,0
11,14639514,0.242,s11-266,0
11,14682388,0.626,s11-267,0
11,14824278,0.397,s11-268,0
11,14941913,0.0602,s11-269,0
11,14990367,0.0865,s11-270,0
11,15161035,0.239,s11-271,0
11,15161051,0.0369,s11-272,0
11,15249147,0.443,s11-273,0
11,15286066,0.476,s11-274,0
11,15289914,0.843,s11-275,0
11,15336117,0.577,s11-276,0
11,15360369,0.341,s11-277,0
11,15367928,0.768,s11-278,0
11,15437633,0.9,s11-279,0
11,15449455,0.378,s11-280,0
11,15543337,0.81,s11-281,0
11,15574338,0.032,s11-282,0
11,15604892,0.643,s11-283,0
11,15667664,0.434,s11-284,0
11,15748231,0.702,s11-285,0
11,15816160,0.211,s11-286,0
11,15820258,0.742,s11-287,0
11,15948469,0.882,s11-288,0
11,15986358,0.841,s11-289,0
11,16062715,0.516,s11-290,0
11,16199688,0.2,s11-291,0
11,16364383,0.51,s11-292,0
11,16366088,0.255,s11-293,0
11,16373349,0.289,s11-294,0
11,16376627,0.745,s11-295,0
11,16400534,0.129,s11-296,0
11,16401490,0.526,s11-297,0
11,16441023,0.499,s11-298,0
11,16471656,0.679,s11-299,0
11,16488902,0.443,s11-300,0
11,16519251,0.492,s11-301,0
11,16569312,0.561,s11-302,0
11,16724476,0.8,s11-303,0
11,16784114,0.622,s11-304,0
11,16847250,0.525,s11-305,0
11,16847308,0.237,s11-306,0
11,16881103,0.319,s11-307,0
11,16882612,0.773,s11-308,0
11,16934981,0.0644,s11-309,0
11,16954460,0.203,s11-310,0
11,17059707,0.683,s11-311,0
11,17208399,0.162,s11-312,0
11,17295347,0.645,s11-313,0
11,17328572,0.106,s11-314,0
11,17346828,0.251,s11-315,0
11,17360156,0.291,s11-316,0
11,17433044,0.0272,s11-317,0
11,17463220,0.198,s11-318,0
11,17508912,0.851,s11-319,0
11,17537977,0.406,s11-320,0
11,17655175,0.307,s11-321,0
11,17716202,0.777,s11-322,0
11,17725024,0.972,s11-323,0
11,17828672,0.753,s11-324,0
11,17882354,0.412,s11-325,0
11,17980128,0.104,s11-326,0
11,18074965,0.499,s11-327,0
11,18095907,0.899,s11-328,0
11,18141309,0.213,s11-329,0
11,18246614,0.988,s11-330,0
11,18254630,0.168,s11-331,0
11,18329471,0.853,s11-332,0
11,18391488,0.216,s11-333,0
11,18401504,0.892,s11-334,0
11,18444865,0.235,s11-335,0
11,18534802,0.611,s11-336,0
11,18707693,0.517,s11-337,0
11,18919037,0.775,s11-338,0
11,18950338,0.728,s11-339,0
11,18962432,0.563,s11-340,0
11,18984440,0.881,s11-341,0
11,19053942,0.449,s11-342,0
11,19056053,0.413,s11-343,0
11,19142971,0.811,s11-344,0
11,19192235,0.496,s11-345,0
11,19282083,0.731,s11-346,0
11,19361338,0.145,s11-347,0
11,19465988,0.494,s11-348,0
11,19548231,0.461,s11-349,0
11,19630038,0.0333,s11-350,0
11,19828779,0.386,s11-351,0
11,19926522,0.729,s11-352,0
11,19932953,0.278,s11-353,0
11,20033103,0.0202,s11-354,0
11,20055278,0.176,s11-355,0
11,20151313,0.612,s11-356,0
11,20189658,0.0395,s11-357,0
11,20330083,0.802,s11-358,0
11,20362333,0.795,s11-359,0
11,20372503,0.044,s11-360,0
11,20406449,0.196,s11-361,0
11,20413981,0.0846,s11-362,0
11,20460947,0.0124,s11-363,0
11,20586822,0.00125,s11-364,0
11,20593109,0.523,s11-365,0
11,20691698,0.494,s11-366,0
11,20699132,0.674,s11-367,0
11,20810136,0.457,s11-368,0
11,20918524,0.6,s11-369,0
11,20932494,0.704,s11-370,0
11,20938054,0.372,s11-371,0
11,20944507,0.86,s11-372,0
11,20973307,0.745,s11-373,0
11,21078672,0.403,s11-374,0
11,21088381,0.185,s11-375,0
11,21106690,0.79,s11-376,0
11,21146631,0.897,s11-377,0
11,21174043,0.252,s11-378,0
11,21229309,0.554,s11-379,0
11,21241160,0.0955,s11-380,0
11,21242586,0.407,s11-381,0
11,21263387,0.453,s11-382,0
11,21284448,0.502,s11-383,0
11,21340548,0.253,s11-384,0
11,21368948,0.768,s11-385,0
11,21375861,0.114,s11-386,0
11,21394323,0.338,s11-387,0
11,21412325,0.259,s11-388,0
11,21422502,0.915,s11-389,0
11,21430128,0.452,s11-390,0
11,21540354,0.908,s11-391,0
11,21541968,0.064,s11-392,0
11,21614955,0.507,s11-393,0
11,21628765,0.608,s11-394,0
11,21644939,0.582,s11-395,0
11,21727929,0.438,s11-396,0
11,21862778,0.627,s11-397,0
11,21962507,0.242,s11-398,0
11,21966075,0.374,s11-399,0
11,21973228,0.633,s11-400,0
11,22004801,0.875,s11-401,0
11,22044069,0.13,s11-402,0
11,22286743,0.499,s11-403,0
11,22295659,0.52,s11-404,0
11,22305754,0.2,s11-405,0
11,22339991,0.513,s11-406,0
11,22364702,0.143,s11-407,0
11,22367226,0.951,s11-408,0
11,22390555,0.0948,s11-409,0
11,22390578,0.143,s11-410,0
11,22415538,0.468,s11-411,0
11,22415921,0.973,s11-412,0
11,22417050,0.854,s11-413,0
11,22441630,0.212,s11-414,0
11,22458082,0.284,s11-415,0
11,22554857,0.326,s11-416,0
11,22590197,0.179,s11-417,0
11,22601248,0.63,s11-418,0
11,22826019,0.288,s11-419,0
11,22924857,0.812,s11-420,0
11,22956631,0.495,s11-421,0
11,22991122,0.738,s11-422,0
11,23037226,0.352,s11-423,0
11,23066776,0.353,s11-424,0
11,23073616,0.304,s11-425,0
11,23155771,0.964,s11-426,0
11,23170222,0.388,s11-427,0
11,23205957,0.45,s11-428,0
11,23228438,0.0539,s11-429,0
11,23321008,0.209,s11-430,0
11,23330426,0.149,s11-431,0
11,23340111,0.898,s11-432,0
11,23341331,0.551,s11-433,0
11,23458576,0.324,s11-434,0
11,23615284,0.775,s11-435,0
11,23709813,0.137,s11-436,0
11,23722151,0.522,s11-437,0
11,23745169,0.167,s11-438,0
11,23990388,0.698,s11-439,0
11,24126039,0.61,s11-440,0
11,24162830,0.039,s11-441,0
11,24180678,0.945,s11-442,0
11,24208646,0.325,s11-443,0
11,24211253,0.897,s11-444,0
11,24319300,0.91,s11-445,0
11,24367377,0.713,s11-446,0
11,24388090,0.587,s11-447,0
11,24516916,0.288,s11-448,0
11,24591931,0.522,s11-449,0
11,24600313,0.342,s11-450,0
11,24781671,0.921,s11-451,0
11,24789192,0.829,s11-452,0
11,24852828,0.793,s11-453,0
11,24863421,0.137,s11-454,0
11,24902260,0.00778,s11-455,0
11,24929827,0.765,s11-456,0
11,25023581,0.999,s11-457,0
11,25067805,0.916,s11-458,0
11,25099066,0.205,s11-459,0
11,25147445,0.401,s11-460,0
11,25149846,0.74,s11-461,0
11,25160818,0.884,s11-462,0
11,25330977,0.675,s11-463,0
11,25372392,0.276,s11-464,0
11,25379951,0.135,s11-465,0
11,25458650,0.834,s11-466,0
11,25475727,0.103,s11-467,0
11,25518011,0.057,s11-468,0
11,25638737,0.675,s11-469,0
11,25744654,0.812,s11-470,0
11,25762912,0.724,s11-471,0
11,25780712,0.76,s11-472,0
11,25857615,0.367,s11-473,0
11,25920735,0.623,s11-474,0
11,25996182,0.0673,s11-475,0
11,26057820,0.761,s11-476,0
11,26065459,0.285,s11-477,0
11,26067488,0.711,s11-478,0
11,26234324,0.143,s11-479,0
11,26243106,0.461,s11-480,0
11,26255760,0.841,s11-481,0
11,26376705,0.00525,s11-482,0
11,26442176,0.336,s11-483,0
11,26587672,0.603,s11-484,0
11,26717203,0.867,s11-485,0
11,26801901,0.0771,s11-486,0
11,26851858,0.155,s11-487,0
11,26860988,0.757,s11-488,0
11,27003040,0.481,s11-489,0
11,27124035,0.397,s11-490,0
11,27138052,0.281,s11-491,0
11,27143255,0.0131,s11-492,0
11,27149015,0.00124,s11-493,0
11,27165352,0.416,s11-494,0
11,27227595,0.107,s11-495,0
11,27258218,0.342,s11-496,0
11,27411058,0.185,s11-497,0
11,27452747,0.132,s11-498,0
11,27491045,0.122,s11-499,0
11,27687595,0.309,s11-500,0
11,27730533,0.757,s11-501,0
11,27830624,0.965,s11-502,0
11,28088316,0.229,s11-503,0
11,28116606,0.874,s11-504,0
11,28154165,0.941,s11-505,0
11,28258971,0.288,s11-506,0
11,28291424,0.711,s11-507,0
11,28305352,0.128,s11-508,0
11,28368542,0.589,s11-509,0
11,28371810,0.66,s11-510,0
11,28452185,0.0574,s11-511,0
11,28542229,0.238,s11-512,0
11,28544400,0.0858,s11-513,0
11,28569645,0.913,s11-514,0
11,28660118,0.0119,s11-515,0
11,28794832,0.409,s11-516,0
11,28831029,0.0244,s11-517,0
11,28834810,0.68,s11-518,0
11,28839731,0.277,s11-519,0
11,28937311,0.877,s11-520,0
12,262,0.911,s12-1,0
12,10589,0.245,s12-2,0
12,53935,0.41,s12-3,0
12,85585,0.0395,s12-4,0
12,96078,0.237,s12-5,0
12,134878,0.0687,s12-6,0
12,139802,0.159,s12-7,0
12,149557,0.344,s12-8,0
12,163498,0.901,s12-9,0
12,290660,0.775,s12-10,0
12,323667,0.95,s12-11,0
12,343150,0.424,s12-12,0
12,390948,0.851,s12-13,0
12,462622,0.44,s12-14,0
12,749964,0.662,s12-15,0
12,771038,0.833,s12-16,0
12,902404,0.0858,s12-17,0
12,922183,0.726,s12-18,0
12,1044559,0.777,s12-19,0
12,1074651,0.807,s12-20,0
12,1301380,0.0778,s12-21,0
12,1311875,0.907,s12-22,0
12,1355937,0.474,s12-23,0
12,1412844,0.292,s12-24,0
12,1496017,0.0572,s12-25,0
12,1504466,0.521,s12-26,0
12,1565760,0.513,s12-27,0
12,1641285,0.226,s12-28,0
12,1656204,0.125,s12-29,0
12,1686926,0.95,s12-30,0
12,1708077,0.579,s12-31,0
12,1726317,0.999,s12-32,0
12,1824743,0.117,s12-33,0
12,1883738,0.589,s12-34,0
12,1894903,0.0186,s12-35,0
12,1935950,0.94,s12-36,0
12,1941408,0.507,s12-37,0
12,1961476,0.848,s12-38,0
12,1970371,0.617,s12-39,0
12,1974402,0.889,s12-40,0
12,2031137,0.989,s12-41,0
12,2056588,0.0971,s12-42,0
12,2069551,0.303,s12-43,0
12,2146200,0.109,s12-44,0
12,2250398,0.358,s12-45,0
12,2257088,0.138,s12-46,0
12,2400867,0.646,s12-47,0
12,2430269,0.622,s12-48,0
12,2473430,0.0638,s12-49,0
12,2634416,0.451,s12-50,0
12,2659161,0.288,s12-51,0
12,2668722,0.641,s12-52,0
12,2671765,0.502,s12-53,0
12,2692082,0.765,s12-54,0
12,2716147,0.351,s12-55,0
12,2831526,0.159,s12-56,0
12,2863669,0.785,s12-57,0
12,2878367,0.157,s12-58,0
12,2889869,0.242,s12-59,0
12,2918361,0.243,s12-60,0
12,2919311,0.0616,s12-61,0
12,3054952,0.0125,s12-62,0
12,3103389,0.788,s12-63,0
12,3110254,1,s12-64,0
12,3192418,0.832,s12-65,0
12,3269042,0.403,s12-66,0
12,3285948,0.938,s12-67,0
12,3320959,0.444,s12-68,0
12,3361844,0.375,s12-69,0
12,3482526,0.212,s12-70,0
12,3504258,0.784,s12-71,0
12,3527083,0.00648,s12-72,0
12,3545012,0.917,s12-73,0
12,3547215,0.58,s12-74,0
12,3651695,0.819,s12-75,0
12,3677700,0.878,s12-76,0
12,3763036,0.534,s12-77,0
12,3774606,0.278,s12-78,0
12,3799513,0.605,s12-79,0
12,3807752,0.0911,s12-80,0
12,3869502,0.422,s12-81,0
12,3899547,0.604,s12-82,0
12,3909197,0.341,s12-83,0
12,3945685,0.39,s12-84,0
12,4010955,0.742,s12-85,0
12,4011297,0.561,s12-86,0
12,4028310,0.769,s12-87,0
12,4058942,0.774,s12-88,0
12,4099587,0.654,s12-89,0
12,4142282,0.229,s12-90,0
12,4209960,0.284,s12-91,0
12,4244931,0.902,s12-92,0
12,4281020,0.144,s12-93,0
12,4387824,0.474,s12-94,0
12,4398780,0.384,s12-95,0
12,4454059,0.369,s12-96,0
12,4494628,0.736,s12-97,0
12,4518059,0.633,s12-98,0
12,4534700,0.118,s12-99,0
12,4535247,0.195,s12-100,0
12,4657694,0.783,s12-101,0
12,4686737,0.74,s12-102,0
12,4744454,0.0304,s12-103,0
12,4777838,0.881,s12-104,0
12,4879349,0.205,s12-105,0
12,4894010,0.264,s12-106,0
12,5044075,0.424,s12-107,0
12,5044917,0.55,s12-108,0
12,5062734,0.714,s12-109,0
12,5070852,0.474,s12-110,0
12,5075277,0.937,s12-111,0
12,5152266,0.621,s12-112,0
12,5166985,0.81,s12-113,0
12,5167812,0.36,s12-114,0
12,5227441,0.968,s12-115,0
12,5284370,0.121,s12-116,0
12,5359239,0.782,s12-117,0
12,5414516,0.29,s12-118,0
12,5459624,0.271,s12-119,0
12,5472245,0.834,s12-120,0
12,5509573,0.395,s12-121,0
12,5835280,0.08,s12-122,0
12,5915184,0.554,s12-123,0
12,5932060,0.0388,s12-124,0
12,6007750,0.858,s12-125,0
12,6018640,0.545,s12-126,0
12,6092257,0.198,s12-127,0
12,6103325,0.433,s12-128,0
12,6223448,0.701,s12-129,0
12,6230660,0.724,s12-130,0
12,6247321,0.482,s12-131,0
12,6392238,0.749,s12-132,0
12,6421412,0.408,s12-133,0
12,6426189,0.529,s12-134,0
12,6471482,0.962,s12-135,0
12,6481030,0.339,s12-136,0
12,6537785,0.423,s12-137,0
12,6591439,0.0768,s12-138,0
12,6666135,0.782,s12-139,0
12,6672663,0.0151,s12-140,0
12,6687804,0.928,s12-141,0
12,6729871,0.19,s12-142,0
12,6754124,0.478,s12-143,0
12,6768504,0.451,s12-144,0
12,6824198,0.48,s12-145,0
12,6917243,0.387,s12-146,0
12,6917840,0.543,s12-147,0
12,6944669,0.444,s12-148,0
12,6996802,0.458,s12-149,0
12,7028712,0.408,s12-150,0
12,7072539,0.97,s12-151,0
12,7235498,0.507,s12-152,0
12,7237088,0.757,s12-153,0
12,7273229,0.861,s12-154,0
12,7279622,0.74,s12-155,0
12,7280427,0.476,s12-156,0
12,7372746,0.424,s12-157,0
12,7405885,0.688,s12-158,0
12,7410385,0.879,s12-159,0
12,7438968,0.824,s12-160,0
12,7532608,0.124,s12-161,0
12,7586960,0.704,s12-162,0
12,7606714,0.977,s12-163,0
12,7715505,0.229,s12-164,0
12,7793848,0.221,s12-165,0
12,7806432,0.419,s12-166,0
12,7876844,0.978,s12-167,0
12,7916881,0.897,s12-168,0
12,7956878,0.505,s12-169,0
12,7982976,0.474,s12-170,0
12,8183530,0.891,s12-171,0
12,8210312,0.296,s12-172,0
12,8314818,0.402,s12-173,0
12,8386287,0.445,s12-174,0
12,8494006,0.0961,s12-175,0
12,8495243,0.969,s12-176,0
12,8518674,0.979,s12-177,0
12,8533614,0.603,s12-178,0
12,8562392,0.847,s12-179,0
12,8589156,0.606,s12-180,0
12,8663188,0.405,s12-181,0
12,8666406,0.0222,s12-182,0
12,8701488,0.835,s12-183,0
12,8702098,0.582,s12-184,0
12,8892909,0.238,s12-185,0
12,8905917,0.177,s12-186,0
12,9297214,0.127,s12-187,0
12,9326355,0.0292,s12-188,0
12,9389694,0.649,s12-189,0
12,9448945,0.573,s12-190,0
12,9449987,0.555,s12-191,0
12,9458417,0.524,s12-192,0
12,9483990,0.429,s12-193,0
12,9565954,0.302,s12-194,0
12,9629764,0.21,s12-195,0
12,9783947,0.837,s12-196,0
12,9788752,0.77,s12-197,0
12,9806600,0.0176,s12-198,0
12,9908585,0.836,s12-199,0
12,9914229,0.242,s12-200,0
12,10077493,0.89,s12-201,0
12,10095174,0.113,s12-202,0
12,10247777,0.787,s12-203,0
12,10312832,0.351,s12-204,0
12,10359236,0.948,s12-205,0
12,10365089,0.656,s12-206,0
12,10383181,0.0454,s12-207,0
12,10423868,0.501,s12-208,0
12,10434423,0.548,s12-209,0
12,10438314,0.507,s12-210,0
12,10507309,0.624,s12-211,0
12,10578305,0.49,s12-212,0
12,10622509,0.488,s12-213,0
12,10663284,0.373,s12-214,0
12,10736323,0.155,s12-215,0
12,10784477,0.103,s12-216,0
12,10803599,0.879,s12-217,0
12,10897760,0.811,s12-218,0
12,10976779,0.967,s12-219,0
12,11078196,0.0368,s12-220,0
12,11106840,0.0702,s12-221,0
12,11168768,0.817,s12-222,0
12,11208791,0.456,s12-223,0
12,11276263,0.721,s12-224,0
12,11318100,0.069,s12-225,0
12,11389454,0.405,s12-226,0
12,11414433,0.247,s12-227,0
12,11424964,0.748,s12-228,0
12,11430382,0.744,s12-229,0
12,11545723,0.938,s12-230,0
12,11577136,0.623,s12-231,0
12,11658976,0.657,s12-232,0
12,11688622,0.974,s12-233,0
12,11742915,0.398,s12-234,0
12,11760039,0.599,s12-235,0
12,11811699,0.802,s12-236,0
12,11842304,0.288,s12-237,0
12,11927767,0.242,s12-238,0
12,11932552,0.764,s12-239,0
12,11991033,0.721,s12-240,0
12,11997496,0.123,s12-241,0
12,12109758,0.185,s12-242,0
12,12188009,0.667,s12-243,0
12,12198120,0.456,s12-244,0
12,12212923,0.688,s12-245,0
12,12289012,0.913,s12-246,0
12,12338156,0.343,s12-247,0
12,12423425,0.0994,s12-248,0
12,12459904,0.961,s12-249,0
12,12482917,0.604,s12-250,0
12,12694036,0.871,s12-251,0
12,12740989,0.665,s12-252,0
12,12753077,0.905,s12-253,0
12,12812420,0.172,s12-254,0
12,12814737,0.63,s12-255,0
12,12822147,0.527,s12-256,0
12,12893918,0.335,s12-257,0
12,12916974,0.0201,s12-258,0
12,12951864,0.542,s12-259,0
12,12970503,0.387,s12-260,0
12,13365160,0.875,s12-261,0
12,13463998,0.241,s12-262,0
12,13476722,0.0357,s12-263,0
12,13489382,0.121,s12-264,0
12,13544221,0.11,s12-265,0
12,13557444,0.103,s12-266,0
12,13588031,0.42,s12-267,0
12,13637479,0.794,s12-268,0
12,13662508,0.837,s12-269,0
12,13706161,0.877,s12-270,0
12,13739727,0.837,s12-271,0
12,13790841,0.0459,s12-272,0
12,13829531,0.887,s12-273,0
12,13923649,0.291,s12-274,0
12,13981390,0.194,s12-275,0
12,13996403,0.386,s12-276,0
12,14005896,0.284,s12-277,0
12,14093589,0.737,s12-278,0
12,14102037,0.681,s12-279,0
12,14108851,0.879,s12-280,0
12,14202496,0.815,s12-281,0
12,14258894,0.523,s12-282,0
12,14276530,0.189,s12-283,0
12,14279382,0.819,s12-284,0
12,14297444,0.618,s12-285,0
12,14363803,0.805,s12-286,0
12,14384371,0.979,s12-287,0
12,14430765,0.609,s12-288,0
12,14445403,0.786,s12-289,0
12,14497999,0.833,s12-290,0
12,14608223,0.431,s12-291,0
12,14632041,0.223,s12-292,0
12,14740120,0.401,s12-293,0
12,14811962,0.371,s12-294,0
12,14882189,0.661,s12-295,0
12,14916078,0.286,s12-296,0
12,14955522,0.362,s12-297,0
12,15039119,0.268,s12-298,0
12,15049079,0.89,s12-299,0
12,15058434,0.337,s12-300,0
12,15060748,0.432,s12-301,0
12,15192268,0.531,s12-302,0
12,15200232,0.794,s12-303,0
12,15256274,0.507,s12-304,0
12,15274469,0.746,s12-305,0
12,15463996,0.286,s12-306,0
12,15566131,0.307,s12-307,0
12,15763463,0.0559,s12-308,0
12,15879340,0.817,s12-309,0
12,15982374,0.17,s12-310,0
12,16016732,0.835,s12-311,0
12,16039447,0.419,s12-312,0
12,16073632,0.6,s12-313,0
12,16092574,0.362,s12-314,0
12,16094942,0.217,s12-315,0
12,16161098,0.517,s12-316,0
12,16236786,0.366,s12-317,0
12,16295614,0.489,s12-318,0
12,16377119,0.378,s12-319,0
12,16453965,0.361,s12-320,0
12,16504297,0.459,s12-321,0
12,16532767,0.761,s12-322,0
12,16552688,0.9,s12-323,0
12,16583805,0.199,s12-324,0
12,16674304,0.111,s12-325,0
12,16686728,0.555,s12-326,0
12,16720117,0.284,s12-327,0
12,16781310,0.352,s12-328,0
12,16815376,0.181,s12-329,0
12,16880697,0.528,s12-330,0
12,16893999,0.256,s12-331,0
12,16919264,0.394,s12-332,0
12,17044639,0.623,s12-333,0
12,17052394,0.972,s12-334,0
12,17084752,0.307,s12-335,0
12,17108548,0.0962,s12-336,0
12,17136562,0.362,s12-337,0
12,17183262,0.199,s12-338,0
12,17211302,0.154,s12-339,0
12,17268514,0.947,s12-340,0
12,17296640,0.06,s12-341,0
12,17326237,0.872,s12-342,0
12,17383952,0.589,s12-343,0
12,17386009,0.641,s12-344,0
12,17411376,0.761,s12-345,0
12,17483160,0.178,s12-346,0
12,17498344,0.352,s12-347,0
12,17499250,0.339,s12-348,0
12,17602957,0.969,s12-349,0
12,17644554,0.485,s12-350,0
12,17668053,0.956,s12-351,0
12,17688124,0.718,s12-352,0
12,17815990,0.0697,s12-353,0
12,17868090,0.0955,s12-354,0
12,17884970,0.92,s12-355,0
12,17900405,0.195,s12-356,0
12,17967290,0.377,s12-357,0
12,18070037,0.751,s12-358,0
12,18107445,0.788,s12-359,0
12,18108136,0.814,s12-360,0
12,18116247,0.981,s12-361,0
12,18151458,0.515,s12-362,0
12,18159689,0.162,s12-363,0
12,18164504,0.366,s12-364,0
12,18168480,0.374,s12-365,0
12,18222707,0.462,s12-366,0
12,18225884,0.0378,s12-367,0
12,18261988,0.375,s12-368,0
12,18268893,0.851,s12-369,0
12,18289691,0.64,s12-370,0
12,18339285,0.161,s12-371,0
12,18540047,0.42,s12-372,0
12,18590429,0.211,s12-373,0
12,18794655,0.139,s12-374,0
12,18852634,0.768,s12-375,0
12,18861346,0.858,s12-376,0
12,18893100,0.756,s12-377,0
12,18939750,0.341,s12-378,0
12,18940321,0.261,s12-379,0
12,18961848,0.95,s12-380,0
12,18983637,0.427,s12-381,0
12,19006372,0.00782,s12-382,0
12,19080526,0.945,s12-383,0
12,19258581,0.917,s12-384,0
12,19352363,0.354,s12-385,0
12,19355394,0.347,s12-386,0
12,19518416,0.723,s12-387,0
12,19525577,0.177,s12-388,0
12,19533453,0.562,s12-389,0
12,19542307,0.788,s12-390,0
12,19567730,0.909,s12-391,0
12,19577646,0.934,s12-392,0
12,19613725,0.57,s12-393,0
12,19697217,0.675,s12-394,0
12,19708127,0.548,s12-395,0
12,19742145,0.00368,s12-396,0
12,19835691,0.154,s12-397,0
12,19987303,0.898,s12-398,0
12,20058047,0.138,s12-399,0
12,20071909,0.731,s12-400,0
12,20204933,0.3,s12-401,0
12,20293713,0.145,s12-402,0
12,20320342,0.311,s12-403,0
12,20336995,0.356,s12-404,0
12,20428000,0.592,s12-405,0
12,20446408,0.253,s12-406,0
12,20563381,0.532,s12-407,0
12,20597392,0.709,s12-408,0
12,20613397,0.531,s12-409,0
12,20623323,0.494,s12-410,0
12,20665961,0.124,s12-411,0
12,20701665,0.12,s12-412,0
12,20714721,0.0798,s12-413,0
12,20749081,0.997,s12-414,0
12,20759261,0.72,s12-415,0
12,20820090,0.912,s12-416,0
12,20820603,0.744,s12-417,0
12,20898002,0.749,s12-418,0
12,21112683,0.583,s12-419,0
12,21191839,0.646,s12-420,0
12,21361633,0.966,s12-421,0
12,21577379,0.138,s12-422,0
12,21692764,0.555,s12-423,0
12,21795603,0.45,s12-424,0
12,21835790,0.346,s12-425,0
12,21874941,0.844,s12-426,0
12,21876121,0.472,s12-427,0
12,21907493,0.298,s12-428,0
12,21918120,0.0357,s12-429,0
12,21951367,0.578,s12-430,0
12,22038279,0.805,s12-431,0
12,22139178,0.899,s12-432,0
12,22177241,0.562,s12-433,0
12,22271343,0.689,s12-434,0
12,22351967,0.315,s12-435,0
12,22358573,0.145,s12-436,0
12,22487843,0.614,s12-437,0
12,22588915,0.0336,s12-438,0
12,22598802,0.0497,s12-439,0
12,22601993,0.367,s12-440,0
12,22649720,0.979,s12-441,0
12,22667915,0.196,s12-442,0
12,22767623,0.417,s12-443,0
12,22768869,0.466,s12-444,0
12,22800421,0.994,s12-445,0
12,22832166,0.829,s12-446,0
12,22839153,0.561,s12-447,0
12,22848638,0.171,s12-448,0
12,22891277,0.411,s12-449,0
12,22895119,0.938,s12-450,0
12,22948913,0.211,s12-451,0
12,22981402,0.639,s12-452,0
12,22987606,0.848,s12-453,0
12,22993105,0.731,s12-454,0
12,23068996,0.875,s12-455,0
12,23101163,0.206,s12-456,0
12,23123595,0.536,s12-457,0
12,23267345,0.152,s12-458,0
12,23275889,0.0994,s12-459,0
12,23368841,0.261,s12-460,0
12,23568775,0.494,s12-461,0
12,23571745,0.698,s12-462,0
12,23772787,0.299,s12-463,0
12,23788415,0.66,s12-464,0
12,23861465,0.417,s12-465,0
12,23919752,0.851,s12-466,0
12,23930912,0.747,s12-467,0
12,24021126,0.232,s12-468,0
12,24160492,0.0809,s12-469,0
12,24344639,0.823,s12-470,0
12,24409368,0.546,s12-471,0
12,24444162,0.874,s12-472,0
12,24480540,0.0323,s12-473,0
12,24481493,0.794,s12-474,0
12,24502461,0.305,s12-475,0
12,24536448,0.832,s12-476,0
12,24572267,0.575,s12-477,0
12,24596072,0.678,s12-478,0
12,24619487,0.691,s12-479,0
12,24742539,0.793,s12-480,0
12,24808232,0.107,s12-481,0
12,24856731,0.91,s12-482,0
12,24925709,0.0517,s12-483,0
12,24944917,0.669,s12-484,0
12,24975056,0.941,s12-485,0
12,25096026,0.131,s12-486,0
12,25198755,0.533,s12-487,0
12,25215732,0.0208,s12-488,0
12,25256653,0.406,s12-489,0
12,25339134,0.0719,s12-490,0
12,25345998,0.144,s12-491,0
12,25401566,0.546,s12-492,0
12,25577155,0.0374,s12-493,0
12,25711174,0.421,s12-494,0
12,25811343,0.499,s12-495,0
12,25831242,0.025,s12-496,0
12,25850210,0.0539,s12-497,0
12,25902832,0.364,s12-498,0
12,25914080,0.65,s12-499,0
12,25969784,0.703,s12-500,0
12,25989827,0.548,s12-501,0
12,26040990,0.484,s12-502,0
12,26058717,0.763,s12-503,0
12,26101547,0.103,s12-504,0
12,26181382,0.724,s12-505,0
12,26257970,0.533,s12-506,0
12,26264621,0.615,s12-507,0
12,26268014,0.00271,s12-508,0
12,26284207,0.777,s12-509,0
12,26293914,0.483,s12-510,0
12,26352061,0.0668,s12-511,0
12,26360714,0.906,s12-512,0
12,26402711,0.562,s12-513,0
12,26451261,0.249,s12-514,0
12,26571988,0.764,s12-515,0
12,26678106,0.0188,s12-516,0
12,26711906,0.664,s12-517,0
12,26736006,0.504,s12-518,0
12,26842189,0.413,s12-519,0
12,26853516,0.698,s12-520,0
