"gene","log2_fold_change","pvalue"
"Gene0001",-0.950573853077032,0.0948213257793471
"Gene0002",0.41485123799933,0.604358697910225
"Gene0003",-0.0769143191276649,0.911034021000596
"Gene0004",-0.0198354662368029,0.982250148256542
"Gene0005",0.142297578303855,0.875081753805146
"Gene0006",-0.458300482374032,0.591818261993024
"Gene0007",-0.247341950406908,0.744172130367645
"Gene0008",0.361862084478269,0.504231697253659
"Gene0009",0.690466338606891,0.342724180150742
"Gene0010",0.240633775722662,0.757607564147835
"Gene0011",0.258384892489342,0.732476753867359
"Gene0012",-0.597894581137253,0.424345260653283
"Gene0013",0.368416926755904,0.519207737050392
"Gene0014",0.393133688134675,0.667519157327964
"Gene0015",0.992454135418399,0.0198632712196812
"Gene0016",0.0658835986622963,0.92575043873295
"Gene0017",0.323330009547858,0.602824752137613
"Gene0018",0.753445295081276,0.298359156855503
"Gene0019",-0.606644976948483,0.209165699609982
"Gene0020",0.360327877726784,0.49323803645485
"Gene0021",0.482004162411891,0.332267342692988
"Gene0022",2.26179596928017,0.000869486463491934
"Gene0023",0.102768201008711,0.77552676821808
"Gene0024",-0.0531085185556086,0.950067312020996
"Gene0025",0.0577120039067859,0.950224573703124
"Gene0026",0.304002100693996,0.738137670540727
"Gene0027",-0.377312072683721,0.678646965183021
"Gene0028",-0.427816188886104,0.601789077959869
"Gene0029",2.65893670610436,1.63427874631864e-06
"Gene0030",-0.498411083207598,0.518252981159095
"Gene0031",-0.584270544177373,0.151494382031575
"Gene0032",0.482732646325849,0.535379458737356
"Gene0033",-0.321886104184945,0.715297814907735
"Gene0034",-0.176571515329325,0.797272964279351
"Gene0035",-0.397156134450719,0.515626743581413
"Gene0036",0.179470569243632,0.746917535131615
"Gene0037",0.286754658226814,0.632018281785144
"Gene0038",0.415886563395371,0.533589058848189
"Gene0039",-0.161712725161966,0.83787364336938
"Gene0040",1.52855116901713,0.000261837295231448
"Gene0041",0.0479575431439158,0.957693242372905
"Gene0042",-0.454875833596767,0.419021845575623
"Gene0043",0.402993129880261,0.383363470493487
"Gene0044",0.529706617268216,0.505625136993987
"Gene0045",3.20616493509925,8.53669553925915e-07
"Gene0046",-0.150687929618178,0.848504641151636
"Gene0047",-0.470645329074989,0.447487842986799
"Gene0048",0.0131047245631751,0.98086669631582
"Gene0049",-0.471002626212881,0.198431380962218
"Gene0050",-0.634901510580325,0.355943826425678
"Gene0051",-1.15908960008857,0.0446781510038197
"Gene0052",-0.104656882334975,0.844094812474985
"Gene0053",-0.139611953696038,0.733726979978014
"Gene0054",-0.225161065469416,0.599228194988032
"Gene0055",0.46046176915342,0.533814012965355
"Gene0056",-2.69674655331556,8.00736624708446e-07
"Gene0057",-0.155573748709922,0.774457333498147
"Gene0058",0.198164077267697,0.582435956804105
"Gene0059",0.101613986071149,0.871046453945317
"Gene0060",0.481249139686114,0.325996732586262
"Gene0061",-0.0217027365644103,0.981503320719141
"Gene0062",0.126059040560813,0.831247076211781
"Gene0063",0.589103882001291,0.384753566213006
"Gene0064",0.0359008461222059,0.94408171233985
"Gene0065",-0.229192359695151,0.659735750948201
"Gene0066",0.415301319868171,0.538283970753913
"Gene0067",-0.445329385128205,0.500605803584365
"Gene0068",0.188322603041544,0.692993607614609
"Gene0069",0.430797637032822,0.444877400858042
"Gene0070",-0.407997437211875,0.648239053073177
"Gene0071",0.113473306932969,0.891292457153912
"Gene0072",0.332803581245259,0.612718239415382
"Gene0073",0.391101760655206,0.537613842895106
"Gene0074",0.533389166301162,0.259506265877148
"Gene0075",0.671316943388492,0.321743478987821
"Gene0076",0.0700620570062961,0.880445289277792
"Gene0077",-0.296516673166484,0.687174876542287
"Gene0078",-0.264903638934081,0.521362604847373
"Gene0079",0.243286615728962,0.786260789308369
"Gene0080",-0.550521256069738,0.208882214218457
"Gene0081",0.175081829960832,0.7768798173293
"Gene0082",-0.404221530831855,0.625184469939675
"Gene0083",-0.32382042991667,0.704896169112999
"Gene0084",-0.700213283068148,0.135986078491117
"Gene0085",-0.206369786886105,0.676546444554419
"Gene0086",-3.62437263049606,1e-12
"Gene0087",-0.232305573419585,0.795362990751059
"Gene0088",0.495754298416507,0.544636233579466
"Gene0089",-0.480025819932208,0.324560044344443
"Gene0090",0.0381012530873208,0.961297656986515
"Gene0091",-0.163387788292738,0.720553612683645
"Gene0092",1.03661017715401,0.239148551290455
"Gene0093",-0.0552395130476958,0.952335136551692
"Gene0094",0.636798845676728,0.25871637237723
"Gene0095",0.302309892867733,0.727246988042428
"Gene0096",-0.54825512695866,0.495969136870218
"Gene0097",0.180409589087517,0.687663860125358
"Gene0098",0.243676829243435,0.715278912533362
"Gene0099",0.00889738519391144,0.990159944942817
"Gene0100",-0.683124155431825,0.0557490324241
"Gene0101",0.785875557772417,0.150470413863846
"Gene0102",-0.0657080114103378,0.939275592509929
"Gene0103",-0.490437916396814,0.310353223956512
"Gene0104",0.436925477011212,0.343099875043184
"Gene0105",-0.0864773806425818,0.92233816951915
"Gene0106",0.0859458304608568,0.927538986725797
"Gene0107",-0.272553245105202,0.714298153921127
"Gene0108",0.902459079764246,0.309519153198986
"Gene0109",0.518182224756754,0.523143867857015
"Gene0110",0.262842977894351,0.767981883536511
"Gene0111",-0.840771443173045,0.0711621834642961
"Gene0112",1.45633374117568,0.119718156666012
"Gene0113",0.0777511514839588,0.930294417469313
"Gene0114",0.139521138662017,0.841951905594478
"Gene0115",-0.476119887204525,0.588481520334311
"Gene0116",0.325388539767763,0.551909073908008
"Gene0117",-0.256750124678625,0.769444542773169
"Gene0118",-0.483649149794395,0.202111349007118
"Gene0119",-0.504590580643098,0.211622090496007
"Gene0120",-0.275208557482802,0.724856568965392
"Gene0121",-2.14424221330486,5.0196647863069e-05
"Gene0122",-0.136843086439711,0.781378250531468
"Gene0123",-0.425514271904103,0.530414823935443
"Gene0124",-0.311641956950871,0.728764349223073
"Gene0125",0.524395420885448,0.252040460817318
"Gene0126",3.9705537719132,2.31520867505165e-09
"Gene0127",0.457182071561682,0.473700611354005
"Gene0128",-0.00859034987566689,0.988385616445248
"Gene0129",-0.189945860489516,0.833236301085979
"Gene0130",-0.207159476206711,0.808785725964224
"Gene0131",-0.129847569471194,0.813651352805212
"Gene0132",-0.165652229143272,0.742251426549129
"Gene0133",-0.0121542206535895,0.977703213595334
"Gene0134",0.63223099415473,0.504590869168292
"Gene0135",1.26773758120215,0.0842527922609422
"Gene0136",-0.262137139440861,0.650190216260975
"Gene0137",-0.57369789352327,0.344300338661895
"Gene0138",-0.357906828598595,0.5951530976317
"Gene0139",0.908520143247082,0.161598933028413
"Gene0140",0.14995782777684,0.762956968074687
"Gene0141",0.318061585866339,0.71646165468359
"Gene0142",0.0727474817253721,0.919964143045324
"Gene0143",0.0623049006942877,0.92658779693461
"Gene0144",-0.0580177493595921,0.94511465613748
"Gene0145",0.194986267009193,0.771651109703485
"Gene0146",0.505517041195896,0.19393284816674
"Gene0147",0.315474971238323,0.670497962851637
"Gene0148",-1.54952069858299,0.0165364848903452
"Gene0149",0.0371669604773653,0.932472731091766
"Gene0150",-0.719605889459779,0.360265923527658
"Gene0151",0.398493103237161,0.590748831845927
"Gene0152",0.634838648781085,0.151626116556718
"Gene0153",-0.528863556440644,0.476385191614055
"Gene0154",-0.00633040054771707,0.994198567249829
"Gene0155",-0.308065834426523,0.708444870303307
"Gene0156",-0.419116984780653,0.476295294285179
"Gene0157",0.374065635228326,0.348466149828503
"Gene0158",-1.25719176638403,0.14378484438978
"Gene0159",0.7104854735545,0.446953791782801
"Gene0160",0.175060459307292,0.818526654460623
"Gene0161",0.0500353994881209,0.894157953536531
"Gene0162",0.171206371324735,0.67284446899731
"Gene0163",-0.242861288975799,0.715350515390934
"Gene0164",-0.0696725767663018,0.936159415882879
"Gene0165",0.0846839267620297,0.858273459491111
"Gene0166",0.0246233761766137,0.965290672231817
"Gene0167",0.277951123086202,0.701576205150162
"Gene0168",-0.229382543653803,0.804056648830915
"Gene0169",-0.880663297960146,0.303767085395952
"Gene0170",0.0643364800175181,0.892568465208093
"Gene0171",0.307197893442251,0.392372213961588
"Gene0172",-0.137280819422203,0.879291598036651
"Gene0173",-0.234131906772566,0.642684039394599
"Gene0174",-0.353546635090574,0.414361209849542
"Gene0175",-0.262790708519765,0.465106216521615
"Gene0176",-0.099243548830432,0.898731945283471
"Gene0177",-0.408031043501239,0.582646858029936
"Gene0178",0.24192874500313,0.788931180471148
"Gene0179",-0.719788170789918,0.33580130977943
"Gene0180",-0.0539610759834097,0.922602583309242
"Gene0181",-0.460561259745177,0.58521994648234
"Gene0182",0.425652802274536,0.520085358614726
"Gene0183",-0.178909897945438,0.748015908837051
"Gene0184",0.39498856500888,0.370132786899892
"Gene0185",-0.723060955970484,0.436974296587089
"Gene0186",-0.0744589070799858,0.930939475460297
"Gene0187",-0.357231272984826,0.68629694630485
"Gene0188",-1.07882726616949,0.189525355663296
"Gene0189",0.576150177069273,0.43265136520847
"Gene0190",-0.493924902182258,0.324569819290216
"Gene0191",0.897798170797465,0.177150646527155
"Gene0192",0.113957799848299,0.871657499842572
"Gene0193",-0.197938236551523,0.748442215857431
"Gene0194",0.244614536757055,0.792797444742956
"Gene0195",0.308250284072406,0.596661279646754
"Gene0196",-0.0797142398323203,0.900345091096438
"Gene0197",0.047705262111083,0.957103810459459
"Gene0198",0.64519288152909,0.150309035514559
"Gene0199",-0.491887101283361,0.538232300219578
"Gene0200",-0.0171790746474628,0.98382370221753
"Gene0201",0.277954077325897,0.56387155060417
"Gene0202",-0.494908230415587,0.47701453151993
"Gene0203",-0.626474577070796,0.141305132702338
"Gene0204",0.474039066356032,0.284266932681419
"Gene0205",-0.261718346839942,0.539095271804582
"Gene0206",-0.363108367255652,0.578411662153893
"Gene0207",-0.0126602475666634,0.975333831718037
"Gene0208",-0.194022712254352,0.617528050299756
"Gene0209",-0.195603363068897,0.576322247977535
"Gene0210",-0.496955684079197,0.32047650717887
"Gene0211",-0.317785948927007,0.592964034957735
"Gene0212",0.296671583081021,0.541649430660053
"Gene0213",0.174812084873213,0.726317955303507
"Gene0214",-0.2232389311477,0.727964355835624
"Gene0215",0.845426801736883,0.112392328939693
"Gene0216",0.518317843737868,0.139631235555484
"Gene0217",-0.258643615533952,0.775739115326779
"Gene0218",-0.0342177964988189,0.966044866745095
"Gene0219",-3.77307452156812,2.15528281389248e-05
"Gene0220",0.334972280327982,0.679364261678852
"Gene0221",0.195766961137274,0.720578104281483
"Gene0222",-1.03167047215826,0.0156985534730888
"Gene0223",-0.067893108346602,0.898075252299765
"Gene0224",0.0302172271262913,0.962134666061898
"Gene0225",0.356127638358722,0.496209433291857
"Gene0226",-0.339471308001064,0.564271293753855
"Gene0227",0.37322334052539,0.305261128342995
"Gene0228",0.264428204157891,0.5225312345955
"Gene0229",-0.246138302973782,0.691842390282691
"Gene0230",-0.100398047726297,0.8724527650781
"Gene0231",0.644387412642109,0.306115755758037
"Gene0232",-0.0548675084080486,0.952519584850753
"Gene0233",-0.486430922297126,0.445469512358413
"Gene0234",-0.515586396287355,0.208978051398173
"Gene0235",-0.0243316268081976,0.968438033455363
"Gene0236",0.0837345004068531,0.91799383966275
"Gene0237",0.087646968702352,0.882816593808494
"Gene0238",-0.0925483824387065,0.903429152987694
"Gene0239",-0.691389984421567,0.341957993528848
"Gene0240",-0.157456602247138,0.665115068271559
"Gene0241",0.324262979379319,0.692386342218309
"Gene0242",-0.811989888726369,0.0411620990198319
"Gene0243",0.214876742483569,0.819752112614538
"Gene0244",-0.515599046035253,0.540493494649512
"Gene0245",-0.0766672147597974,0.931737127789957
"Gene0246",-0.491195702535896,0.312234404252899
"Gene0247",2.08950830697924,2.46189934702827e-05
"Gene0248",1.35413625077697,0.00109229543419824
"Gene0249",0.147689077412479,0.854474467740132
"Gene0250",-0.280053238035894,0.760331641132563
"Gene0251",-0.414120400319772,0.380667239592291
"Gene0252",-0.528345051513969,0.344662749714343
"Gene0253",-0.404580088110182,0.621911179905186
"Gene0254",-0.124199285392866,0.861585748349508
"Gene0255",0.484907915043607,0.263506580637897
"Gene0256",0.199380950528493,0.740434009186851
"Gene0257",-0.223473278967467,0.549658771989145
"Gene0258",0.0839315562388841,0.922518141951984
"Gene0259",-0.350271048103006,0.565583716229977
"Gene0260",0.758782579006728,0.286542966181606
"Gene0261",0.0552055653864228,0.927015586396797
"Gene0262",0.939421281426486,0.164458322960858
"Gene0263",0.0803136110740553,0.848630918606548
"Gene0264",0.0350891333595644,0.966205160976716
"Gene0265",-0.805879380844212,0.268568098198149
"Gene0266",0.411563201997183,0.621369000344496
"Gene0267",0.436929373849163,0.58888397015126
"Gene0268",-0.56813607126783,0.434930751969736
"Gene0269",-0.000929651075546346,0.998699305534247
"Gene0270",-2.25756181221315,0.00924029021288049
"Gene0271",0.0415986356464705,0.952666447689417
"Gene0272",-0.17535255441306,0.823286076969278
"Gene0273",0.834316689646679,0.0975305712846301
"Gene0274",0.0762328746024153,0.920544146711243
"Gene0275",0.0299525294251166,0.974116953699231
"Gene0276",0.135719160020329,0.803011680487387
"Gene0277",-0.636179820132663,0.106127336830631
"Gene0278",-0.411092553476493,0.625520116601639
"Gene0279",0.478312279725654,0.416757201640157
"Gene0280",0.0667060186195025,0.904240364605993
"Gene0281",1.47208511250866,0.00110957188246709
"Gene0282",-0.491952674970401,0.297923298424951
"Gene0283",0.760285458738473,0.198324254944822
"Gene0284",-0.188839971473895,0.775105968230235
"Gene0285",0.170410720158427,0.725837052186954
"Gene0286",-0.0915362000060462,0.889021617815062
"Gene0287",2.74809926138557,0.000336985693451103
"Gene0288",-0.318819187677369,0.4894166134876
"Gene0289",0.344339640258693,0.475955073172725
"Gene0290",0.351074479644759,0.486848272738032
"Gene0291",-2.01253637957426,2.75519457197239e-05
"Gene0292",-0.580311750528831,0.267843709655812
"Gene0293",0.140348163102622,0.721586501834402
"Gene0294",-0.821801708918461,0.0605621791188748
"Gene0295",0.255667156652371,0.739279060492728
"Gene0296",0.264339321433866,0.672490011179297
"Gene0297",0.275998232889009,0.478907861906553
"Gene0298",-0.119722206172243,0.762071473797598
"Gene0299",0.638347112188985,0.493400121613138
"Gene0300",-0.0518491681398566,0.896920859129198
"Gene0301",-0.340048063935103,0.628979720794458
"Gene0302",-0.136198638644502,0.727007086604973
"Gene0303",-0.442279658063376,0.528923665458391
"Gene0304",-0.447392927177956,0.494757839947512
"Gene0305",-1.40183817885666,0.015804034050264
"Gene0306",0.0162987118749636,0.980704179866293
"Gene0307",-0.317885446889254,0.737172141125897
"Gene0308",-0.0765391310182591,0.902143944613041
"Gene0309",1.92369829886922,0.00810646386007974
"Gene0310",-0.107189730269113,0.847236020711432
"Gene0311",0.619251283458619,0.392828994814108
"Gene0312",-0.20756469836039,0.826018167304736
"Gene0313",0.241300936751924,0.50489243580319
"Gene0314",-0.119028065356473,0.790725489696778
"Gene0315",-0.371528479652791,0.34090649391685
"Gene0316",1.68298484433898,0.0448934810762306
"Gene0317",0.0549194058534488,0.914310718547853
"Gene0318",-0.200129021832456,0.749998878083181
"Gene0319",0.0553698207973246,0.935754868183702
"Gene0320",0.979819673887018,0.088642926118137
"Gene0321",0.257377546192003,0.56664015826562
"Gene0322",-0.358689845594313,0.367699651768394
"Gene0323",0.477176749252192,0.316903650982365
"Gene0324",-0.670313252930877,0.274287429338158
"Gene0325",-0.673341813278272,0.0804023336996685
"Gene0326",0.397500936031397,0.616496559012549
"Gene0327",0.434428264981974,0.552106938257436
"Gene0328",-0.405126710750599,0.308608992167657
"Gene0329",1.06511244984526,0.0514357848545971
"Gene0330",-0.132840737080823,0.773817271168276
"Gene0331",0.557420016919037,0.159460910239645
"Gene0332",0.0216853283459925,0.974506076465638
"Gene0333",-0.0510810513461848,0.922902388749059
"Gene0334",-1.51059475762026,0.0733416123370755
"Gene0335",-0.436509847406657,0.476988206858456
"Gene0336",0.295166885975137,0.554086239988422
"Gene0337",-0.000745897605548474,0.998684856318942
"Gene0338",0.172158297581048,0.780955246459794
"Gene0339",-0.284911733023734,0.453638216960753
"Gene0340",-0.1506701037668,0.824630941825381
"Gene0341",0.0827940396146636,0.926766595215748
"Gene0342",-0.613979045006571,0.306051099277846
"Gene0343",-0.592477186456454,0.350908952717991
"Gene0344",-0.220098951787339,0.792078961252392
"Gene0345",0.196972612722853,0.741615096454362
"Gene0346",-0.333646045993473,0.715164939561355
"Gene0347",-0.383095093107906,0.530887829548404
"Gene0348",0.144030996428102,0.837395272090756
"Gene0349",-0.409909915713111,0.573986245281644
"Gene0350",0.352355164251787,0.636065626711699
"Gene0351",-0.594614811134062,0.49241139531316
"Gene0352",-0.134406804943794,0.819456777234742
"Gene0353",-0.283070595586368,0.741787318211675
"Gene0354",-0.183711280747358,0.826310721182369
"Gene0355",1.342943548985,0.0178862693352154
"Gene0356",0.245710250983935,0.751845362693371
"Gene0357",-0.269045045027175,0.755866804152322
"Gene0358",-0.77223976219385,0.265321235532005
"Gene0359",0.774884804534371,0.195684609818539
"Gene0360",0.466888283995434,0.606214180716353
"Gene0361",-2.58430702608548,0.000194976463973721
"Gene0362",-0.308692045337003,0.675451045089606
"Gene0363",0.00305480752166248,0.997123877207617
"Gene0364",0.287989131815087,0.605675546810843
"Gene0365",0.652851466338227,0.451152390952157
"Gene0366",0.189458624023328,0.725650486326928
"Gene0367",-0.346635663988634,0.374692913278836
"Gene0368",0.796976957169853,0.192217794355952
"Gene0369",-0.626272422374378,0.21572638393847
"Gene0370",0.497362523105825,0.411047123669692
"Gene0371",0.455629373430472,0.614282818347247
"Gene0372",-0.713270626153192,0.303484139661413
"Gene0373",0.574301688688243,0.304708066392458
"Gene0374",-0.0384741350007857,0.962911139963105
"Gene0375",-0.293285787626985,0.643162025903858
"Gene0376",0.026134892612492,0.971903210318306
"Gene0377",0.0284614492256075,0.964162857432811
"Gene0378",0.00899191053670007,0.991164062051125
"Gene0379",-0.0517652628714956,0.93410479781444
"Gene0380",0.52599528537526,0.369305197229159
"Gene0381",0.899393718194716,0.217028029301186
"Gene0382",0.118074143350882,0.852550226766106
"Gene0383",-0.203501986075794,0.615842569954521
"Gene0384",0.435748212935229,0.600159172198423
"Gene0385",0.241728602014932,0.767985049410733
"Gene0386",-0.145978605017942,0.726970827570384
"Gene0387",-0.171435604815917,0.720621168760365
"Gene0388",-0.0847984846527373,0.921720554660681
"Gene0389",-0.0535776123679898,0.917489879510387
"Gene0390",2.36904971050907,0.0121534189831324
"Gene0391",0.31156332532052,0.553353345001085
"Gene0392",0.0787809389013432,0.887462216965317
"Gene0393",-0.893263624819508,0.273811678606805
"Gene0394",0.126059334434131,0.882593492085731
"Gene0395",0.388317907055592,0.559450020568895
"Gene0396",-0.457175216340003,0.590419465363572
"Gene0397",-0.660808163853162,0.33158864829975
"Gene0398",0.277796111056333,0.680142764330051
"Gene0399",-0.134623357296481,0.864103225644713
"Gene0400",0.180203097286287,0.720760621967733
"Gene0401",-0.0830847476696283,0.910859723437452
"Gene0402",0.609528685637291,0.129419391971081
"Gene0403",0.849922827348028,0.107158477512647
"Gene0404",0.229591257045356,0.761006806314267
"Gene0405",0.293764082628163,0.681920261001558
"Gene0406",0.335533822649336,0.60714043001259
"Gene0407",-2.42340310569117,0.00018979904851387
"Gene0408",-1.23471428282419,0.00519644172055081
"Gene0409",0.557766026993372,0.424904864554122
"Gene0410",-0.495588422120909,0.194315635638833
"Gene0411",-0.751964514241273,0.0602014965281604
"Gene0412",-0.0647395334619456,0.889673072355918
"Gene0413",0.221883686453845,0.734378815416784
"Gene0414",0.140819748060094,0.865918827494643
"Gene0415",0.206132410852616,0.760230090734691
"Gene0416",0.0380828938185075,0.931627434647454
"Gene0417",-0.209174756478407,0.76607846423058
"Gene0418",-1.00908922633792,0.102285778397166
"Gene0419",0.634018301996221,0.273901607130323
"Gene0420",-0.0948724315922171,0.903225336139565
"Gene0421",0.472145189967501,0.569965194748494
"Gene0422",0.174025640875001,0.623932087807791
"Gene0423",-2.21181131170999,0.015009942172021
"Gene0424",-0.381266852625581,0.594675151329763
"Gene0425",-0.130133507587521,0.796288463453485
"Gene0426",0.102126768073334,0.877007346360674
"Gene0427",-0.146317639574617,0.717476301246213
"Gene0428",0.064671062816357,0.860974698753059
"Gene0429",-0.0877993590546574,0.915401649640504
"Gene0430",-0.335760748032963,0.482481062115348
"Gene0431",-0.567110827366322,0.291428114897
"Gene0432",0.28787965197884,0.591288842463307
"Gene0433",0.0380494343823167,0.957315213278882
"Gene0434",0.266348167534944,0.592642000104887
"Gene0435",-0.807189793029231,0.233724712059977
"Gene0436",0.60411853757818,0.249068909035838
"Gene0437",0.120138338716362,0.846712248060622
"Gene0438",-0.15914323703032,0.799165948628414
"Gene0439",0.188243267064108,0.803882161677987
"Gene0440",0.0978862288073961,0.905799042531096
"Gene0441",-1.25080157650504,0.00155198248546972
"Gene0442",0.185369616093859,0.764751609415972
"Gene0443",0.0580268172524166,0.940035704443217
"Gene0444",0.0501092105219636,0.92277340082359
"Gene0445",-0.212128217797708,0.649300512307676
"Gene0446",0.159785610570026,0.841454726250749
"Gene0447",-0.186911080751953,0.651582110645144
"Gene0448",0.459427778642526,0.591270716192532
"Gene0449",0.0374018311526332,0.962451001143102
"Gene0450",0.50566294003874,0.411771293297363
"Gene0451",-0.122438561483908,0.830003149071948
"Gene0452",-0.0710421476103745,0.932097737617602
"Gene0453",0.295163353667347,0.623308613212444
"Gene0454",0.39700148689986,0.538067487856226
"Gene0455",-2.2162336436898,0.0011357249420638
"Gene0456",0.293953266893469,0.616750542317767
"Gene0457",0.384456460422567,0.674045891778452
"Gene0458",-0.154219360022443,0.736504473546783
"Gene0459",0.246690762831936,0.763990458761466
"Gene0460",-0.227783723356327,0.593685813359799
"Gene0461",-0.185603345962815,0.663518431916141
"Gene0462",0.909506761332352,0.265399784974647
"Gene0463",-0.244223574073715,0.685017266755779
"Gene0464",0.516316735054632,0.507757092489435
"Gene0465",1.01204221702856,0.0220341249451903
"Gene0466",-0.148865440875974,0.711795059172452
"Gene0467",-0.573626015637147,0.225245093914345
"Gene0468",0.0228410535843049,0.949787811192498
"Gene0469",-0.272545072999285,0.699967863207048
"Gene0470",-2.25159752333099,0.00405790314079356
"Gene0471",1.38567908865906,0.0395985030609466
"Gene0472",-0.588434160022055,0.138575145019177
"Gene0473",0.160147478533119,0.694444465623537
"Gene0474",-2.80763412209295,0.00222016800260762
"Gene0475",0.140644046816907,0.808958282261505
"Gene0476",-0.253978864466408,0.78484498181811
"Gene0477",-0.655444561637604,0.402912197310179
"Gene0478",0.67831107574969,0.450354387675795
"Gene0479",0.491233826880428,0.561798591395754
"Gene0480",-0.163042049707932,0.692854578577138
"Gene0481",-0.507987043218156,0.215873875610888
"Gene0482",-0.0679267575478345,0.865112612621388
"Gene0483",-0.0185428156573091,0.975489213669384
"Gene0484",-0.729971608165687,0.257975577104238
"Gene0485",1.04613218148652,0.13396878961449
"Gene0486",0.0248413198490035,0.971228592152642
"Gene0487",0.58812665054508,0.42085914415145
"Gene0488",-0.390917124564113,0.526927776414843
"Gene0489",0.84103697137116,0.339261180347251
"Gene0490",0.439294037014757,0.48543049067618
"Gene0491",-0.0244282086312253,0.948777445632848
"Gene0492",0.0197783101316587,0.969659674784728
"Gene0493",-2.98936688799675,0.000643888462608721
"Gene0494",0.0374718283030746,0.967559645525095
"Gene0495",0.500877408456548,0.220703326672484
"Gene0496",0.0615896234162812,0.905580839562895
"Gene0497",-0.276423734764911,0.768477680881403
"Gene0498",0.38366278252949,0.594726446739649
"Gene0499",0.364173996250811,0.329980564342943
"Gene0500",-1.07443698744598,0.0545971457782118
"Gene0501",-3.06707175073282,3.02652014381293e-06
"Gene0502",-0.0474088055961132,0.920676863294154
"Gene0503",0.121096663488294,0.832998475317993
"Gene0504",-0.989439188380108,0.0498699027244813
"Gene0505",-0.367378214024008,0.676740086768505
"Gene0506",-0.298709282052574,0.419915240242844
"Gene0507",0.285344357859212,0.623877224093763
"Gene0508",0.237969680243203,0.703903724197631
"Gene0509",0.116103826640082,0.81674731353461
"Gene0510",-0.231679009350244,0.733660852202402
"Gene0511",-0.0570108956338569,0.938435799493845
"Gene0512",-0.395637353476399,0.596197973237904
"Gene0513",0.312687960958845,0.722145776349342
"Gene0514",-3.91375259600073,1.17466701081482e-05
"Gene0515",-0.0871157220681688,0.876589697808972
"Gene0516",-0.0856630542755429,0.821337754340347
"Gene0517",-0.224900171227773,0.616582687874336
"Gene0518",0.86161802210568,0.0998286305976223
"Gene0519",0.774315294466325,0.134976756915192
"Gene0520",-0.181143288287451,0.633861336269105
"Gene0521",0.155187852415663,0.834390993330889
"Gene0522",0.114836796329208,0.8729652527063
"Gene0523",0.156187326686342,0.833460517970337
"Gene0524",0.171307277431839,0.855912065205055
"Gene0525",-0.23548103713591,0.670132329057836
"Gene0526",-1.67160640443308,0.0453063949181282
"Gene0527",-0.157205978645397,0.818572393639391
"Gene0528",0.234357487024243,0.677426091896012
"Gene0529",-0.203724432394368,0.755291249863059
"Gene0530",0.113343056816956,0.898861872029882
"Gene0531",-0.275042945036012,0.758716787340736
"Gene0532",-0.194611697847439,0.750884023011895
"Gene0533",2.15238171313049,0.0199516675604005
"Gene0534",0.0244840565307693,0.97305456742493
"Gene0535",-0.364336920648008,0.550156153368696
"Gene0536",-0.675884791576819,0.28565446201849
"Gene0537",0.368386718181386,0.586398022861206
"Gene0538",-0.449777105632163,0.516725252011833
"Gene0539",-0.24107840942561,0.719557168517228
"Gene0540",0.0318683681489042,0.968969496034635
"Gene0541",-0.294942133432583,0.567527350338443
"Gene0542",-0.643585215953933,0.118853217761438
"Gene0543",-0.361395877037879,0.475099492049516
"Gene0544",-0.0400256113464305,0.965895702076093
"Gene0545",0.0230085911820401,0.961400342603671
"Gene0546",0.513671209212935,0.365578798111243
"Gene0547",-0.241872602620659,0.749311877149094
"Gene0548",-0.316846172572038,0.669987652503095
"Gene0549",-0.248152667569713,0.485600252143712
"Gene0550",0.33750957507771,0.719602016875961
"Gene0551",-0.309972233372601,0.717599555448599
"Gene0552",-0.052139685139637,0.934323859873778
"Gene0553",0.723628657893604,0.261138566444486
"Gene0554",-0.553507991601155,0.281613030207116
"Gene0555",-0.296397972912051,0.698738198567456
"Gene0556",-0.164906884001939,0.860441895612905
"Gene0557",0.420045056267611,0.490315132880975
"Gene0558",0.0637445455295195,0.886447483181965
"Gene0559",-0.733196737627534,0.418140227499155
"Gene0560",-0.143428894168108,0.83349852562667
"Gene0561",-0.312020337383834,0.386526059755467
"Gene0562",-0.256465302522197,0.637429941403876
"Gene0563",0.389588668863727,0.634282222359559
"Gene0564",0.238892633002261,0.708257799181112
"Gene0565",0.613160278465973,0.238824087354713
"Gene0566",0.355788039769828,0.555991528434049
"Gene0567",0.0490330722162261,0.91145696446011
"Gene0568",-2.39153788040699,6.36233303176778e-08
"Gene0569",0.0746219990532488,0.910161900070131
"Gene0570",-0.874417610907162,0.0268059746214222
"Gene0571",-0.104347452137107,0.904941303086295
"Gene0572",-0.523383942820247,0.521324229957778
"Gene0573",1.43603123113814,4.31511639636947e-05
"Gene0574",-0.289557805579747,0.718854672857532
"Gene0575",-0.444266725288777,0.497417972909017
"Gene0576",-0.49803524673544,0.255580962073174
"Gene0577",-0.14629161807416,0.842749144404116
"Gene0578",0.332167192181109,0.396025143144798
"Gene0579",-0.147948451201739,0.872830220696179
"Gene0580",0.391061682163367,0.543406781163575
"Gene0581",0.101308966083305,0.808615823668373
"Gene0582",0.0701673322818609,0.933916406316828
"Gene0583",-0.0791785697814347,0.835177259547889
"Gene0584",0.417612105879951,0.411778666403387
"Gene0585",-0.159645994494794,0.820756355534521
"Gene0586",-0.231740467278218,0.648550184790619
"Gene0587",0.0733218379971454,0.923847082352795
"Gene0588",0.0704409659218513,0.873315048709193
"Gene0589",0.699590722253667,0.352289662688535
"Gene0590",-0.614422977088412,0.454216298278732
"Gene0591",0.281239054114133,0.436173813719776
"Gene0592",-0.0384244835161261,0.965212317734301
"Gene0593",0.537083942374441,0.459169658445513
"Gene0594",0.198383966025855,0.82300276129254
"Gene0595",0.227179517587429,0.52396165865457
"Gene0596",0.100073794983508,0.84019820645662
"Gene0597",1.35002964779265,0.00477824825283166
"Gene0598",0.549928758937922,0.297223100898409
"Gene0599",0.195177432783124,0.742394310864812
"Gene0600",-0.362049683514772,0.58964507103691
"Gene0601",0.430438094625833,0.618959724917055
"Gene0602",-0.452289879338228,0.598530443052217
"Gene0603",-0.414616261969993,0.240826856937367
"Gene0604",-0.400497056049147,0.602656824944491
"Gene0605",0.0323037253462918,0.962069059055751
"Gene0606",0.382950641023595,0.470988676656685
"Gene0607",-0.546850729099589,0.176004059410639
"Gene0608",-0.14199482132507,0.858118063113702
"Gene0609",0.0257202236615083,0.968464519547039
"Gene0610",-2.02066253090807,0.00540712190551614
"Gene0611",0.567826646895071,0.50459868166332
"Gene0612",-0.0692105006664526,0.928359583051919
"Gene0613",0.363551662910527,0.674257628877482
"Gene0614",0.233557839048448,0.549715157239288
"Gene0615",-0.458361500225556,0.526341423718708
"Gene0616",-0.399001846924765,0.530246826348314
"Gene0617",-0.262018564249409,0.486607678677974
"Gene0618",-0.739913644826689,0.284823281780062
"Gene0619",-0.409431459156219,0.630253854157724
"Gene0620",0.281238025101262,0.534214402706732
"Gene0621",-0.142840257112251,0.866107846587165
"Gene0622",0.263697840176554,0.727659889189748
"Gene0623",0.278825878177935,0.675649100126321
"Gene0624",-0.265673853246481,0.752160535858273
"Gene0625",-0.161403994053865,0.861163762769235
"Gene0626",0.66653179533306,0.16146451435417
"Gene0627",-0.122021188824707,0.7444670882935
"Gene0628",0.076590830179218,0.912966955733582
"Gene0629",0.400734096581494,0.336629309837834
"Gene0630",-0.0432409897871939,0.919670215275648
"Gene0631",0.0515875217288694,0.947257072369927
"Gene0632",-0.434338164107215,0.550630041096167
"Gene0633",0.235373898632334,0.79547592807487
"Gene0634",-0.502200408644864,0.426392497352893
"Gene0635",-0.412611175753226,0.43923173525293
"Gene0636",-0.199387955896247,0.813071957513267
"Gene0637",0.614187295913133,0.365381060868714
"Gene0638",-0.621379259955679,0.201122483260667
"Gene0639",-0.0734184197055537,0.859707526163627
"Gene0640",-0.431915428443905,0.603711722566153
"Gene0641",-0.360667923578469,0.675396553795254
"Gene0642",0.00940997223282454,0.986451355361092
"Gene0643",0.16661469221915,0.695553050924201
"Gene0644",0.584422673881909,0.363118378723656
"Gene0645",-0.138371337585499,0.872796738717595
"Gene0646",0.152718741497296,0.834902809953256
"Gene0647",-0.968754773259576,0.075447120153689
"Gene0648",1.65878527627724,0.0638922063892983
"Gene0649",0.57680787384318,0.20565241980579
"Gene0650",0.177473803204809,0.750160351148157
"Gene0651",-0.0323412398454723,0.965366372163848
"Gene0652",-0.0536372629783229,0.947026732304707
"Gene0653",1.74786865963729,0.000670519189534572
"Gene0654",0.166563047125331,0.669082074750274
"Gene0655",0.153949199130238,0.78614169062376
"Gene0656",0.52016827206873,0.244654255318601
"Gene0657",-0.741845370234408,0.0501331361055013
"Gene0658",0.00766930042680448,0.990509938889057
"Gene0659",-0.207746660148655,0.708300576831719
"Gene0660",-0.0972891015066877,0.896112167438575
"Gene0661",-0.101474736166659,0.786693497276894
"Gene0662",-0.255173773032625,0.733333319350666
"Gene0663",0.102739518333419,0.91045931558305
"Gene0664",-1.49792587500758,0.000513769660063569
"Gene0665",-0.547803454963507,0.533611947578522
"Gene0666",0.379708006027956,0.506718670322655
"Gene0667",-0.0916078079910697,0.895186460253902
"Gene0668",-0.0700758766003187,0.920779484450715
"Gene0669",-0.0155210340626065,0.982402527086055
"Gene0670",-0.404021631976136,0.338894328765409
"Gene0671",0.215795155090514,0.791686225175999
"Gene0672",0.114625425135182,0.883717340730875
"Gene0673",-0.478563413817676,0.60267287072733
"Gene0674",0.0969935720645125,0.887419296456238
"Gene0675",1.66171633869176,0.0607454195165473
"Gene0676",0.347343039244238,0.634966738363458
"Gene0677",-0.0841360974854294,0.815855621041331
"Gene0678",0.0964673470052957,0.899241849381278
"Gene0679",-0.782234710090278,0.0650348499957198
"Gene0680",0.630579810897118,0.17875839967623
"Gene0681",-0.376900392866849,0.561136965637671
"Gene0682",-0.0403876918204005,0.959268038350307
"Gene0683",-0.478707513904188,0.243516224938709
"Gene0684",0.167143389800337,0.8260396706066
"Gene0685",0.107125551335939,0.90560483975633
"Gene0686",-2.45297895628226,0.00679908887813205
"Gene0687",-0.337191805296334,0.68879549862527
"Gene0688",0.826682083706908,0.0187936022810017
"Gene0689",-0.00654640270007488,0.990704935142289
"Gene0690",0.104199649244402,0.898498453243933
"Gene0691",-0.299120511379778,0.649325129894975
"Gene0692",0.527661484393216,0.13773243955546
"Gene0693",0.426655576664558,0.61017977388656
"Gene0694",0.040949093099051,0.920638902615504
"Gene0695",0.0325513795196108,0.970289975961483
"Gene0696",0.29863023878073,0.587503348325198
"Gene0697",-0.08808559530261,0.892207860004129
"Gene0698",-0.0518393503906466,0.924680075972168
"Gene0699",-0.653761550021309,0.312925279165508
"Gene0700",0.160943954283934,0.766975460205684
"Gene0701",0.984197026377599,0.0875083351061243
"Gene0702",0.111830717718463,0.793619519177699
"Gene0703",-0.519827891577345,0.225179321139026
"Gene0704",0.294806840603672,0.467634857846104
"Gene0705",0.208888566490047,0.735237246371579
"Gene0706",0.128179973027386,0.851675880929585
"Gene0707",0.0326035933550094,0.948930891219548
"Gene0708",0.208292388538429,0.586173726668305
"Gene0709",-0.163377171538073,0.829123777131908
"Gene0710",-0.560965744438051,0.454950291763214
"Gene0711",0.19928601970528,0.779469104944505
"Gene0712",0.0899903839193186,0.87987498525227
"Gene0713",0.378976419054511,0.389276399388993
"Gene0714",-0.426650354942874,0.582022981708174
"Gene0715",-0.535693987192917,0.449030421433708
"Gene0716",-0.578239121047585,0.374870860564948
"Gene0717",-0.686489992075975,0.331209315592545
"Gene0718",0.370509074621253,0.321836452872462
"Gene0719",0.883783816986157,0.112876532688867
"Gene0720",-0.0485983649887989,0.929177273911898
"Gene0721",-0.496956603560014,0.417376394812908
"Gene0722",0.303994359640339,0.692755127740284
"Gene0723",-0.568746307263206,0.4653979217219
"Gene0724",-1.4327384026302,0.0550176961397022
"Gene0725",0.248667885371609,0.773577560562305
"Gene0726",-0.0194145126735253,0.981904752201573
"Gene0727",0.0601346211981481,0.913081120128439
"Gene0728",-0.223684930745401,0.780600989738224
"Gene0729",-1.96897163704796,0.0304033009966619
"Gene0730",0.0275666004783111,0.951464413185096
"Gene0731",-1.67963073405094,0.00078302831271431
"Gene0732",-0.0912709444274284,0.866409306402286
"Gene0733",0.838782366348468,0.0264337352108804
"Gene0734",-0.130205288499741,0.883313890741695
"Gene0735",0.609680553753933,0.171942069671101
"Gene0736",-0.384599789267908,0.597510693637386
"Gene0737",0.303214955411888,0.437673663114811
"Gene0738",0.187175917635899,0.788630975454767
"Gene0739",-0.487979721377736,0.591206446301301
"Gene0740",0.523622393750417,0.562149081659943
"Gene0741",-0.434849620456058,0.62434843891951
"Gene0742",-0.359340736007897,0.637522334443318
"Gene0743",-2.8073839465706,0.00198585127795754
"Gene0744",-0.375561186130246,0.459304993060709
"Gene0745",-0.1251945491979,0.819332313678075
"Gene0746",-0.202766824547794,0.823645163379892
"Gene0747",-0.0320655785808418,0.945765108878846
"Gene0748",-0.126308306294156,0.893657389125229
"Gene0749",-0.855452071671731,0.0905425319271267
"Gene0750",-1.94365729575022,0.00293995734364904
"Gene0751",2.712165794921,0.00213497890857488
"Gene0752",-0.197136214038004,0.821750552524755
"Gene0753",-0.915363649107649,0.245214273406291
"Gene0754",-0.221352634432192,0.633129855628764
"Gene0755",0.563826521762064,0.161345511298143
"Gene0756",-0.0837675113005242,0.830827814150978
"Gene0757",-0.208347451518644,0.75283064464689
"Gene0758",-0.0568277772080861,0.924821808066593
"Gene0759",-0.946054870399439,0.0161379333888572
"Gene0760",-0.423914134755207,0.277089880158038
"Gene0761",0.398061415840945,0.606615490250906
"Gene0762",0.0982577327002389,0.916346828784948
"Gene0763",-0.159764560046358,0.780730630821373
"Gene0764",0.00599630244420884,0.993897649399841
"Gene0765",0.772167606026543,0.323637882871796
"Gene0766",-0.780894962865862,0.0901335733427097
"Gene0767",0.263323938066207,0.708901230868926
"Gene0768",0.210650408344565,0.822387113466687
"Gene0769",0.218686394469471,0.716505927540298
"Gene0770",0.318231273533455,0.56582869071888
"Gene0771",-0.0515335817408743,0.923407129639017
"Gene0772",0.342260981275233,0.605140924108174
"Gene0773",0.158248511258893,0.796481143376036
"Gene0774",0.332545243608363,0.588345706127691
"Gene0775",-0.424315153824679,0.265005791160173
"Gene0776",0.166623820243323,0.800070006952112
"Gene0777",0.443131668357711,0.638290761170202
"Gene0778",0.0373265148119812,0.960866310918071
"Gene0779",-0.353639619212667,0.690681584385011
"Gene0780",0.41261234845036,0.339039380544647
"Gene0781",-0.643379774494963,0.116289539531345
"Gene0782",-0.424276427755156,0.560187537211954
"Gene0783",-0.270301115232604,0.723625107378569
"Gene0784",-0.122527638854344,0.765556676041402
"Gene0785",3.36330406585876,2.68583405043574e-07
"Gene0786",-0.80172946438628,0.133787585579873
"Gene0787",-0.00166401038230051,0.996543039605916
"Gene0788",-0.544661813147674,0.390519872199259
"Gene0789",0.244952199720775,0.668657880741158
"Gene0790",0.105492564185006,0.780897044925047
"Gene0791",-0.582159789760231,0.243997007707441
"Gene0792",-0.171963930574025,0.790735468748186
"Gene0793",-0.125936870614402,0.87521064595175
"Gene0794",0.584202653040041,0.48821452949183
"Gene0795",0.329472220344677,0.397059670376339
"Gene0796",0.567982091641521,0.442471388954497
"Gene0797",-0.348317504362442,0.665980887765709
"Gene0798",-0.185855253457635,0.70418535660849
"Gene0799",0.357169115943874,0.611778101189769
"Gene0800",0.39034974722228,0.627932807253738
"Gene0801",0.0684588485385452,0.902227823886745
"Gene0802",0.471999605004192,0.393066365029158
"Gene0803",0.0475642017084615,0.940816072643836
"Gene0804",0.544058614304074,0.548752127749358
"Gene0805",-0.0486138506946996,0.89228279427025
"Gene0806",-0.0422380833790012,0.949675228708236
"Gene0807",0.263297374111814,0.483477633672986
"Gene0808",0.115950822104987,0.850165454412163
"Gene0809",-0.560820795794916,0.31479844750698
"Gene0810",-0.270488674144683,0.752296824285436
"Gene0811",-0.430740451590433,0.357565098389518
"Gene0812",0.136792109808658,0.850778942832507
"Gene0813",-0.392483008604133,0.451546059996616
"Gene0814",-0.0232870867634411,0.964224510524978
"Gene0815",0.348468913460648,0.563542013470599
"Gene0816",-0.800800076348096,0.369781895395998
"Gene0817",-0.280600250940625,0.646093888852765
"Gene0818",-0.380228914397623,0.372866355579108
"Gene0819",-0.363111369629536,0.645377287718173
"Gene0820",0.23490867417367,0.612323055234731
"Gene0821",0.245719858466079,0.707674892190145
"Gene0822",-0.1092812984275,0.839090022624767
"Gene0823",-0.0416466416740844,0.957801079071424
"Gene0824",0.0785486912242847,0.911157229806929
"Gene0825",-0.393341050752671,0.615585634262458
"Gene0826",0.378610162033777,0.550454128236543
"Gene0827",0.441539918263122,0.588370705646091
"Gene0828",0.286379125839598,0.695810708081253
"Gene0829",0.181670357788368,0.836968171608744
"Gene0830",-0.215073284722482,0.788627736371782
"Gene0831",0.98973269364375,0.00807713226207243
"Gene0832",0.525108647239027,0.364917596852186
"Gene0833",-0.0133713729317699,0.984756774684283
"Gene0834",-0.291698017910166,0.756065086971159
"Gene0835",0.15463524811133,0.828421707588865
"Gene0836",-0.126685778175089,0.72346172861277
"Gene0837",-0.13763543126573,0.702753908523185
"Gene0838",-3.36050412606255,1e-12
"Gene0839",-0.0957431147484798,0.833381107014467
"Gene0840",0.166740950050864,0.838180241539922
"Gene0841",0.255902711039374,0.609617442341015
"Gene0842",-0.257659880864307,0.707221189740696
"Gene0843",0.186149065574744,0.77555979308974
"Gene0844",0.146945330979604,0.835449427136503
"Gene0845",0.526877254646893,0.358623799828839
"Gene0846",-2.42692713978601,0.00138702071012726
"Gene0847",0.388257046789335,0.67597438396587
"Gene0848",-0.00889936040254015,0.986741807316459
"Gene0849",0.0281603508709332,0.955744464785532
"Gene0850",0.0318541002867587,0.950330125691006
"Gene0851",0.124355246488824,0.739920443782825
"Gene0852",-3.20555477042126,9.86730545509805e-07
"Gene0853",-0.0143702896631016,0.98222513704508
"Gene0854",0.0296496848031142,0.957311926523722
"Gene0855",0.285504977225381,0.701701311715537
"Gene0856",-0.120766919946807,0.871383091529776
"Gene0857",0.0168861460882878,0.973219230031071
"Gene0858",0.131889780602486,0.744225178569108
"Gene0859",0.0800806665381085,0.924183757754833
"Gene0860",-0.4428057651473,0.25824742713781
"Gene0861",-0.567480760055246,0.344849081457408
"Gene0862",-0.257334600940677,0.764465441406646
"Gene0863",-0.588665510506179,0.501376493018574
"Gene0864",0.512495884423868,0.152162211831683
"Gene0865",0.551899209921253,0.535009275127609
"Gene0866",-0.933383714092488,0.0141377541293966
"Gene0867",2.7252368711965,0.00123823182893332
"Gene0868",0.377501829997135,0.606902760753276
"Gene0869",-0.533082219100319,0.401552106517295
"Gene0870",-0.0786374051624407,0.904624947829259
"Gene0871",-0.100380027445224,0.782271548410616
"Gene0872",0.0934563883538792,0.879173741543164
"Gene0873",0.0745795937873483,0.934351375665412
"Gene0874",0.181750317135076,0.825487532615767
"Gene0875",0.701708695808655,0.116757335573315
"Gene0876",0.373902939344894,0.471911873962303
"Gene0877",-0.183347443424258,0.792983890494359
"Gene0878",-0.633695669200495,0.417685646932472
"Gene0879",0.375133689996692,0.48998528613782
"Gene0880",0.309481283748591,0.490951702145063
"Gene0881",-0.0346466997902643,0.97012990134545
"Gene0882",-0.0429186668711896,0.963196763011232
"Gene0883",0.718811240590656,0.0689468566597304
"Gene0884",0.215200501996689,0.807035510056749
"Gene0885",0.619344524499454,0.474503105762993
"Gene0886",0.470596150028958,0.586139151113843
"Gene0887",0.114914612438583,0.886046787895497
"Gene0888",0.363501126478309,0.646417958180237
"Gene0889",0.250907998255772,0.624282307976072
"Gene0890",0.256018235145839,0.773744751277033
"Gene0891",0.315768494293894,0.71378316414714
"Gene0892",0.53757379298575,0.496078510221862
"Gene0893",-0.421905077331345,0.431276212494521
"Gene0894",-4.9965128429151,3.86014691643066e-10
"Gene0895",-0.150487657347728,0.858827795313474
"Gene0896",0.188673611367313,0.59260052668876
"Gene0897",-0.158803364544378,0.831094155226088
"Gene0898",-0.0992836094440071,0.846932567298264
"Gene0899",0.0926164060016787,0.828747513870071
"Gene0900",-0.251888661809591,0.768789737221142
"Gene0901",-0.166089755283145,0.838646045471841
"Gene0902",-0.0435952325368415,0.943659343797069
"Gene0903",-0.371903211504679,0.448267375271826
"Gene0904",0.68772605515079,0.296008769523394
"Gene0905",-0.620176575290625,0.163944844384728
"Gene0906",0.318333069443137,0.678592866378132
"Gene0907",-0.657664882507848,0.166390484757508
"Gene0908",-0.45618187731966,0.470444669103001
"Gene0909",0.411173912633987,0.618272839686028
"Gene0910",0.0503946505969131,0.918894223779795
"Gene0911",0.251859573999673,0.788121270417525
"Gene0912",0.0451720183345421,0.916591157550605
"Gene0913",0.12253708078099,0.897056921290393
"Gene0914",-0.120699381186264,0.735854565283486
"Gene0915",0.116289809174984,0.857971832499308
"Gene0916",-0.626099766603568,0.301566051414409
"Gene0917",-0.52176706277632,0.164177513350868
"Gene0918",-0.39973867881199,0.601405580818506
"Gene0919",0.0732546919116849,0.925131649616651
"Gene0920",0.0567558260475942,0.912605029505436
"Gene0921",0.00286465327042656,0.997591401745941
"Gene0922",-0.153547941692656,0.843258880067647
"Gene0923",0.397332505151879,0.658785530603614
"Gene0924",-0.0442115012949048,0.957003963801392
"Gene0925",-0.184838259248095,0.797712601118159
"Gene0926",0.286335771626584,0.700086919644544
"Gene0927",-0.63609017170361,0.364889334513427
"Gene0928",0.0603280299420976,0.865713706914761
"Gene0929",0.0482797759160161,0.947593706859216
"Gene0930",1.91946454574455,0.00139795708646619
"Gene0931",-0.513315736967517,0.444635860252164
"Gene0932",0.153742641912368,0.829127037930419
"Gene0933",0.235954554473269,0.759781113563542
"Gene0934",0.821608683735461,0.224390323107574
"Gene0935",0.694602083192614,0.260921503026289
"Gene0936",0.0612178656772651,0.938457433893332
"Gene0937",0.618756988930618,0.218300850566386
"Gene0938",-0.108140602173148,0.858391927983278
"Gene0939",0.154961491500163,0.749224033106148
"Gene0940",2.36119723741391,0.00269230869417277
"Gene0941",0.600471157563734,0.265370761365408
"Gene0942",-0.0823988477737578,0.864733183439088
"Gene0943",0.412347242526721,0.40879439693282
"Gene0944",-0.538890170026018,0.499933161367437
"Gene0945",0.0224728694604044,0.96499498809416
"Gene0946",0.546088136093742,0.395846691843316
"Gene0947",0.120526106259203,0.875133842093665
"Gene0948",-0.43430895906828,0.468742849174705
"Gene0949",-0.368470211181864,0.673605665623709
"Gene0950",-0.150650773726123,0.873591666692466
"Gene0951",0.664284611215611,0.17774002019275
"Gene0952",0.690170203362932,0.169315879841479
"Gene0953",-0.0250743227207894,0.959495243584524
"Gene0954",0.781493856255959,0.407380734819412
"Gene0955",-0.0993551830537787,0.788286331112467
"Gene0956",0.412994938224905,0.589479457588664
"Gene0957",0.593070960385712,0.305843431258981
"Gene0958",0.331964324245831,0.633713707631769
"Gene0959",0.209658722864541,0.71362193101451
"Gene0960",-0.537141041835629,0.482961584311842
"Gene0961",-1.02397403522477,0.0434602451471564
"Gene0962",-0.397313965241249,0.316611874317958
"Gene0963",0.0117076000891554,0.982511253338566
"Gene0964",-0.0477785831707918,0.959069355786117
"Gene0965",0.448004160548614,0.635107864527101
"Gene0966",-0.065189440384422,0.944809255569378
"Gene0967",-0.291957456165088,0.703454963853855
"Gene0968",-0.179439215753257,0.772492841880831
"Gene0969",-0.666819311397904,0.158977428813691
"Gene0970",0.527406245866304,0.24421410773529
"Gene0971",-0.587819757785281,0.341353989197737
"Gene0972",0.342196270897685,0.422919379939648
"Gene0973",0.41326522311354,0.628370858726779
"Gene0974",0.457474917876505,0.360890464311731
"Gene0975",2.16752788033337,5.8995334991863e-06
"Gene0976",-0.289248021061567,0.56239609706317
"Gene0977",0.345744181613301,0.377747131302223
"Gene0978",0.0597522049264158,0.934536815045159
"Gene0979",-0.257314024494547,0.711076115398952
"Gene0980",0.063906376044913,0.90795422625579
"Gene0981",-0.460640868476372,0.305134720322049
"Gene0982",0.0352857909711131,0.919712642592725
"Gene0983",-1.1948246318895,0.122833250539619
"Gene0984",-0.0276836317208179,0.949939265228714
"Gene0985",0.230286988720914,0.796922722424594
"Gene0986",-0.182903920102122,0.740166096784949
"Gene0987",-0.306375356624065,0.676936452581156
"Gene0988",-2.93602216924395,0.000498691562733303
"Gene0989",1.08291767570874,0.0264377893709111
"Gene0990",0.799772230485366,0.10773193047227
"Gene0991",-0.151876427828438,0.797711255163942
"Gene0992",0.272192487841015,0.52515096308337
"Gene0993",-0.0999384633290093,0.834615255723964
"Gene0994",0.882377790769721,0.321887649131075
"Gene0995",0.211165426661031,0.765121643571853
"Gene0996",5.50646417948527,9.19445851820082e-11
"Gene0997",0.188442450657605,0.719303848519686
"Gene0998",1.27761499452042,0.00127998117764611
"Gene0999",0.442215616612815,0.636026965369757
"Gene1000",0.199448146431276,0.771288103018636
"Gene1001",-0.361537402702322,0.494256136688023
"Gene1002",1.40713947918399,0.000114103182768889
"Gene1003",0.344242449018303,0.426458681623384
"Gene1004",-0.317894633541998,0.703054321482905
"Gene1005",-0.452213142201933,0.623511622208103
"Gene1006",0.27043997241713,0.456261341626163
"Gene1007",-0.267942228249864,0.646558146395491
"Gene1008",0.270843171176678,0.57226876489479
"Gene1009",0.358470257044082,0.324949613984258
"Gene1010",0.297199977811724,0.715001740276599
"Gene1011",0.0698071946112941,0.868652866488004
"Gene1012",-0.467720708678265,0.275184828341589
"Gene1013",0.126237526349743,0.836307240066895
"Gene1014",0.0486847699744351,0.948424074588158
"Gene1015",-0.141585068807745,0.869235809279895
"Gene1016",-0.0578267005826695,0.943034651790014
"Gene1017",-1.14746152865273,0.0545891473574779
"Gene1018",0.0703738973692601,0.887270894142011
"Gene1019",-0.689930158399527,0.373611015639351
"Gene1020",-0.108860449171935,0.879719077967504
"Gene1021",0.160206036753659,0.786409371303274
"Gene1022",-0.599898650854605,0.451062808859667
"Gene1023",-0.286174698115865,0.753804316090175
"Gene1024",-0.143315639020624,0.783466676139983
"Gene1025",-1.75264250071819,2.73414450276849e-06
"Gene1026",0.720690267988643,0.304753444606496
"Gene1027",1.61850931945285,0.000366468589408042
"Gene1028",-0.393921729263336,0.351721824375133
"Gene1029",0.0175702121288308,0.976719846501467
"Gene1030",-0.0642878561673332,0.929345426359542
"Gene1031",0.0830913972472755,0.918950572230448
"Gene1032",-0.199755505639617,0.661756883744586
"Gene1033",0.237602813659215,0.629536475862576
"Gene1034",-0.512870920411839,0.446432589418818
"Gene1035",-0.398190728864709,0.268129086899746
"Gene1036",-0.346379628429734,0.540142639220751
"Gene1037",0.277500318133537,0.569389111528739
"Gene1038",0.0885538131469007,0.848125498761881
"Gene1039",-0.263176024431441,0.772147083363947
"Gene1040",-1.69802323439979,0.0674028035305653
"Gene1041",0.49854234999285,0.414919949094159
"Gene1042",-0.32557956214438,0.64126546501215
"Gene1043",0.389535314968966,0.629595675825533
"Gene1044",0.562302797322053,0.536951963652389
"Gene1045",-0.438312557026623,0.291572194354098
"Gene1046",0.810408470218799,0.183046730881573
"Gene1047",-0.0776329095899845,0.924349771093505
"Gene1048",0.530434066001056,0.25672796580619
"Gene1049",-0.0486198563653065,0.918124901166031
"Gene1050",-0.538455893616671,0.323419972402986
"Gene1051",1.22697498943125,0.183040779105574
"Gene1052",1.24602155085654,0.0622458052253819
"Gene1053",0.213549391907277,0.742979992547394
"Gene1054",-0.00455516432703114,0.996140900674201
"Gene1055",-0.499349249132033,0.378071246572647
"Gene1056",0.359302269185692,0.537542030766732
"Gene1057",0.0741318518100205,0.936624320075158
"Gene1058",-0.17912297578358,0.838614453874012
"Gene1059",-1.40777488062181,0.136262869216075
"Gene1060",0.521351439819606,0.347572536101831
"Gene1061",-0.190804258506956,0.76129217020168
"Gene1062",-0.428283821190606,0.616204093507326
"Gene1063",-0.61881674665365,0.478524913826886
"Gene1064",-0.166107755598176,0.711862909072325
"Gene1065",0.435522325208142,0.390640516939512
"Gene1066",0.259229934225444,0.750599834663921
"Gene1067",1.20476376944832,0.0488295189628444
"Gene1068",0.43549325549288,0.515564007145674
"Gene1069",1.27475425388835,0.00125448932481989
"Gene1070",-0.558901160487967,0.214002652527598
"Gene1071",0.615232027011442,0.427155856196364
"Gene1072",0.599392550828388,0.483659078738733
"Gene1073",-1.82209122372182,0.0132474355542225
"Gene1074",0.509613477698311,0.394396198536354
"Gene1075",1.5179079541774,0.00989727495280976
"Gene1076",0.279815810844439,0.548158758114086
"Gene1077",-0.196956588441567,0.605228943583219
"Gene1078",0.0413632847534298,0.916044507799001
"Gene1079",-0.131912740549349,0.81676872488379
"Gene1080",0.321310799385642,0.732646701640998
"Gene1081",-0.0750077965317768,0.926281389076665
"Gene1082",0.391489239712279,0.669301753566288
"Gene1083",0.00573233218067774,0.990292341774124
"Gene1084",-0.400131401260535,0.535002648601843
"Gene1085",0.374565559194284,0.685135219136337
"Gene1086",0.113566585708871,0.902301377961037
"Gene1087",-0.229178968002563,0.617586725700263
"Gene1088",-0.272783967595939,0.70801841217764
"Gene1089",-0.333848468102791,0.718362307816114
"Gene1090",-0.00868353451419559,0.984234290068138
"Gene1091",0.420405123163914,0.487261420597014
"Gene1092",0.250223604619381,0.742428227682618
"Gene1093",-0.152544672904768,0.856433994776302
"Gene1094",0.271481296628686,0.634988485485077
"Gene1095",-1.13886177027697,0.202419579334138
"Gene1096",0.235941484236208,0.779462067809642
"Gene1097",0.482097982507741,0.401521688072033
"Gene1098",0.35992894734656,0.525019975867394
"Gene1099",-0.369586072544707,0.533199367456372
"Gene1100",-0.19392812554809,0.825285049020196
"Gene1101",-1.05224892610593,0.142486040803655
"Gene1102",-0.431097921160364,0.607611881616161
"Gene1103",1.16185543304778,0.160965507113508
"Gene1104",-0.653720911013987,0.268290926405408
"Gene1105",-0.052505536247411,0.919445684319635
"Gene1106",-0.0641967552057198,0.935814782761733
"Gene1107",2.34896606414687,3.12090504627486e-06
"Gene1108",-0.014449343887573,0.968795367436604
"Gene1109",0.407669178510959,0.62888492487757
"Gene1110",-0.156527055118791,0.75805543556735
"Gene1111",0.683520493726486,0.39311640490424
"Gene1112",0.30260268071745,0.694320678543608
"Gene1113",0.375173713390556,0.689322218503197
"Gene1114",-0.617111416241385,0.189973510828784
"Gene1115",1.74237392813368,0.0356925772983221
"Gene1116",0.0426128949267689,0.904387066676934
"Gene1117",-0.296835372267911,0.691096373366105
"Gene1118",-0.346103783714144,0.547374407025878
"Gene1119",0.49594930464937,0.249753246798085
"Gene1120",-0.716198233936852,0.218189886003999
"Gene1121",-0.269906729378026,0.687637313064434
"Gene1122",0.200369891460335,0.696533722789665
"Gene1123",-0.0617301865673321,0.93822999884301
"Gene1124",-0.333017174567027,0.376635381345878
"Gene1125",0.582616951072114,0.148609652301526
"Gene1126",0.0987459510002253,0.895314099536018
"Gene1127",-0.680378461856373,0.0830862791451447
"Gene1128",-1.38422239788138,0.109583580389718
"Gene1129",0.249763252849126,0.704183736472674
"Gene1130",0.693069398537755,0.356524664259637
"Gene1131",0.234152969227873,0.785727602278656
"Gene1132",0.0112328774506449,0.988705058264354
"Gene1133",-0.776253889040521,0.399864952598897
"Gene1134",-0.957051936337653,0.276300447095726
"Gene1135",-0.261081995583224,0.76434325410879
"Gene1136",0.158565920872542,0.819768146524239
"Gene1137",-0.420511968112433,0.631573039177723
"Gene1138",0.210235399917191,0.800942425677851
"Gene1139",-0.898939353173658,0.256732156509548
"Gene1140",0.8019388803752,0.212873812362277
"Gene1141",-0.250172569319186,0.700046911576604
"Gene1142",0.22800786774167,0.564718413888015
"Gene1143",-0.678859613374409,0.342461812354736
"Gene1144",0.0723043670236615,0.906211270313774
"Gene1145",0.738777165432444,0.157181820785966
"Gene1146",0.381492672083418,0.536825983046656
"Gene1147",0.144001814789373,0.824817075328482
"Gene1148",-1.55288420315676,0.099217738431095
"Gene1149",-0.0618358142857032,0.943378703108714
"Gene1150",1.06366169202546,0.0342852225378178
"Gene1151",-0.147317572289988,0.796385354468416
"Gene1152",-0.193184246437153,0.807117742621385
"Gene1153",-0.218829536902931,0.661910342924256
"Gene1154",0.971138069080279,0.0972604726309414
"Gene1155",0.138936954886974,0.761014067551473
"Gene1156",0.0607904393299808,0.901660171450279
"Gene1157",-2.63462769629611,0.00177513931575018
"Gene1158",0.154675436485546,0.797734796759815
"Gene1159",-0.443153050492901,0.564984798456401
"Gene1160",-0.110696538868291,0.901376582928522
"Gene1161",0.0339354704262937,0.965240004585711
"Gene1162",0.788116656663528,0.227489572934419
"Gene1163",-0.574549146147943,0.505803308113451
"Gene1164",-0.0821234436120473,0.847935601640261
"Gene1165",-2.08078477808391,0.00035082465571384
"Gene1166",-0.219519953728527,0.792021811523648
"Gene1167",-0.730330222823817,0.295832960013158
"Gene1168",-0.247773263054566,0.732173846017226
"Gene1169",-0.626968236401944,0.28697829724135
"Gene1170",-1.06587737549292,0.14376122886524
"Gene1171",-0.0340859370390502,0.970330533324042
"Gene1172",-0.658700776242077,0.354898750006281
"Gene1173",0.0669130236039053,0.943077220464921
"Gene1174",0.283891625157029,0.6954473616946
"Gene1175",-0.257250795407138,0.777493225028206
"Gene1176",-0.0366194064526487,0.94955101978857
"Gene1177",-0.2434271637987,0.764922779615016
"Gene1178",0.0011005442898123,0.998857411866476
"Gene1179",-0.295142748918736,0.743262186808317
"Gene1180",-0.239409919144409,0.571694631169355
"Gene1181",0.296097732448951,0.733442619663185
"Gene1182",-0.218415050200542,0.805983578625135
"Gene1183",0.309660153643134,0.603278737253136
"Gene1184",0.0791469499360734,0.884571179640721
"Gene1185",-0.196382586224207,0.830633379769067
"Gene1186",-0.191830858095379,0.77726436812002
"Gene1187",0.115674014911752,0.85169336841686
"Gene1188",-0.263716007516278,0.768970914888846
"Gene1189",0.407798285968911,0.548921180954363
"Gene1190",-0.0974321977978324,0.823558287061646
"Gene1191",-0.184050393133274,0.841650726723352
"Gene1192",1.59713989963648,0.0153758979644474
"Gene1193",0.0742302410652535,0.933614826423448
"Gene1194",0.0637644512955003,0.935003351942829
"Gene1195",-0.422604032571928,0.44705257624762
"Gene1196",0.544091477070525,0.48802375473139
"Gene1197",-0.608220645149613,0.482918891051883
"Gene1198",-0.132766577550019,0.814962398443879
"Gene1199",0.396198513158656,0.455377270988958
"Gene1200",-0.112078199705951,0.799708332298506
"Gene1201",-0.313734870459643,0.531764472984584
"Gene1202",-0.136519922992299,0.862515643070431
"Gene1203",-0.377526843554418,0.421722148590185
"Gene1204",0.461701647746226,0.311274469635547
"Gene1205",0.264669272321179,0.668550209613726
"Gene1206",-0.0975486480007973,0.880420852254493
"Gene1207",-0.36759613670918,0.474096311013729
"Gene1208",-0.389859728178814,0.579395845296792
"Gene1209",0.473286249444102,0.614165797900711
"Gene1210",0.276020044578414,0.692275825853347
"Gene1211",-0.452897309422565,0.209535905551966
"Gene1212",0.0167570683639484,0.980692833822813
"Gene1213",0.308028410948028,0.565626445459789
"Gene1214",-0.355740734660763,0.619953256328859
"Gene1215",-0.0554586388413608,0.898409585291096
"Gene1216",-0.788183877673209,0.264694377091412
"Gene1217",-0.078153383595186,0.906719543829585
"Gene1218",-3.76831274166716,1.86395093395101e-06
"Gene1219",0.325417190301101,0.440693277119976
"Gene1220",-0.451502946007889,0.256259004277295
"Gene1221",-2.73131762338969,9.61216048914188e-08
"Gene1222",0.632707807980971,0.417392204023232
"Gene1223",-0.0742126379254596,0.899031664002847
"Gene1224",-0.186693722566354,0.834856704012215
"Gene1225",0.000771917261217091,0.99896594586846
"Gene1226",-0.121388250505216,0.823213863299102
"Gene1227",-0.170051629486974,0.831004539091442
"Gene1228",0.0758580577235461,0.900093276895111
"Gene1229",-0.401970245455858,0.613374885076568
"Gene1230",0.155521037141165,0.666759875947938
"Gene1231",0.00417528310713997,0.991644535240893
"Gene1232",-0.00324801575934021,0.992936409616263
"Gene1233",-0.105832143847723,0.895784675696842
"Gene1234",0.172324257596179,0.848565338466821
"Gene1235",-0.210951866133938,0.725674928429778
"Gene1236",-0.23879678188083,0.756665156856721
"Gene1237",0.1003580330783,0.791862586286307
"Gene1238",0.0579552247013894,0.9418251774287
"Gene1239",-0.294718877417218,0.69320891653129
"Gene1240",-0.287739801570866,0.731868052473758
"Gene1241",-0.500272788541292,0.259884610262751
"Gene1242",-1.28250536094706,0.0304424197859802
"Gene1243",0.220494430635223,0.621588887466618
"Gene1244",0.392187381810077,0.663634237064726
"Gene1245",0.322790344560261,0.698740830376302
"Gene1246",0.737984915833768,0.395243301278727
"Gene1247",0.278737784574999,0.660759315199444
"Gene1248",-0.935853764988901,0.0727716388424682
"Gene1249",-0.079866492121308,0.863670841970786
"Gene1250",0.018488001657918,0.979603282092177
"Gene1251",0.0580374922707125,0.874165828025118
"Gene1252",-0.057534040754586,0.939938868231913
"Gene1253",0.340133174130634,0.595524414589223
"Gene1254",0.273095385232584,0.491956511259637
"Gene1255",0.316583360172501,0.537111382904536
"Gene1256",-0.45254988196952,0.503191849449735
"Gene1257",-0.176196284039396,0.7640867197569
"Gene1258",0.26697721684523,0.720020117650433
"Gene1259",-0.619031739410553,0.428704967889363
"Gene1260",-0.73238475484813,0.119426299661137
"Gene1261",0.364327963799341,0.620183732063769
"Gene1262",0.254056016513482,0.735939406830738
"Gene1263",-0.305652299619322,0.712662960184822
"Gene1264",-0.238668357152432,0.672411355571671
"Gene1265",-0.194637372482454,0.695091191680724
"Gene1266",-1.63901397841135,0.0339948010007871
"Gene1267",-0.522391869973559,0.139340980438129
"Gene1268",-0.0485496343290619,0.918697228662396
"Gene1269",0.207388912780881,0.63916558668202
"Gene1270",-0.0117464410199066,0.982594595585407
"Gene1271",-0.0725923380639388,0.848976741546414
"Gene1272",-0.0667885273551198,0.880318537455187
"Gene1273",0.606410052229511,0.466374802163191
"Gene1274",-0.227910683457832,0.736923638688468
"Gene1275",-0.244216172430424,0.782599007765231
"Gene1276",0.366120204125311,0.331490012355982
"Gene1277",-0.0174722361700187,0.984840508936474
"Gene1278",0.611418070787883,0.376195080881145
"Gene1279",0.140068140659156,0.779206731803557
"Gene1280",0.194592466748279,0.696721804725699
"Gene1281",0.72763296169286,0.241700719366777
"Gene1282",-0.241161152344025,0.625088693148272
"Gene1283",0.467437692405326,0.566969355281793
"Gene1284",-0.209157956993694,0.636650362888733
"Gene1285",-0.0236064875675884,0.977477237479191
"Gene1286",-0.391501229182481,0.590670828628452
"Gene1287",0.108682221729536,0.890683613514076
"Gene1288",0.144321140346598,0.86599637199008
"Gene1289",-0.514740038117442,0.57524974862065
"Gene1290",-0.467550166503446,0.418457666554912
"Gene1291",0.227422765178229,0.652871717704537
"Gene1292",-0.359424552720675,0.419262307773758
"Gene1293",-0.69755384956925,0.0873474967542496
"Gene1294",-0.553284713198648,0.534687155979229
"Gene1295",-0.520171661096656,0.545467642869236
"Gene1296",-0.380514516777911,0.346279300764666
"Gene1297",0.0168569482318664,0.980726689852327
"Gene1298",-0.225122680512544,0.725450663665234
"Gene1299",0.489188881292416,0.448469782292788
"Gene1300",0.0728436381061849,0.903295557971107
"Gene1301",1.46047516386517,0.007661183715671
"Gene1302",1.05825885656083,0.187967530665723
"Gene1303",0.381967598612383,0.584875820494108
"Gene1304",-2.66100929020801,3.0919064138613e-05
"Gene1305",-0.163229027469005,0.766566656277053
"Gene1306",0.146924313464397,0.861231394290372
"Gene1307",-0.145287645581177,0.741187885757349
"Gene1308",0.408994974916903,0.649081109569586
"Gene1309",0.277679894847617,0.658552287177065
"Gene1310",0.133244025841177,0.865581050839763
"Gene1311",0.117268955057502,0.839629507980735
"Gene1312",0.161183518005515,0.737430761707367
"Gene1313",-0.0188066316002819,0.976171760314522
"Gene1314",1.83204092113152,0.0291962029136184
"Gene1315",0.0780344633582511,0.89098884726749
"Gene1316",-0.605462093398981,0.327956081244739
"Gene1317",1.5798159184931,0.00151329182931112
"Gene1318",-0.150209846347817,0.813144155038638
"Gene1319",0.077576045514414,0.90058582358301
"Gene1320",2.50678181110464,0.000139783694000732
"Gene1321",0.119758742207634,0.824748497714992
"Gene1322",0.352507820168591,0.679438115018091
"Gene1323",-0.33197023943401,0.581272088962713
"Gene1324",-0.0786189263811824,0.933461806505843
"Gene1325",-0.763992996821405,0.296819131608047
"Gene1326",0.372120388372161,0.634814101771358
"Gene1327",-0.239070405838941,0.738644297291221
"Gene1328",-2.9538698489719,6.0281156433952e-08
"Gene1329",0.643026041556146,0.424998848772809
"Gene1330",0.243183927136739,0.720895572272102
"Gene1331",-0.37673671862589,0.50069255960066
"Gene1332",0.160721291975492,0.822102483936809
"Gene1333",-0.398956887735355,0.555717389286504
"Gene1334",0.0485253599348827,0.956536664163006
"Gene1335",0.431291613554556,0.367957342283812
"Gene1336",0.640678379147196,0.246876801374605
"Gene1337",0.111443735514046,0.856359019388643
"Gene1338",0.270848832785026,0.713715873221971
"Gene1339",-0.220368598180686,0.646624945870018
"Gene1340",0.936799068059244,0.0736451931910126
"Gene1341",-0.28457327962379,0.71174949259247
"Gene1342",0.442317691950881,0.4730773336095
"Gene1343",-0.460479019976934,0.367208243547762
"Gene1344",-0.284829308644742,0.708778620555991
"Gene1345",0.510986400611555,0.581798362981175
"Gene1346",0.168001093849673,0.64855043629548
"Gene1347",-0.555497543031726,0.284308247784164
"Gene1348",0.0835581771697996,0.921653123871598
"Gene1349",-0.14222356911888,0.833190819504094
"Gene1350",0.288842734088809,0.629661185812051
"Gene1351",0.319641226181895,0.480961001710703
"Gene1352",0.503623917740048,0.370704505470867
"Gene1353",0.0784213189688969,0.922310253515452
"Gene1354",0.873981240083409,0.0297848475535823
"Gene1355",-0.130337249840116,0.864543548725118
"Gene1356",0.0277777722369159,0.967178083397262
"Gene1357",-0.210589966995795,0.815488359419551
"Gene1358",0.0573103194841103,0.945693575385626
"Gene1359",-0.0680151424047623,0.884057752071654
"Gene1360",-1.57439846695198,0.0738294106148728
"Gene1361",0.215672571581642,0.669611251859494
"Gene1362",-0.272500211562363,0.470005540959707
"Gene1363",-0.760236393740958,0.348722691382556
"Gene1364",-0.628167798520909,0.29054179148874
"Gene1365",0.205881843360251,0.671472486178525
"Gene1366",-0.550400252767776,0.3395384613146
"Gene1367",0.358084262240085,0.545756252454346
"Gene1368",0.0265733435554888,0.972097825423956
"Gene1369",-0.0390107337146519,0.928528132128137
"Gene1370",-0.581624825337382,0.512120540562203
"Gene1371",-0.234712406922556,0.733734550887883
"Gene1372",0.280216842912654,0.570883893148225
"Gene1373",0.385391758732822,0.452327558946764
"Gene1374",-0.437072980747732,0.578982209563615
"Gene1375",0.309373190980568,0.5861480742055
"Gene1376",0.38208710851225,0.376842834370526
"Gene1377",-0.588684831028479,0.354341378587249
"Gene1378",-1.54213161910451,0.00119335493479251
"Gene1379",0.0404659774135548,0.946745839208338
"Gene1380",-0.107502091877983,0.905997934819938
"Gene1381",-0.798605927131225,0.148137074899699
"Gene1382",0.152396045859015,0.791280889899444
"Gene1383",0.0877713259448711,0.913688852193287
"Gene1384",0.62965110835424,0.0862925777565057
"Gene1385",-0.221599750390413,0.791526801740351
"Gene1386",0.0425719431306348,0.946289134309008
"Gene1387",-0.324696960840526,0.663069391871682
"Gene1388",-0.306471431958954,0.666265541427608
"Gene1389",-0.0941560239711003,0.910416328406939
"Gene1390",0.239004199899224,0.554686867813915
"Gene1391",0.500652307365453,0.548492382086694
"Gene1392",-1.76020573936131,0.061986388566839
"Gene1393",-0.278044179187257,0.449381742098753
"Gene1394",0.0911386496211438,0.894122926216582
"Gene1395",0.242360439555574,0.777713552465489
"Gene1396",0.272596068689012,0.619732416575425
"Gene1397",-0.0108375583535802,0.98606398739809
"Gene1398",-0.562740247207633,0.19346985857032
"Gene1399",-0.231073031015098,0.762960260928235
"Gene1400",0.324470146757957,0.483330644127169
"Gene1401",0.358255363750442,0.476083713229593
"Gene1402",-0.425977863735368,0.609102246291003
"Gene1403",0.0612452144342217,0.942779349538357
"Gene1404",-0.22868962622233,0.68274940846963
"Gene1405",0.705296834427183,0.279543138149108
"Gene1406",0.0782262991007303,0.932436562564877
"Gene1407",-0.449764096337981,0.450067160373518
"Gene1408",1.3439017568283,0.00109737363811899
"Gene1409",-0.167949619642609,0.650689474269554
"Gene1410",-0.126848413018326,0.836541370581235
"Gene1411",-0.219644763193057,0.73900166923524
"Gene1412",0.40230848900305,0.288667775998403
"Gene1413",-0.336974681141462,0.680828492597156
"Gene1414",2.31114563700233,5.24247664815127e-05
"Gene1415",0.322766341557364,0.731946360038469
"Gene1416",-0.627621085138471,0.48229419360239
"Gene1417",-0.555488648054536,0.539857241507276
"Gene1418",-0.0149976645468563,0.979764672220926
"Gene1419",-0.0909623986246779,0.917625498620924
"Gene1420",0.135632967144308,0.870947891823464
"Gene1421",-2.80196083276127,1.73193712195584e-05
"Gene1422",-0.596215107129127,0.48072331799032
"Gene1423",0.400824571154749,0.340396385580765
"Gene1424",-0.136033124034945,0.858344328284819
"Gene1425",-0.0691412217614125,0.917213795786372
"Gene1426",1.59130123460427,0.00445602036469461
"Gene1427",0.450501482685745,0.304415552036828
"Gene1428",-0.0853809210911066,0.908477622595751
"Gene1429",0.00217666869634993,0.997324995988943
"Gene1430",-0.231647552399098,0.787032516406337
"Gene1431",-0.121385626939511,0.870516520253546
"Gene1432",0.468906356997728,0.421855465464984
"Gene1433",0.207346743174366,0.810141058112468
"Gene1434",0.251616405742589,0.720847747203499
"Gene1435",-0.143996747173429,0.840080470241996
"Gene1436",0.407040529038077,0.289044965999287
"Gene1437",0.315710669083869,0.690610850395825
"Gene1438",0.0744161086436466,0.912799666429944
"Gene1439",-0.0922108491994656,0.875826989956943
"Gene1440",-0.291095995903418,0.657943674799466
"Gene1441",-0.416732082894005,0.56939968647847
"Gene1442",-0.471589345514376,0.608966654352205
"Gene1443",-0.214263171750005,0.5998551228443
"Gene1444",0.166307116632993,0.791610232497994
"Gene1445",-0.180926528220026,0.630946441291874
"Gene1446",2.17653088439834,0.0115197345858299
"Gene1447",0.502344382977678,0.187538644380617
"Gene1448",-0.24749836847644,0.73810601189752
"Gene1449",0.0347863473781358,0.946697408393475
"Gene1450",0.0913818540965685,0.919207921611601
"Gene1451",-0.251566897024129,0.743587014055007
"Gene1452",3.57153431188906,6.37314813419116e-07
"Gene1453",0.39884885987029,0.633503482053349
"Gene1454",-0.0969518556283143,0.832544997502955
"Gene1455",0.15811593812924,0.855912854716021
"Gene1456",0.522123995142824,0.325163106320987
"Gene1457",-0.0115880019884154,0.988655856698427
"Gene1458",-0.0164343461929894,0.974393915761678
"Gene1459",-0.670121849605956,0.256046565352944
"Gene1460",-0.00459423773011163,0.995990430160796
"Gene1461",0.0208069082502698,0.982490359519926
"Gene1462",-0.402523503032782,0.411132345147402
"Gene1463",0.967863702064402,0.0261313220203019
"Gene1464",-0.309274924486812,0.427507609714107
"Gene1465",0.234866125432225,0.7661540410316
"Gene1466",0.001713154560455,0.997377694007902
"Gene1467",-0.0633773549254758,0.935380692759246
"Gene1468",0.134357798348859,0.709451094167898
"Gene1469",-0.333480371730635,0.462545367705475
"Gene1470",-0.128464454310867,0.867722775191463
"Gene1471",0.110148750190211,0.889690150684287
"Gene1472",-0.248238013397764,0.786907085655266
"Gene1473",0.150313301111685,0.847808352453806
"Gene1474",-0.46345370865606,0.598077210785611
"Gene1475",0.00936632191347546,0.985755673128234
"Gene1476",0.197758291681067,0.831928658881586
"Gene1477",-0.456426004956436,0.264390665141993
"Gene1478",0.207346075625064,0.703384920725397
"Gene1479",0.36889115309876,0.395049596167891
"Gene1480",-0.0802912014918396,0.919955216605732
"Gene1481",0.528099070532079,0.402729524644063
"Gene1482",-0.186144803693917,0.649698283702802
"Gene1483",0.187258131140136,0.826279008310775
"Gene1484",-0.198418084583156,0.721899112387504
"Gene1485",-0.829579465702069,0.0693596243913825
"Gene1486",0.580523367290023,0.350415094006412
"Gene1487",0.655409043592289,0.28539601552831
"Gene1488",-0.778810960186589,0.0845639634268727
"Gene1489",-0.472936741357326,0.564732047603686
"Gene1490",-0.240179819063178,0.747927875901817
"Gene1491",-1.88952802118831,0.0233179334920322
"Gene1492",0.204040426447593,0.743833103665804
"Gene1493",-0.566877347849185,0.432603536340731
"Gene1494",-0.150984261345621,0.794445719983833
"Gene1495",1.57252605709129,0.0745474842662148
"Gene1496",0.314214424647234,0.663845170144536
"Gene1497",0.116014905181389,0.900030342591425
"Gene1498",1.29445987213483,0.0683959593110769
"Gene1499",0.58592572678216,0.383768578805086
"Gene1500",-0.0576196846077658,0.93364260386098
"Gene1501",0.704459900406738,0.438029070524758
"Gene1502",-0.347272911389988,0.424419025640158
"Gene1503",-0.533252371800495,0.384629771727584
"Gene1504",-0.223716396666894,0.740293790230038
"Gene1505",-0.282722060922227,0.674329861996098
"Gene1506",-0.151280559554929,0.717176290404355
"Gene1507",-1.85355911633057,0.00435986878890903
"Gene1508",-0.487873926627324,0.515463218580752
"Gene1509",-0.231395770409127,0.703198383531853
"Gene1510",0.910411026211565,0.0110041961457651
"Gene1511",0.223194995965813,0.742823312254787
"Gene1512",-0.0837209377575465,0.929638074366233
"Gene1513",0.750870779483237,0.0404842933095069
"Gene1514",0.360559796819894,0.612910226899569
"Gene1515",0.397765752372647,0.375900069829524
"Gene1516",0.819467664803218,0.0349765271426623
"Gene1517",0.0379219606080555,0.947033201815836
"Gene1518",0.387093920227953,0.550749842858616
"Gene1519",-0.3152517079993,0.373362934601566
"Gene1520",-0.106414770515225,0.763966956802873
"Gene1521",0.0806458553399297,0.896024122288653
"Gene1522",0.779637476397339,0.279211508561037
"Gene1523",0.078712586340612,0.93278637230212
"Gene1524",0.542691079069661,0.128523939498014
"Gene1525",0.629447158867913,0.394637332572926
"Gene1526",-0.305503334369055,0.580092149467759
"Gene1527",0.0232077866697463,0.968840674856578
"Gene1528",-0.204843086263473,0.741450948610489
"Gene1529",0.0319287762281332,0.969511811423713
"Gene1530",0.780581700880752,0.164372014839638
"Gene1531",0.307773036946873,0.72083451834024
"Gene1532",0.0482693102697529,0.918262795770795
"Gene1533",2.53871875619697,0.0018853911839962
"Gene1534",0.132734070243934,0.868451597554735
"Gene1535",-0.554596749233712,0.13303806913037
"Gene1536",1.28497323451131,0.120046808867264
"Gene1537",0.0554523389466134,0.895913969463041
"Gene1538",-0.184853904054361,0.628040802325173
"Gene1539",-0.556725331947568,0.391836990497882
"Gene1540",-0.288880572569879,0.645671695347417
"Gene1541",-0.358091528821275,0.63163373929242
"Gene1542",0.423856977331205,0.31804517520951
"Gene1543",0.262214980789176,0.555879185736905
"Gene1544",-0.0465070147644069,0.924234649087266
"Gene1545",0.0653714713664784,0.941709436674623
"Gene1546",-0.0907256479000438,0.913383554243072
"Gene1547",-0.261760909903838,0.683650122529307
"Gene1548",-0.0944049746191099,0.804094786298244
"Gene1549",1.39790517030732,0.0259347708272538
"Gene1550",0.139806959605875,0.859691938252151
"Gene1551",-0.0644730551987484,0.936828721947364
"Gene1552",-0.0658295480777687,0.896813893333739
"Gene1553",-0.0126944271917907,0.987586885596834
"Gene1554",0.461426121010585,0.49071495305592
"Gene1555",-0.129710464743603,0.876778984733077
"Gene1556",-0.267451434603976,0.766449517375545
"Gene1557",0.0739765041741106,0.855613627719546
"Gene1558",0.135883593754168,0.841680841057195
"Gene1559",0.333248830398684,0.364479929250298
"Gene1560",-0.265821033543031,0.580271211889054
"Gene1561",0.154884650886368,0.786302910379687
"Gene1562",-0.0432246877226296,0.958974461449151
"Gene1563",-0.247900383202705,0.731261304431376
"Gene1564",-0.381011220596455,0.450367392348873
"Gene1565",-0.500010630347209,0.527369451407227
"Gene1566",-0.0013501424409548,0.99880478085594
"Gene1567",0.683633428367104,0.374974544902532
"Gene1568",-0.1023459021384,0.907047484010211
"Gene1569",-0.173624353777209,0.817707988116708
"Gene1570",0.820790060005744,0.274318799276562
"Gene1571",0.58071316984471,0.409875827231674
"Gene1572",-1.78196663444808,0.0131684590691039
"Gene1573",0.731678989864639,0.390857400076332
"Gene1574",-0.367198332839471,0.529912120293653
"Gene1575",0.434031323894963,0.598994299922538
"Gene1576",0.108772621575806,0.769413948694544
"Gene1577",-1.00947167042849,0.16549694329657
"Gene1578",-0.302623559952601,0.734216032250083
"Gene1579",0.335736504401279,0.525643160401935
"Gene1580",0.321543603696136,0.63053215168681
"Gene1581",-0.333337776120904,0.670675737260903
"Gene1582",0.280170890534059,0.561293094095876
"Gene1583",0.281029531362594,0.59273975849049
"Gene1584",-0.269872507926738,0.615219777979014
"Gene1585",-0.755720129832092,0.226231303574215
"Gene1586",-0.0521362757673336,0.907175596582648
"Gene1587",-0.135110747895958,0.884437213501462
"Gene1588",-0.184384775927759,0.778954366621027
"Gene1589",1.53199264978149,0.0509050758791921
"Gene1590",0.0124745349471189,0.979114051433266
"Gene1591",0.160620551648625,0.854835855707286
"Gene1592",0.0175144684193819,0.960284504012213
"Gene1593",0.517588145569689,0.447326507063317
"Gene1594",0.236604436012789,0.697982407914918
"Gene1595",0.20902386087818,0.687357306402947
"Gene1596",-2.3557932547897,2.1721439027423e-10
"Gene1597",0.123717346446365,0.88527184953415
"Gene1598",2.74117895474705,4.31165171114339e-06
"Gene1599",-0.0233201876350194,0.975436351457335
"Gene1600",0.787691567927582,0.0869467123012572
"Gene1601",0.19567497989394,0.698817161344824
"Gene1602",-0.351457552065663,0.655329193936318
"Gene1603",0.314967969017411,0.654939054497626
"Gene1604",0.0531309401365832,0.934994745767961
"Gene1605",-0.105457786640479,0.902929099719698
"Gene1606",0.0179166107105181,0.984185619632291
"Gene1607",0.102044713765428,0.891020115389361
"Gene1608",1.15773423145446,0.0628481636450259
"Gene1609",0.0289519787439593,0.970216204641473
"Gene1610",-0.0141362301775223,0.969823370329074
"Gene1611",1.56098934163149,0.0711675255398479
"Gene1612",0.602187050241565,0.35400372253215
"Gene1613",-0.0792447459436189,0.844644062948807
"Gene1614",0.0383333686523063,0.964467408049499
"Gene1615",0.854092743233651,0.263235879108373
"Gene1616",0.0270400909045987,0.964772704977017
"Gene1617",-0.161631464336253,0.818750608707373
"Gene1618",0.26809837595046,0.728670063089081
"Gene1619",0.58445756987616,0.10062032682004
"Gene1620",0.31814718095848,0.618165681577384
"Gene1621",0.192978581565856,0.756817298786674
"Gene1622",-0.430584825201779,0.552144760351976
"Gene1623",-0.0630205878928924,0.905401787297679
"Gene1624",-0.484935864241533,0.523234702761452
"Gene1625",0.0215882907461033,0.981018455072422
"Gene1626",-0.418140068721572,0.469791594499952
"Gene1627",0.425979073692366,0.502465480697287
"Gene1628",1.63930321299328,0.000443687499068168
"Gene1629",-0.159838336805641,0.819851809019358
"Gene1630",0.47516021469327,0.216716565115778
"Gene1631",-0.112743726003741,0.89792601575472
"Gene1632",-0.387296177905478,0.440074165690067
"Gene1633",-0.891127982478194,0.126916491062596
"Gene1634",0.260322565368797,0.737835111539537
"Gene1635",-0.495615755348836,0.576201750962966
"Gene1636",-0.289122739410603,0.756406659232692
"Gene1637",0.389093051537981,0.447970366931646
"Gene1638",-0.19884971491967,0.770559046627214
"Gene1639",4.55409695483747,1e-12
"Gene1640",1.69471949527794,1.26624505426298e-05
"Gene1641",0.100096654616106,0.900415778618785
"Gene1642",-1.61619339995224,0.0405312142804581
"Gene1643",-0.287158203059299,0.453764785102335
"Gene1644",0.0458076199791705,0.913995639049769
"Gene1645",0.0751030215944567,0.873265751974195
"Gene1646",-1.31036907720055,0.032618241355589
"Gene1647",0.182604881595541,0.847210060043927
"Gene1648",1.89426277488026,0.0108728555305756
"Gene1649",0.177835269105704,0.732324096514924
"Gene1650",-0.430972471525656,0.575469779123793
"Gene1651",-0.208576241140497,0.814636104781212
"Gene1652",3.90261209856301,2.20044662677043e-08
"Gene1653",-0.226241987158476,0.781990012760294
"Gene1654",0.252074192081978,0.6603255860088
"Gene1655",-0.116867878255373,0.872731132636043
"Gene1656",0.449801875312844,0.349307478462094
"Gene1657",-0.0368581518068039,0.965409005571343
"Gene1658",-0.040218125816437,0.962356068900561
"Gene1659",-0.842689002130018,0.123593842871644
"Gene1660",-0.441367341548279,0.386327982788122
"Gene1661",0.0298471379519827,0.964901553542224
"Gene1662",0.0374900665654801,0.924613271253213
"Gene1663",0.697667284664223,0.104783751157623
"Gene1664",-0.471747283293227,0.487504856126335
"Gene1665",-0.242342947126303,0.794556586639993
"Gene1666",-1.0628948643137,0.0406843278095271
"Gene1667",0.460081801689562,0.40364195277756
"Gene1668",-0.869845990506665,0.196632147422168
"Gene1669",0.281960810086453,0.646656413652803
"Gene1670",0.575728622163563,0.509048101270856
"Gene1671",0.266085242008458,0.696448399162153
"Gene1672",0.270344610769372,0.686455226502662
"Gene1673",-0.112280853667967,0.898486033067981
"Gene1674",0.3674341872978,0.591292179433597
"Gene1675",-0.294834617563118,0.449277542077854
"Gene1676",0.0180245866444068,0.971542443355736
"Gene1677",0.53933369887384,0.428066354204371
"Gene1678",0.37931750894271,0.646808378409524
"Gene1679",-1.00142181369506,0.021932070645203
"Gene1680",-0.0689168458053735,0.914477203899864
"Gene1681",0.299997238828534,0.698475800804442
"Gene1682",-0.211859074535699,0.817170966265112
"Gene1683",0.0710590791949593,0.933074942762965
"Gene1684",0.222235676523976,0.701684526267495
"Gene1685",0.816953203836193,0.133091451504972
"Gene1686",-0.0102350350388067,0.990869633316493
"Gene1687",-0.358300645950583,0.350616196120403
"Gene1688",0.103971233859721,0.803887845131538
"Gene1689",-0.345350136552352,0.698841400536885
"Gene1690",-0.260587576977825,0.578418402083938
"Gene1691",0.29714069686158,0.727076544530904
"Gene1692",2.83320024042249,9.69979099692049e-05
"Gene1693",0.0349403484501678,0.96003711322462
"Gene1694",0.240865993259048,0.54028385826115
"Gene1695",-0.000841276228501352,0.998709220524124
"Gene1696",-0.11205398438208,0.899089212301916
"Gene1697",-1.84389001136325,3.76127020706544e-05
"Gene1698",-0.724721098349083,0.234272417848141
"Gene1699",0.569207425915938,0.478579371001105
"Gene1700",-0.0187010239662151,0.973968444904567
"Gene1701",-0.201523448352973,0.659695448046528
"Gene1702",0.105789022806642,0.888738761168721
"Gene1703",-0.200768832692846,0.718098999656801
"Gene1704",0.523817938436651,0.341909339983406
"Gene1705",-0.440525641827967,0.63116158505321
"Gene1706",3.06186302703337,8.21014660349619e-05
"Gene1707",0.544259515360117,0.407920354474898
"Gene1708",-0.166193814699483,0.825091011601828
"Gene1709",-0.590155947231881,0.297038505082395
"Gene1710",0.644968809546123,0.410891261050662
"Gene1711",0.0777767834504366,0.860494020600322
"Gene1712",-0.0670398483402481,0.933349193814298
"Gene1713",-0.302386168497942,0.450584465641946
"Gene1714",-0.162347126559185,0.717571412886406
"Gene1715",0.396447871705491,0.672674576353382
"Gene1716",-0.130609261270441,0.886018071707065
"Gene1717",0.36304130221666,0.351315940284108
"Gene1718",-0.115551915051223,0.86286958377763
"Gene1719",0.446176337607113,0.244319213080896
"Gene1720",-0.116738282406689,0.839649079559685
"Gene1721",0.477975452801856,0.28830404610661
"Gene1722",-0.229894605415358,0.737213204883459
"Gene1723",0.23081461292404,0.771895249272289
"Gene1724",0.212393119198776,0.581723221171942
"Gene1725",0.20628565243991,0.735142694362623
"Gene1726",0.266849401147525,0.652036633008106
"Gene1727",-0.726992450393743,0.398282410108133
"Gene1728",-0.039128093893722,0.941177141851022
"Gene1729",-0.0692693398695947,0.939024193862521
"Gene1730",-0.186266569607039,0.843926219244387
"Gene1731",-0.129488349534026,0.855588455895669
"Gene1732",0.409814759179515,0.657616724801831
"Gene1733",-0.162598721265992,0.823927571583298
"Gene1734",-0.1057511024925,0.886648293692873
"Gene1735",-0.11500065247422,0.901960748558763
"Gene1736",-0.157374221201001,0.777700814153817
"Gene1737",-0.296329243005693,0.71208517970072
"Gene1738",-0.0114653474780629,0.988785479767815
"Gene1739",0.0531181425808419,0.9189230698124
"Gene1740",0.495003024193169,0.423291890055155
"Gene1741",-0.636923344223835,0.353499945972685
"Gene1742",-1.67876858185852,0.0216501360741055
"Gene1743",0.412620980561653,0.595375280389483
"Gene1744",-0.110612232201542,0.78944175574216
"Gene1745",0.266560066510617,0.640383245211907
"Gene1746",-0.168817656972565,0.858371608771715
"Gene1747",0.265297679383621,0.663288961689639
"Gene1748",-0.287029400712411,0.751799699921588
"Gene1749",0.708106741614491,0.0724114413460731
"Gene1750",0.121116548442593,0.861976332292193
"Gene1751",0.149187808459265,0.847130993888847
"Gene1752",-0.458050873656114,0.474475854823967
"Gene1753",-0.0377599339406063,0.928648990085902
"Gene1754",0.435790144059707,0.348459757174211
"Gene1755",0.156769207946628,0.674878871231202
"Gene1756",-0.135044197588048,0.834188287936619
"Gene1757",0.0198462451618739,0.97140086483222
"Gene1758",2.53603097838359,3.82088508823275e-05
"Gene1759",-0.157025350219944,0.842700463743762
"Gene1760",-1.91467731767538,0.00376326159187963
"Gene1761",0.558803643644548,0.334018788749389
"Gene1762",-0.578486738956925,0.446735713084344
"Gene1763",-0.296946953628539,0.670354119738516
"Gene1764",-0.0453785159816031,0.95301226185616
"Gene1765",-0.159597356033611,0.715945494268357
"Gene1766",-1.33183355395816,0.154722096772641
"Gene1767",0.381890224835436,0.491022536993053
"Gene1768",-0.428780460927491,0.559886027176963
"Gene1769",0.381043827716404,0.358005112943335
"Gene1770",0.95408182014806,0.182452384002884
"Gene1771",0.216513165684502,0.635637062551873
"Gene1772",-0.163249524809502,0.767914273741626
"Gene1773",-0.450501970618226,0.489454559113529
"Gene1774",0.274811331908766,0.692335324418702
"Gene1775",0.197161302275197,0.829055841305357
"Gene1776",0.215571155265805,0.630826088179517
"Gene1777",-0.041028188820263,0.952673445289989
"Gene1778",-0.0168807829662247,0.973920130893831
"Gene1779",-0.0534925616242925,0.939326216854852
"Gene1780",0.0617604402887528,0.941651068408
"Gene1781",0.324796671377704,0.612889859118947
"Gene1782",0.109652633033966,0.837570380186901
"Gene1783",-1.27314654978517,0.000924040560425819
"Gene1784",-0.262335545182833,0.692705128750851
"Gene1785",-0.205275202275244,0.748070129676176
"Gene1786",0.118018863942663,0.834410880791206
"Gene1787",0.17103461841915,0.740883267726701
"Gene1788",-0.127836765660615,0.850580916313914
"Gene1789",-0.118925314594784,0.894554617875979
"Gene1790",-1.58359690570938,0.00166263628099056
"Gene1791",0.217730114068111,0.545957352946225
"Gene1792",0.305688173429619,0.717962710426989
"Gene1793",0.249856930465338,0.510500170740766
"Gene1794",0.263576975707639,0.709348391805794
"Gene1795",0.0904182936229685,0.923269019478651
"Gene1796",-0.227299372906758,0.742437560801092
"Gene1797",-0.0901580327817617,0.908734151888889
"Gene1798",-0.0708902329735555,0.872320388521002
"Gene1799",-0.999070450283345,0.0647607223417152
"Gene1800",-0.534641571668689,0.487363951355122
"Gene1801",0.554434992831902,0.520535320150036
"Gene1802",0.0138498441259889,0.980848987108557
"Gene1803",0.124569739411032,0.808965144300009
"Gene1804",-0.051602555914157,0.956363254540523
"Gene1805",-0.73367453568574,0.0882738377917093
"Gene1806",-0.0643980292852675,0.945192889914676
"Gene1807",0.596372520091499,0.417344656082268
"Gene1808",0.577798624576718,0.41596260815541
"Gene1809",0.469982534858773,0.293353101326133
"Gene1810",0.490501906826565,0.260912305066135
"Gene1811",-0.0423218921181102,0.958199034913109
"Gene1812",0.107702861305247,0.895397833397297
"Gene1813",-1.2059688676909,0.0120369404098336
"Gene1814",0.0879780533513964,0.91005948163358
"Gene1815",0.353554492309898,0.501361953080564
"Gene1816",0.39748753084567,0.438122393338771
"Gene1817",-0.0917997592791251,0.918021507942912
"Gene1818",-0.101169606913248,0.911548010956118
"Gene1819",0.324089509717984,0.602218989921589
"Gene1820",0.27409205075003,0.616636220992424
"Gene1821",0.801276835505321,0.173905376795615
"Gene1822",1.91069031280502,2.33386402075988e-05
"Gene1823",0.022760385238067,0.961815514290549
"Gene1824",0.372230882804195,0.660147135358919
"Gene1825",-0.114188663012127,0.837935310053107
"Gene1826",0.680157979072044,0.337746515505327
"Gene1827",-0.575200154653167,0.35465941602323
"Gene1828",-0.273821568200247,0.499918913492652
"Gene1829",0.00541661435155309,0.995131282731525
"Gene1830",0.0333580392304369,0.947617579702784
"Gene1831",0.3469096214973,0.655130533505767
"Gene1832",0.149888213640348,0.764219762087548
"Gene1833",0.397527666258255,0.654383710445081
"Gene1834",-0.258880351492832,0.569080850263598
"Gene1835",-0.722376712535177,0.252189179306138
"Gene1836",-0.868571905103142,0.293767375561821
"Gene1837",-0.169881605682274,0.759483245874581
"Gene1838",0.661153211869292,0.299402887109237
"Gene1839",-1.19788260822111,0.0180223159534022
"Gene1840",1.58488781302602,0.0923048993813197
"Gene1841",1.39913877089158,0.0224694416812283
"Gene1842",0.126727551991578,0.872298037543426
"Gene1843",-0.750087727233735,0.322722409216665
"Gene1844",0.0313193595537162,0.972071967464669
"Gene1845",0.255010694774539,0.751861010707251
"Gene1846",0.194199805828399,0.821792661987955
"Gene1847",0.296170059318215,0.555842920195548
"Gene1848",-0.108842280171329,0.8611569573844
"Gene1849",0.297876625001028,0.716723931027644
"Gene1850",0.359073894659837,0.610538793856593
"Gene1851",0.110691836246051,0.906539692946195
"Gene1852",-0.254655335240586,0.778784497292804
"Gene1853",-0.193517971476071,0.826203697878747
"Gene1854",-0.127168089609175,0.854106453086198
"Gene1855",-0.280136670083293,0.756108952245001
"Gene1856",-0.0562966415412872,0.914459745634571
"Gene1857",0.161317068217321,0.748786784629158
"Gene1858",0.190684127599657,0.807491665569695
"Gene1859",-0.46805991891081,0.295773818091089
"Gene1860",0.219520107374228,0.731308462871195
"Gene1861",-0.426859150886837,0.649127602523181
"Gene1862",-0.23725133210913,0.760663937373693
"Gene1863",0.110152743880834,0.877037921934307
"Gene1864",0.304342732962667,0.705018287878633
"Gene1865",0.311350920551002,0.407073647276462
"Gene1866",-0.0687504764961202,0.938117416766611
"Gene1867",-0.210365165917915,0.795091241015689
"Gene1868",-0.0607981283430461,0.923527678550079
"Gene1869",-0.311511839340644,0.725902348148999
"Gene1870",0.0879753905867411,0.882315293690169
"Gene1871",-0.0462847715326745,0.954449306144733
"Gene1872",0.0686796517643516,0.940165802035777
"Gene1873",0.130592351943806,0.871777029039722
"Gene1874",-0.153587882737478,0.835667827848716
"Gene1875",-0.401303355784242,0.657101763647669
"Gene1876",0.0324707499527516,0.949432628583669
"Gene1877",0.231354724664632,0.80271513375652
"Gene1878",0.294199480133192,0.632271095029063
"Gene1879",0.38710188361204,0.445563091953576
"Gene1880",0.207250897990716,0.714988701192196
"Gene1881",0.0134230698695428,0.987988080472061
"Gene1882",0.0503964936985309,0.923797527907666
"Gene1883",-0.0368076930003648,0.93869720000792
"Gene1884",-0.365674804601958,0.337535837465519
"Gene1885",-0.519494746509089,0.568801649737704
"Gene1886",0.0578933110061917,0.945971816396603
"Gene1887",-0.363323992122969,0.612720881824461
"Gene1888",0.159113267415823,0.674701336479557
"Gene1889",0.224279154436083,0.661248960008937
"Gene1890",0.762481341782297,0.344377624964125
"Gene1891",-0.0502009869958998,0.955541368452558
"Gene1892",0.042816811861074,0.909230761650669
"Gene1893",-0.0494446339438624,0.945542511477325
"Gene1894",-0.272131553337863,0.456515331288198
"Gene1895",-2.53952747209212,0.00739533314032964
"Gene1896",-0.0394924678120861,0.931079634072178
"Gene1897",-0.111102126708621,0.88112058581979
"Gene1898",-0.0530530247408365,0.943361261522485
"Gene1899",0.165432703326484,0.844297937952404
"Gene1900",0.103778069238394,0.905698071130398
"Gene1901",0.13446745408201,0.736403335617599
"Gene1902",-0.467570565414813,0.581557581462201
"Gene1903",0.15929054676565,0.790708186218902
"Gene1904",-0.159469640419339,0.682606876331518
"Gene1905",-0.205427393527755,0.618566551454358
"Gene1906",-0.185651618033702,0.813900537282413
"Gene1907",-0.441192881429233,0.532279071434187
"Gene1908",-0.164194285940666,0.806617391323132
"Gene1909",-0.255188206898001,0.500860491066953
"Gene1910",-0.105310200298481,0.883584789040615
"Gene1911",0.561176372362226,0.479327021009584
"Gene1912",0.0320871358704042,0.939200727143378
"Gene1913",0.325918230409521,0.567440145775856
"Gene1914",0.11993866079308,0.780807932173291
"Gene1915",-0.0818722602747385,0.87683575310683
"Gene1916",0.235528223234265,0.792391874376653
"Gene1917",0.36361672225738,0.384073960387312
"Gene1918",0.463562753492528,0.500903182233442
"Gene1919",0.137389454975991,0.698867841281795
"Gene1920",0.00888472235376757,0.991381357344202
"Gene1921",-0.0587091058212976,0.943899485898487
"Gene1922",0.0731352065471385,0.911167343644344
"Gene1923",0.168405565153888,0.791509978158844
"Gene1924",0.463336992461897,0.433705242932057
"Gene1925",0.346377159090487,0.608478144215289
"Gene1926",1.72194979755325,1.20759606165499e-06
"Gene1927",-0.0155990669355937,0.972611068526976
"Gene1928",0.235208986989615,0.791132685734654
"Gene1929",-0.274381369211836,0.678386305870294
"Gene1930",-0.32809207784394,0.725360846684952
"Gene1931",0.152935749420927,0.854380370718097
"Gene1932",0.126436561892905,0.890621448488085
"Gene1933",0.269652533223182,0.604908863593761
"Gene1934",-0.0343642867284224,0.962008553994755
"Gene1935",0.451048077560832,0.58552048266003
"Gene1936",0.15175473021434,0.867749140505618
"Gene1937",-0.27797186499409,0.676400227353424
"Gene1938",-0.233183743639345,0.783613628887667
"Gene1939",0.145123736657273,0.861210730203982
"Gene1940",0.162237748277105,0.827574221874726
"Gene1941",2.02972571567562,0.0321523802856027
"Gene1942",-0.978209901167096,0.253895672843459
"Gene1943",-0.205325188858619,0.815083538283617
"Gene1944",0.838332010228821,0.19005993225746
"Gene1945",-0.0844366785441343,0.835625288117573
"Gene1946",-0.300854658218745,0.412298361174182
"Gene1947",0.175145629967355,0.622403289843253
"Gene1948",-2.12954731791569,0.0116162145911335
"Gene1949",-1.38300936759818,0.000233291968970283
"Gene1950",-0.210230212011706,0.803270521335456
"Gene1951",0.24699320252281,0.542069884891039
"Gene1952",-0.472424366764808,0.586465373786073
"Gene1953",-0.405177789964488,0.265129987012864
"Gene1954",0.724263843878466,0.0569057976742836
"Gene1955",0.0725565583818009,0.937104193945603
"Gene1956",0.465817045634371,0.338707878775132
"Gene1957",-0.00955261565145527,0.989502729509746
"Gene1958",0.0992284758711593,0.871565792936314
"Gene1959",-0.219046720396736,0.757644331003256
"Gene1960",0.206791010098664,0.82425622212456
"Gene1961",0.523502040331693,0.580209233628182
"Gene1962",-0.00528628391415261,0.991796140968447
"Gene1963",0.44657305904893,0.392545176158061
"Gene1964",-0.135256350331152,0.773509137188207
"Gene1965",0.529740248726593,0.2574090603487
"Gene1966",1.1454627570653,0.225267163121283
"Gene1967",0.0579174663975696,0.949977521157116
"Gene1968",0.241085247163105,0.712295799241813
"Gene1969",0.120509726066192,0.806449608034145
"Gene1970",0.119055858082731,0.856931881610074
"Gene1971",0.0568590761671499,0.934952430324656
"Gene1972",-0.809745952658099,0.0922858396594896
"Gene1973",-0.038721753349603,0.936173017456141
"Gene1974",0.329953512149526,0.6962089205215
"Gene1975",0.17328936266954,0.760277375181767
"Gene1976",-0.146127038796406,0.87164502726102
"Gene1977",-0.863992823044493,0.111297975820527
"Gene1978",0.294287727397385,0.485605106148136
"Gene1979",0.47314268759549,0.320528734194712
"Gene1980",0.427944926030282,0.53244791104126
"Gene1981",0.531944565214305,0.36888642937836
"Gene1982",0.0989654545816356,0.904369460438964
"Gene1983",-0.543015631409659,0.390699261187814
"Gene1984",-0.16495437014109,0.850295233593245
"Gene1985",0.20470343894738,0.653253330024969
"Gene1986",-0.356730723565752,0.503388268242438
"Gene1987",-0.0239965826943586,0.967415580233263
"Gene1988",-0.224862863844069,0.524117344767705
"Gene1989",0.271443972388693,0.760137106676143
"Gene1990",0.0178377466290618,0.976461888883724
"Gene1991",-0.0278219101118731,0.938814369213574
"Gene1992",0.601250752538563,0.409860512927564
"Gene1993",-0.0663376181013755,0.894906074792912
"Gene1994",-0.161632925494979,0.84448597355476
"Gene1995",1.91921690161312,4.58166707915523e-06
"Gene1996",0.360721568672186,0.356806144856717
"Gene1997",0.39551145428098,0.400360258675064
"Gene1998",0.156148945124306,0.76662615733144
"Gene1999",0.0432426896739517,0.941058907412302
"Gene2000",0.356243628620732,0.526423709866389
"Gene2001",0.0139548244433741,0.968361434938434
"Gene2002",0.300407695346348,0.572709353566873
"Gene2003",0.282265689265899,0.672957035104969
"Gene2004",-0.236937267067071,0.784960479193335
"Gene2005",-0.480456435467158,0.341903692027361
"Gene2006",0.235780666826203,0.561786209267187
"Gene2007",0.339290072595539,0.396706454706381
"Gene2008",-0.137593327523814,0.785120052908253
"Gene2009",-0.069882862269819,0.861966974438744
"Gene2010",0.156371861570442,0.710102632403732
"Gene2011",0.239785288305152,0.603579548153132
"Gene2012",1.56557732899451,6.41746329798658e-05
"Gene2013",0.165291363697894,0.765088514779151
"Gene2014",0.116428899754028,0.89307718982731
"Gene2015",0.333741193937301,0.683614747229321
"Gene2016",0.170951498155579,0.74057260089154
"Gene2017",2.37847413147455,0.00241200586876248
"Gene2018",-0.36490030357975,0.617167743422837
"Gene2019",0.48853492190747,0.270984728442211
"Gene2020",1.02187340081743,0.0206788954587055
"Gene2021",0.0374825984143847,0.932919919189647
"Gene2022",-0.0233372598720518,0.979011073275131
"Gene2023",-0.400093287789623,0.445111708607304
"Gene2024",-0.206274967967115,0.567913440979394
"Gene2025",0.167484269594542,0.65920397268993
"Gene2026",-0.189015146415165,0.788883791549226
"Gene2027",0.874470050787917,0.0771819551446772
"Gene2028",-0.173854482213261,0.744048873133072
"Gene2029",-0.15141367420227,0.854676272798407
"Gene2030",-0.0967777265989056,0.90376057677324
"Gene2031",-0.299046129091178,0.670823144761777
"Gene2032",0.519732607299445,0.228649117222043
"Gene2033",0.80545112273766,0.267563980443039
"Gene2034",0.195732739047866,0.821774292819515
"Gene2035",0.46453548658225,0.512111180590948
"Gene2036",-0.507624339531913,0.27887141677024
"Gene2037",0.389370465583541,0.678461531842324
"Gene2038",-0.237194120688425,0.580336064561641
"Gene2039",-0.215335096054396,0.638824864636411
"Gene2040",-0.0837775860459884,0.918955022645811
"Gene2041",-0.449403464157487,0.360711615646415
"Gene2042",1.62687413402975,0.0603590842999591
"Gene2043",-2.437856439662,5.0799860021149e-05
"Gene2044",-0.170817610984199,0.81771294150981
"Gene2045",0.00878692054804515,0.989953332647159
"Gene2046",0.497381062908025,0.360384664790536
"Gene2047",0.183698571881201,0.762851629942675
"Gene2048",0.697273146750249,0.245708000643859
"Gene2049",-0.0459158394633799,0.94485199828673
"Gene2050",-0.0749522460744691,0.902099174963512
"Gene2051",0.188920173849157,0.681076061340837
"Gene2052",-0.0671135433236695,0.864119839987495
"Gene2053",-0.946894220569171,0.308030046837342
"Gene2054",-0.427154477583967,0.527285353410224
"Gene2055",0.572858116766466,0.473502845809476
"Gene2056",0.487892873263369,0.474892493345842
"Gene2057",0.266152287236222,0.725618860463618
"Gene2058",0.247417859313089,0.620809681394371
"Gene2059",-0.324148937369074,0.533579780431964
"Gene2060",0.449911863533952,0.290905483981287
"Gene2061",0.143110453619955,0.851852370533536
"Gene2062",-0.38939323314804,0.657424695438739
"Gene2063",-0.0906289252012971,0.922475132779758
"Gene2064",-0.316930574802554,0.55771648272369
"Gene2065",-0.357399789096595,0.34342991941121
"Gene2066",-0.361736216946163,0.694167365384139
"Gene2067",-0.103764850509378,0.860423301639973
"Gene2068",-1.04584380679865,0.0678595513820478
"Gene2069",0.225803709714114,0.678357894126488
"Gene2070",0.171073593729111,0.803197921454858
"Gene2071",-0.366535255316616,0.365201581841322
"Gene2072",0.446092733280502,0.584104023317551
"Gene2073",0.0454456604358066,0.939405716432534
"Gene2074",0.0773156514364311,0.927026107729001
"Gene2075",0.202990195158722,0.721542291205798
"Gene2076",0.110551083197712,0.900013592702106
"Gene2077",0.096387198972388,0.846289556322107
"Gene2078",-0.100280823491338,0.887161258741832
"Gene2079",1.02438114548637,0.0720763361289057
"Gene2080",0.244849210969716,0.758775214268031
"Gene2081",-0.732291610889654,0.0401359711961108
"Gene2082",-0.30325568548868,0.73756776886509
"Gene2083",0.309767532629344,0.722322020990239
"Gene2084",-0.0545257855820448,0.940716062540322
"Gene2085",-0.331004881693294,0.529984858549091
"Gene2086",-0.0922284395527822,0.919391430529022
"Gene2087",-0.453357223554999,0.544366067221725
"Gene2088",0.160651734533686,0.823660826018928
"Gene2089",0.640802959735803,0.350753745742215
"Gene2090",0.791494360218657,0.0824053468171953
"Gene2091",0.21290567188323,0.747951596472324
"Gene2092",-0.172313252669378,0.824506539623856
"Gene2093",-0.335496552911958,0.71101359234185
"Gene2094",-0.226686644885305,0.561305490950065
"Gene2095",-0.109330033833524,0.824151102776212
"Gene2096",0.167677720607784,0.827003956847645
"Gene2097",-0.556987246490124,0.310636794234018
"Gene2098",0.0299898933752935,0.942801699013044
"Gene2099",0.547347970018101,0.549216438763845
"Gene2100",0.181134228821336,0.752020383437799
"Gene2101",-0.103870669873922,0.89319446901236
"Gene2102",0.0468372853512074,0.953348274573684
"Gene2103",0.303588515902059,0.608231800093513
"Gene2104",-0.0800279197314407,0.869317654017222
"Gene2105",-0.0992652957532814,0.846854273218934
"Gene2106",-0.00629582465288749,0.987242932826467
"Gene2107",-0.0177464989672012,0.984202166138996
"Gene2108",-0.0528316200343459,0.932731791598941
"Gene2109",0.0804854730333347,0.909781158615212
"Gene2110",2.40202553647101,3.15327869501856e-06
"Gene2111",-0.62297210035332,0.504744009518592
"Gene2112",-0.0441286844734677,0.959726797082979
"Gene2113",0.40155161684764,0.61602209714289
"Gene2114",0.166982890850654,0.698885502374737
"Gene2115",-0.089456574462085,0.904182683236259
"Gene2116",0.0324163575052602,0.935122519379003
"Gene2117",2.17289123311579,1.97783026093068e-05
"Gene2118",0.142434482688781,0.7686707762371
"Gene2119",0.0501094097912064,0.93848662797051
"Gene2120",0.14490313502346,0.87272529424665
"Gene2121",1.12028288488166,0.177281671947263
"Gene2122",-0.0349292197895434,0.966579707608545
"Gene2123",0.273135461877002,0.715204328685178
"Gene2124",-0.183486659226442,0.706858033520472
"Gene2125",-0.405737346596742,0.436815042610751
"Gene2126",-0.754275169764209,0.0512215812093856
"Gene2127",0.381532110306364,0.678272043773564
"Gene2128",0.255676208481339,0.72969922561274
"Gene2129",0.300116143945612,0.677124566180929
"Gene2130",0.441796818167682,0.261845286942511
"Gene2131",0.10737489927434,0.868114132132366
"Gene2132",0.0671394712361205,0.912997102381363
"Gene2133",0.18195451005822,0.611624403853425
"Gene2134",-0.33748252040232,0.499018950377382
"Gene2135",-0.649296735674152,0.151428179533243
"Gene2136",-0.301462932168752,0.588527944040875
"Gene2137",-2.22802329961367,0.000355016598811299
"Gene2138",0.13834993902885,0.852272797537874
"Gene2139",-0.491686313513057,0.593900002240822
"Gene2140",-0.472798669189064,0.547572538993092
"Gene2141",-1.03999069139571,0.0369242557328396
"Gene2142",0.278789746234132,0.69779321233751
"Gene2143",-0.0222044127488825,0.958554331060419
"Gene2144",-0.0904630461903015,0.812521414907365
"Gene2145",0.162217718275967,0.814236382944877
"Gene2146",0.147044476610781,0.853077696311007
"Gene2147",0.432710052102209,0.588795889133812
"Gene2148",-0.285641882248375,0.611086357956957
"Gene2149",0.271013657331231,0.524090690554125
"Gene2150",-0.352047923477216,0.685711047749382
"Gene2151",-0.26735887821312,0.49493756180138
"Gene2152",-0.636717694877733,0.389734923083927
"Gene2153",1.76099990893546,0.00039349444362105
"Gene2154",-0.234273214420785,0.668971563519071
"Gene2155",-0.275950487245362,0.591788901667747
"Gene2156",-1.11453717847684,0.234702882632518
"Gene2157",-0.000670900881557387,0.99940391227882
"Gene2158",0.105057213069128,0.889260657004475
"Gene2159",0.67646101250987,0.21530200011065
"Gene2160",-0.119727292561603,0.785144542803328
"Gene2161",0.326382036302468,0.63981058415026
"Gene2162",-0.78840159247115,0.215477363026473
"Gene2163",-0.200912989849457,0.828309603825299
"Gene2164",0.211314731808912,0.634561269562913
"Gene2165",-0.496738979085107,0.157284025891109
"Gene2166",0.00280885229203996,0.994419745756483
"Gene2167",-1.51487850646465,0.00213636953562333
"Gene2168",0.00315591094323151,0.9964248367826
"Gene2169",-0.744924134473182,0.222930989412073
"Gene2170",0.0952423761133254,0.893038492815307
"Gene2171",-0.0675388160673114,0.933322434824355
"Gene2172",-0.311805011190935,0.704967575099679
"Gene2173",0.20267936149577,0.74863596865867
"Gene2174",0.0526258449550451,0.953910639464608
"Gene2175",-1.39644821869901,0.0583002719038566
"Gene2176",-0.544541368597924,0.4674348615194
"Gene2177",-1.91315492743155,0.000187862817080164
"Gene2178",2.12984808184997,0.00108208103331555
"Gene2179",-0.309420511114207,0.672888527231058
"Gene2180",0.340933907265292,0.611260124015834
"Gene2181",0.726349561935055,0.383889895252932
"Gene2182",-0.27871205001052,0.738224859958759
"Gene2183",-0.301942166754373,0.641397561218248
"Gene2184",-0.250038482956606,0.578202194277863
"Gene2185",0.341380076528994,0.614827866380558
"Gene2186",-0.0276537454986546,0.952167056395094
"Gene2187",-0.216845392172671,0.80057587180637
"Gene2188",0.459224443395529,0.299506079297222
"Gene2189",-0.938606181817254,0.222045550328342
"Gene2190",0.0839152997325202,0.920691285244665
"Gene2191",0.349207092159343,0.548741334076335
"Gene2192",-0.398335908484977,0.619484408029251
"Gene2193",0.134647525282723,0.871035614657734
"Gene2194",0.174075961260783,0.647890384651041
"Gene2195",0.173259435909296,0.844458909283116
"Gene2196",0.428904131873251,0.595931756058028
"Gene2197",-0.695488665419059,0.210124933934206
"Gene2198",0.278939078644266,0.510457430793967
"Gene2199",-0.12037258982851,0.790955849673923
"Gene2200",-0.314895189174509,0.647915445870232
"Gene2201",-0.0233185253004952,0.966655177559681
"Gene2202",-0.104023331352746,0.903988543688715
"Gene2203",0.0152792280549896,0.974176240259216
"Gene2204",0.0900635884792336,0.851105754579249
"Gene2205",0.317056757289282,0.652664469418539
"Gene2206",-0.0418559484979736,0.957101081753601
"Gene2207",1.69527625279417,0.00220284722648739
"Gene2208",-0.737804454435616,0.199596375521502
"Gene2209",0.409791615209956,0.408605810178106
"Gene2210",-0.257035258414349,0.770889854103299
"Gene2211",-0.0936401942383517,0.822602989702211
"Gene2212",-1.13392987213582,0.153990000980996
"Gene2213",-0.24003618239435,0.523847055393502
"Gene2214",0.317134282012979,0.685227085705077
"Gene2215",0.791333640976138,0.361905831668193
"Gene2216",0.000416452238792497,0.99911137273335
"Gene2217",0.474022289921235,0.544753370075905
"Gene2218",0.029293692738782,0.957220760950615
"Gene2219",0.0572322761031334,0.941943840253457
"Gene2220",0.122905204543216,0.739283969284182
"Gene2221",-0.610019956729417,0.287340338132622
"Gene2222",-0.164971167234951,0.783188064478217
"Gene2223",-0.0603582059450676,0.886464806572513
"Gene2224",-0.0507225326339404,0.931990044976021
"Gene2225",-0.755958069655923,0.21119752031064
"Gene2226",0.257204346562479,0.64864722162525
"Gene2227",0.402773395714541,0.634823141171841
"Gene2228",-0.294715741050754,0.604800528536289
"Gene2229",-0.301447459283446,0.566743026101901
"Gene2230",-0.18832233168812,0.743149160614204
"Gene2231",0.173808121981398,0.824050774702917
"Gene2232",-0.504688145843369,0.218782729512376
"Gene2233",-0.389410813601776,0.610742224095226
"Gene2234",-0.355092197917238,0.469901758683276
"Gene2235",0.198577289816821,0.808156203854388
"Gene2236",-0.0749179006542788,0.885275447714707
"Gene2237",-0.160582418574027,0.835654224685868
"Gene2238",0.674854320350133,0.349829490672542
"Gene2239",0.475671210761865,0.482125314064616
"Gene2240",0.155280739083289,0.863734896577455
"Gene2241",-1.57180718699075,0.0187541511073117
"Gene2242",0.0061842120277753,0.990376162385879
"Gene2243",-0.83952088340452,0.347423212666404
"Gene2244",-0.0189794382395432,0.958202000836566
"Gene2245",0.477198322588961,0.559397886798623
"Gene2246",-0.109268405076955,0.847712785304552
"Gene2247",-0.161134994595621,0.763006325044773
"Gene2248",0.137371359455126,0.758349954068742
"Gene2249",0.183796071417619,0.687010787378998
"Gene2250",-0.238516447908216,0.75560842137303
"Gene2251",-0.0718161265119476,0.920874717700607
"Gene2252",0.0582409163277367,0.926500942510481
"Gene2253",0.194241483575747,0.82371413127504
"Gene2254",0.138776878436527,0.856254311620776
"Gene2255",-0.135872542796971,0.835462143844154
"Gene2256",-0.0398965089834939,0.964561850130516
"Gene2257",-0.612134000014652,0.464782068667207
"Gene2258",0.47666679163216,0.42128208041784
"Gene2259",0.360665741664926,0.662557478733372
"Gene2260",-0.285613079491744,0.427825183761529
"Gene2261",-0.0886653179631786,0.896146526239503
"Gene2262",-0.615108985502243,0.220892773588443
"Gene2263",0.0708931489428671,0.887693122036745
"Gene2264",0.247615090164636,0.732647943905312
"Gene2265",1.80997881412136,7.63428200285544e-06
"Gene2266",0.164574691879947,0.792786874597375
"Gene2267",0.182442655841056,0.839015086378298
"Gene2268",0.344405735284903,0.591133155451822
"Gene2269",0.207479638010282,0.722026989930669
"Gene2270",-0.477656177283417,0.291757310211848
"Gene2271",-0.223904244797209,0.767245356548998
"Gene2272",-0.0207025443215745,0.96858682169526
"Gene2273",0.395748583416758,0.31695185133513
"Gene2274",-0.10576086443969,0.892388525613789
"Gene2275",0.0250562563189249,0.953505182007532
"Gene2276",0.0565482739492711,0.952268681179844
"Gene2277",2.29564760816293,1.95914481560536e-08
"Gene2278",0.292043818677094,0.731945626634185
"Gene2279",0.190343980507607,0.779347334597812
"Gene2280",0.152744987612741,0.870900661178301
"Gene2281",2.49926651505315,0.00121203584770701
"Gene2282",-0.473279952292086,0.361954936711228
"Gene2283",1.10234216096,0.0281097000185032
"Gene2284",-0.0150449080687422,0.973706188171216
"Gene2285",0.201517645884652,0.566700755163723
"Gene2286",0.30121357301847,0.628460714220505
"Gene2287",-0.127350075876048,0.892848649190105
"Gene2288",0.169287199555883,0.840305698524538
"Gene2289",-0.251490130996709,0.518859038555247
"Gene2290",-0.390269756585447,0.66079181747135
"Gene2291",-0.589318893186699,0.48695984930658
"Gene2292",0.604761613429141,0.0970412796424743
"Gene2293",-0.0419183058754901,0.947243927263622
"Gene2294",0.536569324070696,0.29596420078335
"Gene2295",0.0939484280488787,0.864830693968153
"Gene2296",-0.463910864818624,0.227464339875266
"Gene2297",0.115615793913035,0.806955973688339
"Gene2298",0.272328385973947,0.754790116726112
"Gene2299",0.224903262794883,0.80569628806716
"Gene2300",-0.0522913571743479,0.95498162861021
"Gene2301",0.233247528283711,0.582354250938201
"Gene2302",0.254409485808342,0.772195243910937
"Gene2303",-0.0192745010644178,0.977689533207856
"Gene2304",-0.51083143840021,0.445313049330267
"Gene2305",-0.331434510013387,0.640390748933675
"Gene2306",-0.163238096909438,0.671130110811697
"Gene2307",0.0589033714610476,0.893846937606679
"Gene2308",0.226403800658508,0.676877123995603
"Gene2309",0.26371671189893,0.714267184399663
"Gene2310",-0.318780506184673,0.423322189609248
"Gene2311",-0.390814387326325,0.672491626981266
"Gene2312",0.876683461027898,0.333835569582478
"Gene2313",-0.0452938075880677,0.960757598408671
"Gene2314",-1.90537797913282,4.17235494367805e-06
"Gene2315",-0.221442731707108,0.746387733742713
"Gene2316",-0.457328015731299,0.565506870393584
"Gene2317",-0.391369523223197,0.481007115236539
"Gene2318",0.233525549959016,0.683183711819438
"Gene2319",-0.779384139182086,0.296728575348674
"Gene2320",-0.215057009969559,0.587729657839776
"Gene2321",0.16019532584739,0.729660823709172
"Gene2322",0.0701456535912644,0.906133543890755
"Gene2323",-0.132710874455466,0.781106099971529
"Gene2324",0.425419067650207,0.650217766917581
"Gene2325",0.367755862232484,0.555214397940768
"Gene2326",-0.182083280879046,0.843659919239769
"Gene2327",-0.0965753040221552,0.79201231414788
"Gene2328",-0.287546677061523,0.442625317284885
"Gene2329",-0.404534287639918,0.539710935274626
"Gene2330",0.595294857522884,0.14789862856725
"Gene2331",-0.0832616340345205,0.917882719515043
"Gene2332",-0.357714059760229,0.423696229801649
"Gene2333",0.697141046310548,0.122289484778985
"Gene2334",0.232710105117211,0.787853708995558
"Gene2335",-0.140629759654536,0.715754700298908
"Gene2336",0.9232791144642,0.0917982294321308
"Gene2337",0.131447323609143,0.876107002264157
"Gene2338",-0.563515790563204,0.361865990755097
"Gene2339",-0.0908937044394838,0.921755312973761
"Gene2340",-0.501858253886657,0.536561834719144
"Gene2341",-0.30903203532418,0.537268010781141
"Gene2342",0.811987768436645,0.0919782143324753
"Gene2343",0.395935758026707,0.67202911584562
"Gene2344",-0.410669578974338,0.578067295419452
"Gene2345",0.656870389759348,0.373273641435114
"Gene2346",-0.695603477019257,0.342645581950529
"Gene2347",-0.15350530396709,0.706825148482132
"Gene2348",0.706496984937902,0.258961331017469
"Gene2349",0.285356269415805,0.758549753833733
"Gene2350",0.517277965015269,0.566686334329488
"Gene2351",-0.269931443246192,0.56619305298612
"Gene2352",-0.777316859202215,0.144960147963725
"Gene2353",-0.465589340915161,0.247692849774218
"Gene2354",0.15335624678264,0.811697795014969
"Gene2355",-0.228389705374004,0.695771963482845
"Gene2356",0.388402434691519,0.39527854903683
"Gene2357",-0.0208773389022119,0.96571567590891
"Gene2358",0.291916179167583,0.598918930770232
"Gene2359",0.0533390258531834,0.900318046311124
"Gene2360",0.0547199998500326,0.888159969419846
"Gene2361",0.37204316633722,0.47129763664827
"Gene2362",-0.201174846442787,0.776987846523307
"Gene2363",1.57915807517749,0.00211940214419543
"Gene2364",0.0448778526348683,0.960877420241681
"Gene2365",0.0820024663246988,0.921257483435609
"Gene2366",-0.451387285598702,0.263807777455143
"Gene2367",-0.192697606504851,0.742136774048732
"Gene2368",-0.151079852316304,0.739806702185231
"Gene2369",-0.217812900715955,0.727066687912368
"Gene2370",-0.159577769881813,0.802813712796178
"Gene2371",0.347095420874744,0.425679198825977
"Gene2372",-1.68406873983665,5.53187900448623e-06
"Gene2373",0.0159560033112809,0.972988594465352
"Gene2374",0.237800676151605,0.640070261310772
"Gene2375",-2.68197382885501,0.000763495929573336
"Gene2376",0.174206302550919,0.756608068402345
"Gene2377",-0.67468458075854,0.441353294247963
"Gene2378",-1.30293809086433,0.00251910663472489
"Gene2379",0.0208717789051383,0.97594676224859
"Gene2380",0.248916301588033,0.676895464747702
"Gene2381",0.476165609695553,0.326586521034513
"Gene2382",0.342077944157953,0.67970496097359
"Gene2383",0.41539315825838,0.480807024033185
"Gene2384",0.277914336160996,0.693404136638523
"Gene2385",0.0240589731856449,0.978534527760895
"Gene2386",-0.652117429167824,0.261596512931427
"Gene2387",0.827239756213648,0.148919248012969
"Gene2388",0.0474081246429432,0.934241263381462
"Gene2389",-0.0107546366334812,0.981318684536629
"Gene2390",-0.440185451169173,0.240665504361119
"Gene2391",0.0921650341698364,0.855673026679331
"Gene2392",-0.140570544908698,0.791975968381863
"Gene2393",-0.217971405803306,0.633476275398381
"Gene2394",-0.178172046183714,0.794749788063854
"Gene2395",0.0602989362403326,0.916137227316096
"Gene2396",-0.22068502269439,0.764198762758587
"Gene2397",0.272769285118572,0.762972790372811
"Gene2398",-0.0199064433260418,0.968594503750248
"Gene2399",-0.246209709678589,0.61792463193603
"Gene2400",0.415617596497853,0.628651756913283
"Gene2401",0.12197846623373,0.874034696543864
"Gene2402",0.803453371014294,0.361593310658843
"Gene2403",0.0248988189942812,0.958243112413678
"Gene2404",-0.527372461116752,0.429230599131344
"Gene2405",0.183307738595453,0.70652721540027
"Gene2406",0.172196318831846,0.675439133402772
"Gene2407",-0.49903963457301,0.224935578900526
"Gene2408",0.0226112688366984,0.959016363957557
"Gene2409",0.0670383821599978,0.873191979533939
"Gene2410",-0.480069518705443,0.508448340497119
"Gene2411",-0.47294530107098,0.473221338195256
"Gene2412",-0.0924425746142434,0.902223357900935
"Gene2413",0.26456209802369,0.760200558017366
"Gene2414",0.0621729183694015,0.932313666210322
"Gene2415",-0.0273622046578022,0.968459437064441
"Gene2416",0.177212848350504,0.841629138535211
"Gene2417",-0.646695070297586,0.209226412060308
"Gene2418",0.125496332701832,0.845556457520464
"Gene2419",-0.192654999743773,0.83379107148879
"Gene2420",-0.309597659709191,0.477122419756285
"Gene2421",-0.15210672538432,0.737860026054473
"Gene2422",-0.541107759290126,0.539612460299888
"Gene2423",0.865133645584598,0.186305173095431
"Gene2424",-0.115443845513221,0.803616312264315
"Gene2425",1.97159891125024,0.00411849330472263
"Gene2426",-2.37438915894826,0.00046716073805395
"Gene2427",0.567222977745042,0.522153982834441
"Gene2428",0.671153519240353,0.385179211459955
"Gene2429",-0.137186306473087,0.841653602998206
"Gene2430",0.257172843413043,0.677602410663276
"Gene2431",0.38353139942791,0.353554946441283
"Gene2432",1.03424266490745,0.164976860659987
"Gene2433",0.481315263819139,0.285742441700145
"Gene2434",-0.830133370869091,0.195957212593351
"Gene2435",-0.0790159013576568,0.860829908835092
"Gene2436",0.050457109415898,0.90612773969918
"Gene2437",0.0873616134056373,0.88416488760806
"Gene2438",-0.0793128086471627,0.8748346009425
"Gene2439",-0.18315943400749,0.811081906403138
"Gene2440",0.0456855554309966,0.927117819558188
"Gene2441",0.0926020196692581,0.92025060211264
"Gene2442",0.121663602177358,0.880406426451214
"Gene2443",0.105649900123745,0.901637629179606
"Gene2444",2.0940810034693,0.0167461206587575
"Gene2445",-0.385336589998858,0.278760509375219
"Gene2446",0.0130560837943423,0.97197755467815
"Gene2447",-0.156703682112173,0.763830203062161
"Gene2448",0.693789210369231,0.081544639267037
"Gene2449",0.226947258404393,0.807467246935599
"Gene2450",-0.191259030147249,0.781246415334923
"Gene2451",-0.103975128729565,0.912000885620626
"Gene2452",-0.271555862008783,0.749928391766473
"Gene2453",-0.345374303537205,0.694088533874704
"Gene2454",0.583827772014791,0.239786683277708
"Gene2455",0.378243863363496,0.63176039311962
"Gene2456",-0.368787081012145,0.569969956986448
"Gene2457",-0.14844497217691,0.81990486643679
"Gene2458",-0.254563964283737,0.712523684590218
"Gene2459",-0.161490838622837,0.827617512592272
"Gene2460",-0.200844742692292,0.605477690138932
"Gene2461",0.131605954551314,0.861795165826069
"Gene2462",-0.0888966663473907,0.910543132176369
"Gene2463",0.347367772525874,0.404587403924267
"Gene2464",-0.129412672994048,0.73207387955888
"Gene2465",-0.177334500742327,0.679017014745312
"Gene2466",0.200448019016495,0.819528389860769
"Gene2467",0.644770112435668,0.450161521636706
"Gene2468",0.0570968530466282,0.947726681425823
"Gene2469",-0.461060395545737,0.212761101285728
"Gene2470",0.221463170463447,0.593358601037392
"Gene2471",0.425570071118452,0.531166161036994
"Gene2472",-0.11866614978013,0.775233418650252
"Gene2473",0.421837752792364,0.590325492737944
"Gene2474",-0.228714171003342,0.770781093792306
"Gene2475",0.200770837507951,0.807433130141324
"Gene2476",0.000967962665742983,0.998928055202802
"Gene2477",-0.0087844145276364,0.989247178530872
"Gene2478",0.0447120276470753,0.942848976452262
"Gene2479",-0.215048283297015,0.561942654615375
"Gene2480",-0.289588669035355,0.542752052211275
"Gene2481",-0.225005549101367,0.685532752810071
"Gene2482",-0.0440367558712043,0.948163939982729
"Gene2483",-2.1106918693642,0.00931246810014647
"Gene2484",1.64707130939096,0.00668170144586307
"Gene2485",-2.24112437935167,0.00326539403515441
"Gene2486",0.265589872559718,0.688777451026911
"Gene2487",-0.776413183207194,0.348354589420642
"Gene2488",-0.102469098885132,0.908526436332681
"Gene2489",-0.314947581726159,0.60532869665234
"Gene2490",0.454368668137002,0.408020554302575
"Gene2491",0.169782247751804,0.850413677117776
"Gene2492",0.620387615234763,0.192056436118865
"Gene2493",-0.0614947680942948,0.941476484458439
"Gene2494",-0.50995134919752,0.33635282107573
"Gene2495",-0.890135462773095,0.199179253507514
"Gene2496",2.34293963401762,5.69292945246966e-05
"Gene2497",-0.441097322992466,0.394185905615842
"Gene2498",-0.150597846269852,0.766001547966524
"Gene2499",-2.24959514749996,0.0150847037206562
"Gene2500",-0.13089735601429,0.857785586131106
"Gene2501",0.979385510594832,0.0141346453877727
"Gene2502",-0.162274202075562,0.857807965158024
"Gene2503",0.0853587188355952,0.923125138192221
"Gene2504",-0.55216390223575,0.538293804946575
"Gene2505",0.268708268844441,0.730836498640289
"Gene2506",0.107187502899789,0.88777044654447
"Gene2507",0.0431520469079779,0.949631285493777
"Gene2508",0.661960106259454,0.262705567521072
"Gene2509",-0.431218978393847,0.619455012496414
"Gene2510",0.414268311226745,0.293849167117351
"Gene2511",0.0849103777576411,0.870283499981608
"Gene2512",-0.831933885479958,0.063065755602785
"Gene2513",-2.00887142844053,0.0129483189458291
"Gene2514",-0.343343653443494,0.413457228087454
"Gene2515",-0.530823059565153,0.238660368959631
"Gene2516",-0.0474382139836894,0.940498335093876
"Gene2517",-0.171480207553885,0.627584495030389
"Gene2518",0.103688190689013,0.911665330597696
"Gene2519",-0.214851411962042,0.607672654564206
"Gene2520",0.00329597190379848,0.993400228770224
"Gene2521",-0.302511273476204,0.577977853582488
"Gene2522",-0.245637886135964,0.559834400144335
"Gene2523",-0.0277845315331771,0.976456196592656
"Gene2524",0.0408273304673478,0.945062680008057
"Gene2525",-0.245692845233965,0.619696973970194
"Gene2526",0.0384679898949259,0.945518468651111
"Gene2527",0.0675789608395469,0.878466937058004
"Gene2528",-0.0219605640995253,0.966476784222427
"Gene2529",0.411440683974864,0.41430270817356
"Gene2530",0.574237831814923,0.19651581461158
"Gene2531",-0.263509024796838,0.473791415034832
"Gene2532",0.125917214837005,0.880415230774227
"Gene2533",-0.119109834732136,0.864407854863042
"Gene2534",0.222780329381361,0.748916275100031
"Gene2535",2.72026457031993,0.000417570333698083
"Gene2536",-0.66523455007443,0.0866435479188348
"Gene2537",0.120607015909025,0.853131019882413
"Gene2538",0.185687934506423,0.749008111680084
"Gene2539",0.38547714431238,0.524607891634037
"Gene2540",-0.44728671473375,0.508582386380395
"Gene2541",0.62354571609342,0.396996045545659
"Gene2542",-0.327459437783929,0.691325068198386
"Gene2543",2.13619047596329,0.0127956239155655
"Gene2544",0.416597228490806,0.289830724461594
"Gene2545",-0.434025249436119,0.616268745045656
"Gene2546",-0.306934389224043,0.739671499136878
"Gene2547",-1.86463143875439,0.0395489222479084
"Gene2548",0.183576890177277,0.631161646562183
"Gene2549",-0.568357305806716,0.253606391827329
"Gene2550",0.233336490867028,0.716445148264217
"Gene2551",-0.271687334719778,0.507592806368291
"Gene2552",-0.0496077873396081,0.915419866979843
"Gene2553",-0.36349996004441,0.44711540081577
"Gene2554",0.0417533407198792,0.929897242726308
"Gene2555",-0.049591715563386,0.892587698302183
"Gene2556",0.202313094021185,0.680147847006851
"Gene2557",0.472811683620429,0.253786885401787
"Gene2558",-0.0963951707382623,0.851918243929572
"Gene2559",0.907018248081075,0.237361080055093
"Gene2560",0.278803266044721,0.584422413102376
"Gene2561",0.625267474116643,0.402121219239941
"Gene2562",-0.728755856649233,0.126922626093065
"Gene2563",-0.000435781882362185,0.999015449424059
"Gene2564",0.388670067673783,0.345186914601729
"Gene2565",0.0326691277261691,0.950139317283081
"Gene2566",0.194389226847606,0.752523077023808
"Gene2567",0.221959849161323,0.771937013896336
"Gene2568",-0.361446823907527,0.318759387557485
"Gene2569",0.335518900540555,0.716357231903871
"Gene2570",-0.349671542513491,0.674454156189443
"Gene2571",-0.438444217962706,0.625007653706869
"Gene2572",0.368316288815957,0.491725089700497
"Gene2573",-0.136030304645014,0.802670992792212
"Gene2574",0.131318044304982,0.761688818991901
"Gene2575",0.343545462557048,0.710200558312092
"Gene2576",0.0230647103424251,0.962426235474908
"Gene2577",-0.568880937733993,0.118316885823598
"Gene2578",1.60096927915539,2.68005525664332e-05
"Gene2579",0.288600032556371,0.751037789183074
"Gene2580",0.34168363897574,0.359967950766622
"Gene2581",-0.103728028766943,0.901050707797218
"Gene2582",-0.000619707291326898,0.999356286952722
"Gene2583",-0.0206504344698361,0.971735835938819
"Gene2584",0.320806132105657,0.583007832174585
"Gene2585",-0.0316405385177383,0.973131001670356
"Gene2586",0.0410795728918446,0.931806721784553
"Gene2587",0.195981450052266,0.776442000154902
"Gene2588",-0.316999011095703,0.735453995823105
"Gene2589",-0.132556693353262,0.848680870055676
"Gene2590",-0.381857741433864,0.600770068439352
"Gene2591",-0.0879553386957785,0.914559447518731
"Gene2592",-0.341818918245763,0.692424964710979
"Gene2593",-0.994249108242927,0.00801010812178192
"Gene2594",0.394086638039301,0.656880663660124
"Gene2595",0.422016251858566,0.362155351267731
"Gene2596",-0.135381288460259,0.816186896478731
"Gene2597",1.59091166964258,0.0138921044621555
"Gene2598",-0.149021139244844,0.794524360411367
"Gene2599",0.614380871784654,0.422622065600984
"Gene2600",-0.192821783918478,0.807144655972595
"Gene2601",0.344827363158696,0.519328569877993
"Gene2602",-0.038691877062912,0.966937368756964
"Gene2603",0.0434612175807268,0.930176070166218
"Gene2604",-0.203580681205606,0.810934610237774
"Gene2605",-0.452806132475749,0.438402013322454
"Gene2606",-0.0182282113283249,0.983756609227544
"Gene2607",-0.657954065036169,0.357150588389496
"Gene2608",0.0184513152176273,0.979397558396713
"Gene2609",0.142954475290294,0.871904653209688
"Gene2610",1.6233196805795,0.0825904417134014
"Gene2611",-0.198746171884556,0.792583261972623
"Gene2612",0.00403772971637029,0.99203923211918
"Gene2613",0.391455650556246,0.631744390041111
"Gene2614",-0.0551666562674157,0.933438711294074
"Gene2615",-0.120656891979551,0.870725424905267
"Gene2616",-0.08162595758228,0.882775715496437
"Gene2617",-0.0609043749135076,0.90769359218911
"Gene2618",0.234293836998199,0.775150065451087
"Gene2619",0.187542630975448,0.729318123700285
"Gene2620",-0.130171716938558,0.839708677999361
"Gene2621",-0.326222036770325,0.448570176996621
"Gene2622",-0.166604665880286,0.822335807795331
"Gene2623",-0.629368687651205,0.442967878567583
"Gene2624",2.28475643514543,0.0114080548736594
"Gene2625",1.77762920764425,0.000432340848634744
"Gene2626",0.145649477924343,0.82480274280473
"Gene2627",-0.269261876508035,0.75562468484326
"Gene2628",0.148561542112078,0.736124230215011
"Gene2629",1.05612783166027,0.150677744298302
"Gene2630",-1.62067931894047,0.055198074417426
"Gene2631",-0.198945865981531,0.831212873747226
"Gene2632",0.228784071946424,0.614213607218118
"Gene2633",0.0865533493354909,0.911191371224515
"Gene2634",-0.149293870942239,0.71996195892481
"Gene2635",0.176351817170528,0.768844552341661
"Gene2636",0.0475468482652268,0.927253774029037
"Gene2637",0.271142989166934,0.62497168896251
"Gene2638",0.444081500525983,0.325152806368918
"Gene2639",-2.60347994971238,0.000123798556930172
"Gene2640",-0.0440923014086627,0.957548035719124
"Gene2641",0.337784675329287,0.696224543586608
"Gene2642",0.338285528291418,0.538040642957114
"Gene2643",-0.272192736827069,0.679777764940277
"Gene2644",-0.199003181627618,0.728370505696523
"Gene2645",0.322191555775414,0.598583300243369
"Gene2646",0.162183443236584,0.838441783684007
"Gene2647",-0.240080482312193,0.500862071269648
"Gene2648",0.316526266718106,0.402558523864366
"Gene2649",0.0957073380618842,0.867368416051832
"Gene2650",0.501548945115822,0.500746397039414
"Gene2651",-0.0166388664669888,0.980121716025945
"Gene2652",-0.523867249466269,0.456381123468262
"Gene2653",0.141377992115798,0.863372328313265
"Gene2654",0.404042238170582,0.535922434606511
"Gene2655",-0.265816471983177,0.706588066418919
"Gene2656",-0.37688952012683,0.666049580780342
"Gene2657",0.124076717119453,0.888470324603099
"Gene2658",-0.144482706116767,0.874358945810242
"Gene2659",0.050453539702613,0.953177280869268
"Gene2660",-0.164636329694768,0.844034829537035
"Gene2661",-0.489846014121045,0.562031010961419
"Gene2662",-2.22311435227445,0.0134656098810302
"Gene2663",0.0720714189091173,0.926759952559022
"Gene2664",0.221007104617237,0.805204111090355
"Gene2665",0.404673191903814,0.622277871233621
"Gene2666",0.199583507452836,0.680570705844858
"Gene2667",-2.48704340021617,9.88579171594902e-12
"Gene2668",-1.08701753074633,0.060669968079606
"Gene2669",0.214133050487394,0.812380355832661
"Gene2670",0.737714853805924,0.388361212949727
"Gene2671",0.0648811565239158,0.941069428252447
"Gene2672",-0.283771006977808,0.715654838815186
"Gene2673",0.271145291648172,0.767484319577337
"Gene2674",0.432228832054194,0.453566752388794
"Gene2675",0.456574233281594,0.472286173923284
"Gene2676",0.143420556299029,0.859274667432617
"Gene2677",-0.0976173465656693,0.903765908201972
"Gene2678",0.109223876267808,0.832253694057972
"Gene2679",-0.223310546685509,0.533186060429997
"Gene2680",0.536424841594914,0.248476312080799
"Gene2681",0.178919275589307,0.784706655314164
"Gene2682",0.394851614482561,0.484086964714519
"Gene2683",0.432790750566977,0.265298850845958
"Gene2684",-0.0371346081482031,0.961369952267278
"Gene2685",0.225703105789472,0.801270058943833
"Gene2686",0.0294762054281166,0.962066158472601
"Gene2687",-0.0928639586794928,0.914298433309494
"Gene2688",-0.834954285363941,0.297322007877154
"Gene2689",-0.973180678768327,0.0903999717381126
"Gene2690",-0.440323704665453,0.538368695090348
"Gene2691",2.65750029287294,0.00128809563677699
"Gene2692",-0.566720303129152,0.330189153556741
"Gene2693",-0.266848327587112,0.529591221637614
"Gene2694",0.337191617973136,0.508949744839402
"Gene2695",1.34438152232253,0.0425147841994706
"Gene2696",0.104078442486786,0.882480447678345
"Gene2697",-0.256338068821439,0.771313478615178
"Gene2698",0.428695742584838,0.43342963518181
"Gene2699",-0.445159928021277,0.452506991996868
"Gene2700",-0.00443369512925541,0.990646707268606
"Gene2701",0.272765195945305,0.669147857970139
"Gene2702",-0.312421695908617,0.695762861930261
"Gene2703",0.147091748769642,0.81132886515488
"Gene2704",-0.322393680227715,0.609447394358777
"Gene2705",0.042021753969177,0.957516311899812
"Gene2706",-0.371221987677921,0.480303177980906
"Gene2707",0.309045261010389,0.490442959497421
"Gene2708",-0.267944553485797,0.68124946719331
"Gene2709",0.47007468070858,0.312369579068214
"Gene2710",-0.206790883500957,0.703206444062392
"Gene2711",-0.173534626485996,0.63709317400435
"Gene2712",-0.405650183420784,0.641787262029723
"Gene2713",0.855726724434535,0.246435859026015
"Gene2714",-0.0977600679121192,0.856675531365749
"Gene2715",-2.32622423092929,9.79143842591175e-06
"Gene2716",-0.234767148734364,0.754724855644665
"Gene2717",-0.0294605381919338,0.960484098086261
"Gene2718",0.00736089107794898,0.992151042556835
"Gene2719",0.587003381289213,0.122218073285761
"Gene2720",1.22553750685368,0.0583248259840963
"Gene2721",0.598487155914349,0.466058060242072
"Gene2722",0.421412659358598,0.637272411444904
"Gene2723",-0.302346362769893,0.404374900800987
"Gene2724",-0.361463263341024,0.419467238089768
"Gene2725",-0.0891634476144735,0.904472342045667
"Gene2726",0.463345191076002,0.599553550288689
"Gene2727",-0.267956888937041,0.767230117265411
"Gene2728",0.653476511682237,0.291334814485908
"Gene2729",-0.0244025524824147,0.94796049451098
"Gene2730",-0.131709039446898,0.859975679099468
"Gene2731",-0.0397901220225527,0.930225281217548
"Gene2732",0.101226394072834,0.782114507328624
"Gene2733",0.0703645086010791,0.922784642675898
"Gene2734",0.346220387726944,0.348033775258025
"Gene2735",0.19666368743996,0.638718014302682
"Gene2736",0.329249360621153,0.720726335187119
"Gene2737",0.0913064248800309,0.921220684319297
"Gene2738",-0.427023591905244,0.550781186534684
"Gene2739",0.22433247042844,0.586844642203991
"Gene2740",0.302576441496519,0.692565480832543
"Gene2741",-0.775118813529728,0.381123355138677
"Gene2742",-0.145150475105009,0.854667438908524
"Gene2743",0.288734637831837,0.598914429043196
"Gene2744",-0.452157247504217,0.532116617458509
"Gene2745",0.77312535849705,0.339372803774091
"Gene2746",-0.231220324444164,0.559877526639483
"Gene2747",-0.287186404719724,0.69810529347522
"Gene2748",0.567662792299099,0.333629229085794
"Gene2749",-0.151234993335953,0.853439753015726
"Gene2750",-0.282818151733207,0.696907174566033
"Gene2751",-0.33541344205443,0.350387354570543
"Gene2752",0.40406163588089,0.653479978777093
"Gene2753",0.151548038550565,0.724521181302561
"Gene2754",-0.384909685836957,0.33342994338546
"Gene2755",-0.381418512643446,0.428568334697132
"Gene2756",0.298116093772067,0.400078256255487
"Gene2757",-0.193173541058531,0.8187495894734
"Gene2758",-0.253002287629999,0.545356927482205
"Gene2759",-0.0372882479180095,0.944721286439901
"Gene2760",-0.704749908746058,0.081481834448362
"Gene2761",-0.508512550341899,0.585985264942806
"Gene2762",0.737649540971518,0.39192324706076
"Gene2763",-0.583641144597258,0.368788702731676
"Gene2764",0.0138008204122833,0.978606220937956
"Gene2765",-0.125472150822803,0.81111979466269
"Gene2766",0.48151982447915,0.207678346078065
"Gene2767",-0.258750734180774,0.781359153037482
"Gene2768",-0.205990481056422,0.767324974870407
"Gene2769",-0.0587759646740518,0.927824024756747
"Gene2770",0.0736473523572417,0.922778247931246
"Gene2771",-0.31736772004262,0.640563328897325
"Gene2772",0.299465234706624,0.641598535224711
"Gene2773",0.0869530342181723,0.900648374516647
"Gene2774",0.0119506148075863,0.988832800637331
"Gene2775",0.310835774464106,0.417902624251103
"Gene2776",0.391187477422656,0.637314920208896
"Gene2777",-0.31693303271959,0.57141294461738
"Gene2778",-0.228547068847737,0.643788621151591
"Gene2779",-0.382533469063436,0.54323514505664
"Gene2780",0.184087543451383,0.792079400465146
"Gene2781",0.539065761168457,0.275198235111475
"Gene2782",-0.398911595849572,0.387681768313771
"Gene2783",-0.0646763704923718,0.932888824420536
"Gene2784",0.166353606115685,0.856170803996408
"Gene2785",-0.587410958249933,0.344338814752853
"Gene2786",-0.193548753000232,0.697339416054411
"Gene2787",-0.412860786231562,0.377882345145802
"Gene2788",0.536794818812732,0.523808705398006
"Gene2789",0.292890126354315,0.70626175786646
"Gene2790",-0.545290357474794,0.375374562703275
"Gene2791",0.155170365504625,0.698735819584632
"Gene2792",-0.231375734749825,0.631938251392346
"Gene2793",0.379919071555207,0.410791134995645
"Gene2794",-0.285072914985009,0.656428965527951
"Gene2795",0.459520650531233,0.424038229131609
"Gene2796",0.123725210405795,0.873244357651473
"Gene2797",-0.375749544519322,0.573782647311554
"Gene2798",0.256786553879275,0.668060004808331
"Gene2799",0.240911239556709,0.644294224398823
"Gene2800",-0.905465046104886,0.195384770875104
"Gene2801",0.616269457996494,0.0989066801970381
"Gene2802",0.380122643603042,0.521315197888803
"Gene2803",0.323247082950997,0.603381481145061
"Gene2804",0.180481582062786,0.815455568924725
"Gene2805",-0.437115964999432,0.62021113304171
"Gene2806",-0.0688625859135129,0.941804758719371
"Gene2807",-0.10778236581441,0.758407680624687
"Gene2808",-0.460384039065603,0.573419373703186
"Gene2809",-1.32767742985633,0.0967681731533876
"Gene2810",-0.394944067667011,0.509046446098522
"Gene2811",-1.7158626724885,0.0466998624993421
"Gene2812",0.698267444357812,0.182907647682748
"Gene2813",-0.729936549355828,0.29696662668066
"Gene2814",-0.505038232384518,0.570711893229731
"Gene2815",0.349116249030674,0.588578760998472
"Gene2816",0.241753584785052,0.758144552614686
"Gene2817",-3.06578053495923,0.000675364972462363
"Gene2818",-0.21840166071972,0.763100274567185
"Gene2819",-1.22786781475751,0.0634502218552786
"Gene2820",0.523956251037078,0.316562165002343
"Gene2821",0.0895488211856623,0.798895520743063
"Gene2822",-0.231867533975454,0.803370328698807
"Gene2823",0.53922482060758,0.506781657782257
"Gene2824",0.613118394208436,0.400911195590326
"Gene2825",-2.65931298225656,0.00270473237303868
"Gene2826",-0.220823447006797,0.675761834539659
"Gene2827",-0.454544728419607,0.584665130609386
"Gene2828",-0.0110557409519372,0.979705356637811
"Gene2829",-0.197351070561066,0.796504252366592
"Gene2830",-0.896144525590082,0.295737559615566
"Gene2831",-0.169198653566762,0.823125687940827
"Gene2832",0.364308881450574,0.638662590670865
"Gene2833",0.669220406659488,0.364212617631631
"Gene2834",0.673872203929083,0.468281142150491
"Gene2835",0.266862924765501,0.731028799669689
"Gene2836",-0.30562838607555,0.726056817933067
"Gene2837",-0.0101754735570844,0.990934392263176
"Gene2838",-0.19140811291836,0.630021555646992
"Gene2839",-0.236924789857294,0.57334521817632
"Gene2840",-0.131297684102327,0.872590788345388
"Gene2841",0.615219630451904,0.342920371209499
"Gene2842",0.561104399127411,0.22231020491691
"Gene2843",0.658481915207179,0.382149430241734
"Gene2844",0.0350090207412821,0.959308950776231
"Gene2845",-0.036296591269396,0.96522178739158
"Gene2846",-0.663569579716975,0.219469867169158
"Gene2847",0.053372115697684,0.895275881595585
"Gene2848",-0.0531522386801176,0.932682874437745
"Gene2849",-0.348628887643807,0.490977034493236
"Gene2850",0.182249117726108,0.79929440089791
"Gene2851",0.897313895918172,0.0108812032205668
"Gene2852",-0.473087559046847,0.571246764941885
"Gene2853",-0.307338982446685,0.665369758569904
"Gene2854",-0.240485667522999,0.752221592993661
"Gene2855",-0.127068406206969,0.825399658466315
"Gene2856",-0.197161094193758,0.729392855592387
"Gene2857",-0.383695442046333,0.442150065295534
"Gene2858",-0.566036283778847,0.273208944398138
"Gene2859",0.156656985176691,0.799324852304566
"Gene2860",-2.11253338158263,0.00519258523715766
"Gene2861",-1.37950958734052,0.118309000786882
"Gene2862",-0.236853313991527,0.79685150767576
"Gene2863",0.0323679060955857,0.971317110225863
"Gene2864",0.365404512938289,0.68244032543594
"Gene2865",-0.576097783105231,0.306817852121862
"Gene2866",0.711981498648883,0.303451641276216
"Gene2867",-0.60462212954715,0.149395257141986
"Gene2868",-1.00874400288627,0.0416133922162991
"Gene2869",0.044813772729151,0.918117433675651
"Gene2870",0.00693488415032424,0.993376424792499
"Gene2871",-0.603310986365477,0.470106156018478
"Gene2872",-0.4431695649955,0.354548395893144
"Gene2873",-0.0958200151175143,0.825725193733691
"Gene2874",-1.979104600583,0.010742089620857
"Gene2875",-1.63407904918819,0.0249697922827594
"Gene2876",0.390945244416232,0.591105908969142
"Gene2877",0.252483293672103,0.7713253836972
"Gene2878",-0.570636307347125,0.22874976417476
"Gene2879",-0.309152625343348,0.6944876635744
"Gene2880",0.194035517429361,0.653891059500732
"Gene2881",0.0643488720979012,0.910310871204877
"Gene2882",0.0646127985127701,0.906133441835169
"Gene2883",-0.035701538336505,0.9569494479057
"Gene2884",0.510573452195549,0.39979155094358
"Gene2885",-0.164641470956129,0.854660511588768
"Gene2886",0.637340319947943,0.481200879016176
"Gene2887",0.156227584057042,0.827860329731942
"Gene2888",0.100708510396588,0.881841752945536
"Gene2889",-0.394295968309351,0.311459587937066
"Gene2890",-0.11961385332075,0.841200252050614
"Gene2891",0.872115176995276,0.351825766893968
"Gene2892",-0.167826371483245,0.719953041268681
"Gene2893",-0.0724143617736657,0.898954102256319
"Gene2894",-0.503576669379368,0.5616537474325
"Gene2895",-0.212441741104706,0.651563415452942
"Gene2896",-0.472898854821059,0.495079775688643
"Gene2897",0.365572477858371,0.547392257681449
"Gene2898",0.448038285897793,0.375046336532481
"Gene2899",2.1719201096843,0.00539290281501081
"Gene2900",0.387619538121265,0.591036129537582
"Gene2901",-0.439417022094742,0.635401130873633
"Gene2902",0.635367133364184,0.163477642680355
"Gene2903",0.114395795127359,0.875860120989373
"Gene2904",-0.247763463233744,0.651056537145638
"Gene2905",0.192710522778153,0.809781577143604
"Gene2906",0.641214757101577,0.254616517076231
"Gene2907",0.0866259494687941,0.812457875749546
"Gene2908",-0.341283636730943,0.47157533195493
"Gene2909",-0.431222527953871,0.47502258372069
"Gene2910",1.19628270472657,0.0212110173280411
"Gene2911",-0.655070227612163,0.353828909630767
"Gene2912",-0.278335925593863,0.745301670238172
"Gene2913",0.421232068166622,0.650272603229468
"Gene2914",0.169717376940038,0.798798087727689
"Gene2915",-0.0157846050382233,0.97733326547859
"Gene2916",0.183053541309031,0.617048445874446
"Gene2917",0.376922186871672,0.565211778881829
"Gene2918",-0.0423050572771564,0.931399306421151
"Gene2919",0.0466797958771308,0.954124431894604
"Gene2920",0.805489867592428,0.271218053730244
"Gene2921",0.600569958351117,0.372345367371949
"Gene2922",-0.0686946835424974,0.927209626643052
"Gene2923",0.373305788987714,0.670784105264622
"Gene2924",-0.323688499470541,0.406875360381354
"Gene2925",0.0686502299482041,0.92518287758406
"Gene2926",0.119424471516482,0.856625921832797
"Gene2927",0.399818142009562,0.64439430850337
"Gene2928",0.490907911071318,0.328128038572691
"Gene2929",0.131235485815156,0.763334766963508
"Gene2930",0.633608768382823,0.264194235853169
"Gene2931",0.125893054667935,0.869705449801772
"Gene2932",0.280982749092651,0.547186160677083
"Gene2933",0.13667868294277,0.875036399672455
"Gene2934",0.419375356573748,0.597782710340168
"Gene2935",0.974001448240324,0.241228555828757
"Gene2936",0.344494148665717,0.485098196936995
"Gene2937",0.94911652276317,0.153780201183112
"Gene2938",-0.35967327655382,0.518316797331541
"Gene2939",0.158961039797084,0.852438426343772
"Gene2940",-0.133336301260245,0.845659244728825
"Gene2941",-0.531148099774497,0.53866059923279
"Gene2942",-0.127786486400642,0.891872113651303
"Gene2943",-1.29511764256278,0.0470917271693459
"Gene2944",0.0322162241176932,0.959153696725798
"Gene2945",0.29662848838523,0.476495992475746
"Gene2946",0.0479394552225392,0.90284367539741
"Gene2947",-0.180878771685652,0.848037092819834
"Gene2948",0.397181702522138,0.617628640046854
"Gene2949",-0.655573520388089,0.437216593402941
"Gene2950",0.737180740353459,0.378041682496298
"Gene2951",-0.244943881960662,0.728058793748744
"Gene2952",-0.10561716463544,0.900969665512197
"Gene2953",0.207082757773356,0.773939855188174
"Gene2954",-1.09038680959095,0.0244804727295158
"Gene2955",-0.233431338882141,0.617474187111606
"Gene2956",-0.109616637679886,0.830237839585308
"Gene2957",-0.733736333318845,0.279397427754121
"Gene2958",0.116974289647884,0.804340253941936
"Gene2959",-0.524889084143174,0.397533358517863
"Gene2960",0.0671699648886227,0.866052643907795
"Gene2961",-0.231955445267481,0.758415817704079
"Gene2962",0.315411535906039,0.673671247531698
"Gene2963",0.104388191361029,0.907772619822824
"Gene2964",0.099102789833676,0.887952493964352
"Gene2965",-0.299520335945818,0.697959490925057
"Gene2966",0.188319323773682,0.706433590066478
"Gene2967",-0.314893999559265,0.430185163980269
"Gene2968",0.323059414283204,0.717636533973054
"Gene2969",-0.27298684116933,0.739909924996953
"Gene2970",-0.136213814326659,0.811955763826554
"Gene2971",0.122973744217054,0.895188894498926
"Gene2972",-0.203377397652699,0.648464346465045
"Gene2973",0.34563798166241,0.638213441441641
"Gene2974",-0.489102205740092,0.234169005361858
"Gene2975",-0.270426910875681,0.767588803139849
"Gene2976",0.103614427349626,0.808976125031981
"Gene2977",0.0934028951529961,0.847913968255625
"Gene2978",0.186615249718217,0.796292525988092
"Gene2979",-0.0192443166865845,0.973066930149941
"Gene2980",-0.172113354101898,0.681639589326529
"Gene2981",0.155043188513146,0.821020602504416
"Gene2982",-0.118796003510529,0.89567104059708
"Gene2983",0.980064441786464,0.255353165576542
"Gene2984",-0.845503489964861,0.253423770379914
"Gene2985",-0.182620469818131,0.790696247108508
"Gene2986",-0.701129435880672,0.413465585453677
"Gene2987",-0.234425561429219,0.608755136859842
"Gene2988",-0.0361383296054089,0.96720820518149
"Gene2989",-0.106576213641673,0.779651420904471
"Gene2990",-0.103711387649056,0.806215030410796
"Gene2991",-0.174499422355178,0.790217011772373
"Gene2992",-0.167321510668114,0.754733955866026
"Gene2993",0.248875167523108,0.782164168568127
"Gene2994",1.75080761371906,0.00190546617825807
"Gene2995",-0.25450758980109,0.775487956894525
"Gene2996",0.526476068097231,0.373031156729386
"Gene2997",0.335906631991767,0.695804973559904
"Gene2998",-1.06887511328836,0.177495701117628
"Gene2999",0.174463878039884,0.837751842675599
"Gene3000",0.212063741388985,0.803973715265876
